thread_id,core_id,task_id,func_id,core_type,pmu_total_cycles,pmu_idc_aic_vec_busy_o,cube_instr_busy,scalar_instr_busy,mte1_instr_busy,mte2_instr_busy,mte3_instr_busy,icache_req,icache_miss,pmu_fix_instr_busy,event_type
0,0,0x0000000100000008,2,0,27576,0,23996,1266,9215,21734,0,285,16,345,2
0,0,0x0000000100000015,10,0,94690,0,34272,3044,55253,92110,0,1262,15,5307,2
0,0,0x0000000100000015,10,0,88066,0,34272,2772,55477,86147,0,1241,0,5089,2
0,0,0x0000000100000024,25,0,48132,0,14688,2176,21541,45774,0,703,18,1432,2
0,0,0x000000010000002c,36,0,4347,0,242,1078,270,1713,0,59,9,849,2
0,0,0x0000000100000017,12,0,298122,0,117504,3913,172895,293919,0,2651,17,16219,2
0,0,0x0000000100000036,48,0,41365,0,20832,2262,17915,16648,0,699,35,19758,2
0,0,0x0000000100000036,48,0,40514,0,20832,1912,17994,17340,0,644,0,19760,2
0,0,0x0000000100000036,48,0,39592,0,20832,1915,18067,17148,0,611,0,19342,2
0,0,0x0000000100000036,48,0,40153,0,20832,1702,17918,17708,0,611,0,19509,2
0,0,0x0000000200000081,52,0,35940,0,19232,2290,12362,29147,0,188,9,1249,2
0,0,0x000000020000006b,52,0,37795,0,19232,1414,11910,32625,0,180,0,905,2
0,0,0x0000000200000041,52,0,38843,0,19232,3250,11990,33108,0,170,0,895,2
0,0,0x000000020000002c,52,0,40479,0,19232,1493,12193,35514,0,170,0,928,2
0,0,0x0000000200000012,52,0,37505,0,19232,1844,11767,32539,0,170,0,861,2
0,0,0x0000000200000130,54,0,37921,0,17808,1265,8657,30016,0,159,9,7269,2
0,0,0x000000020000012d,54,0,41485,0,17808,1781,8854,33017,0,149,0,5793,2
0,0,0x00000002000000db,54,0,35494,0,17808,1012,8693,27650,0,141,0,5835,2
0,28,0x0000000100000007,1,1,10516,1906,0,1480,0,0,6216,145,9,0,2
0,28,0x0000000100000013,8,1,43132,1881,0,40260,0,183,615,6837,44,0,2
0,28,0x000000010000000a,3,1,3904,916,0,1231,0,668,551,77,9,0,2
0,28,0x000000010000000c,5,1,6013,2690,0,1171,0,3044,1372,281,18,0,2
0,28,0x000000010000000c,5,1,4676,2580,0,1020,0,2889,1387,276,0,0,2
0,28,0x000000010000002a,34,1,12673,3792,0,5848,0,5400,110,994,22,0,2
0,28,0x000000010000002a,34,1,17415,4675,0,4382,0,10582,317,1323,0,0,2
0,28,0x000000010000001f,20,1,15935,3441,0,4682,0,9482,356,1005,26,0,2
0,28,0x000000010000002e,38,1,3334,277,0,1437,0,329,632,79,10,0,2
0,28,0x000000010000001f,20,1,27900,5113,0,4577,0,20618,304,1209,0,0,2
0,28,0x0000000100000024,26,1,48924,3832,0,1179,0,2140,3600,230,11,0,2
0,28,0x000000010000002e,38,1,2622,162,0,1010,0,726,642,80,5,0,2
0,28,0x0000000100000022,23,1,55273,3812,0,1910,0,28148,19736,528,11,0,2
0,28,0x0000000100000022,23,1,51590,3790,0,2047,0,28731,15876,511,0,0,2
0,28,0x000000010000002e,38,1,2644,162,0,801,0,1124,599,69,0,0,2
0,28,0x0000000100000021,22,1,20332,864,0,2044,0,11019,5434,400,9,0,2
0,28,0x000000010000002e,38,1,1903,162,0,786,0,742,258,66,0,0,2
0,28,0x000000010000002e,38,1,2607,162,0,768,0,1121,601,65,0,0,2
0,28,0x000000010000002e,38,1,1891,162,0,766,0,750,258,62,0,0,2
0,28,0x000000010000002e,38,1,2674,162,0,761,0,1144,652,62,0,0,2
0,28,0x0000000100000025,27,1,316157,5254,0,310867,0,1854,688,51194,32,0,2
0,28,0x000000010000002e,38,1,1538,153,0,775,0,338,272,63,0,0,2
0,28,0x0000000100000025,27,1,314485,4850,0,310654,0,1887,786,51080,0,0,2
0,28,0x000000010000002e,38,1,1675,153,0,761,0,336,425,62,0,0,2
0,28,0x0000000100000018,13,1,1325233,96430,0,1223507,0,37897,41512,201193,50,0,2
0,28,0x0000000100000036,49,1,39184,19492,0,2324,0,1421,8502,971,15,0,2
0,28,0x0000000100000036,49,1,38720,19470,0,2162,0,2059,7909,834,0,0,2
0,28,0x0000000100000036,49,1,37436,19470,0,2106,0,1898,7629,763,0,0,2
0,28,0x0000000100000036,49,1,38386,19492,0,2119,0,1533,7827,753,0,0,2
0,28,0x0000000100000037,50,1,91787,20566,0,5252,0,27096,48707,2116,23,0,2
0,28,0x0000000100000037,50,1,85234,20510,0,5025,0,25443,46639,2025,0,0,2
0,28,0x0000000100000037,50,1,83638,20472,0,4999,0,23059,46723,2009,0,0,2
0,28,0x0000000100000038,51,1,632227,19528,0,624263,0,5122,3464,105281,29,0,2
0,28,0x00000002000000c7,53,1,22936,8510,0,2358,0,8549,3894,798,17,0,2
0,28,0x00000002000000b1,53,1,22471,8196,0,2163,0,9144,4130,683,0,0,2
0,28,0x00000002000000bb,53,1,21722,8196,0,2224,0,8805,3707,644,0,0,2
0,28,0x0000000100000039,55,1,66767,20579,0,1900,0,44353,945,483,13,0,2
0,28,0x0000000200000138,56,1,19168,7858,0,3499,0,13526,2742,230,18,0,2
0,28,0x0000000200000138,56,1,16015,7801,0,1930,0,11277,2398,209,0,0,2
0,29,0x000000010000000f,7,1,16200,0,0,2908,0,8379,4252,190,21,0,2
0,29,0x0000000100000013,8,1,42462,1968,0,40280,0,197,584,6853,44,0,2
0,29,0x000000010000000a,3,1,3767,892,0,1057,0,713,515,77,9,0,2
0,29,0x000000010000000c,5,1,6220,2696,0,1320,0,2958,1395,279,18,0,2
0,29,0x000000010000000c,5,1,4870,2591,0,1612,0,3089,1357,267,0,0,2
0,29,0x000000010000002a,34,1,12901,3618,0,6060,0,5630,111,974,22,0,2
0,29,0x000000010000002a,34,1,18603,4675,0,4544,0,11742,318,1334,0,0,2
0,29,0x000000010000001f,20,1,17229,3415,0,4645,0,10658,343,993,26,0,2
0,29,0x000000010000002e,38,1,3246,276,0,1430,0,327,631,79,10,0,2
0,29,0x000000010000001f,20,1,28081,5113,0,4434,0,20980,296,1192,0,0,2
0,29,0x000000010000002e,38,1,1667,153,0,802,0,361,293,66,0,0,2
0,29,0x000000010000002e,38,1,2867,153,0,1668,0,324,716,66,0,0,2
0,29,0x0000000100000022,23,1,55237,3795,0,1968,0,26664,21095,527,11,0,2
0,29,0x0000000100000022,23,1,48761,3790,0,2654,0,24398,16927,511,0,0,2
0,29,0x000000010000002e,38,1,2383,162,0,843,0,772,651,66,0,0,2
0,29,0x0000000100000025,27,1,316178,5257,0,311087,0,2332,737,51231,32,0,2
0,29,0x0000000100000025,27,1,314557,4850,0,310748,0,1978,752,51090,0,0,2
0,29,0x0000000100000018,13,1,1329869,96817,0,1223459,0,38808,42775,200820,50,0,2
0,29,0x0000000100000037,50,1,99364,20549,0,5236,0,38103,47529,2095,24,0,2
0,29,0x0000000100000037,50,1,88188,20531,0,5836,0,26601,47170,2025,0,0,2
0,29,0x0000000100000038,51,1,632256,19528,0,624355,0,4661,3583,105278,30,0,2
0,29,0x00000002000000b7,53,1,23379,8475,0,2686,0,8808,3915,841,18,0,2
0,29,0x00000002000000ab,53,1,21339,8196,0,2186,0,8706,3429,670,0,0,2
0,29,0x0000000100000039,55,1,64133,20656,0,2172,0,41462,791,477,13,0,2
0,29,0x0000000200000138,56,1,18866,7850,0,3291,0,13645,2451,237,18,0,2
0,29,0x0000000200000138,56,1,15544,7801,0,2068,0,11425,2273,216,0,0,2
0,4,0x0000000100000008,2,0,27072,0,23996,1406,8918,21710,0,293,17,475,2
0,4,0x0000000100000015,10,0,95182,0,34272,3224,54888,92293,0,1274,15,5042,2
0,4,0x000000010000001a,15,0,52033,0,17136,2791,26589,48588,0,820,27,2948,2
0,4,0x0000000100000024,25,0,47907,0,14688,1787,21268,45853,0,710,18,1432,2
0,4,0x0000000100000024,25,0,44942,0,14688,1521,21922,43514,0,687,0,1432,2
0,4,0x0000000100000017,12,0,277270,0,117504,3902,172372,273767,0,2657,17,16007,2
0,4,0x0000000100000036,48,0,41700,0,20832,2018,17927,17547,0,689,35,19735,2
0,4,0x0000000100000036,48,0,39441,0,20832,2145,18005,16196,0,644,0,19470,2
0,4,0x0000000100000036,48,0,39859,0,20832,1700,17978,17199,0,611,0,19559,2
0,4,0x0000000100000036,48,0,39622,0,20832,1675,17900,17341,0,611,0,18960,2
0,4,0x000000020000007e,52,0,35481,0,19232,1770,12336,29441,0,195,9,1166,2
0,4,0x000000020000006a,52,0,36654,0,19232,1597,12100,31882,0,187,0,960,2
0,4,0x0000000200000040,52,0,37686,0,19232,2086,12289,32103,0,170,0,886,2
0,4,0x000000020000002b,52,0,40676,0,19232,1461,12119,36032,0,170,0,894,2
0,4,0x0000000200000011,52,0,37322,0,19232,1422,11809,32612,0,170,0,949,2
0,4,0x0000000200000102,54,0,37697,0,17808,1228,8519,27652,0,164,9,7227,2
0,4,0x000000020000011e,54,0,35490,0,17808,1630,8727,27644,0,155,0,5724,2
0,4,0x000000020000011a,54,0,40534,0,17808,1080,8471,34114,0,141,0,5752,2
0,4,0x0000000200000108,54,0,34726,0,17808,1186,8680,27455,0,141,0,5790,2
0,36,0x000000010000000f,7,1,15991,0,0,2600,0,8604,3911,179,20,0,2
0,36,0x0000000100000013,8,1,42505,1919,0,40351,0,203,639,6866,42,0,2
0,36,0x000000010000000c,5,1,5669,2618,0,1106,0,3040,1510,280,18,0,2
0,36,0x000000010000000c,5,1,4794,2628,0,1243,0,3449,1352,267,0,0,2
0,36,0x000000010000002a,34,1,12917,3489,0,5829,0,6420,132,990,22,0,2
0,36,0x000000010000002a,34,1,18728,4675,0,4805,0,11554,297,1329,0,0,2
0,36,0x000000010000001f,20,1,29334,5675,0,5528,0,20751,315,1193,22,0,2
0,36,0x000000010000002e,38,1,1873,277,0,879,0,322,314,79,10,0,2
0,36,0x000000010000001f,20,1,28205,5113,0,4811,0,20804,327,1094,0,0,2
0,36,0x0000000100000024,26,1,48657,3832,0,880,0,2466,3621,227,11,0,2
0,36,0x0000000100000024,26,1,45651,3832,0,824,0,1570,3274,213,0,0,2
0,36,0x0000000100000020,21,1,149387,13388,0,117566,0,15313,2940,21611,78,0,2
0,36,0x000000010000002e,38,1,2284,258,0,1054,0,362,625,79,10,0,2
0,36,0x0000000100000025,27,1,315559,5254,0,310943,0,2093,754,51186,34,0,2
0,36,0x0000000100000025,27,1,314501,4871,0,310680,0,2064,751,51079,0,0,2
0,36,0x0000000100000018,13,1,1330467,96580,0,1223539,0,40850,43750,201108,49,0,2
0,36,0x0000000100000036,49,1,39729,19550,0,2314,0,544,8827,966,16,0,2
0,36,0x0000000100000036,49,1,37677,19495,0,2158,0,1810,8157,839,0,0,2
0,36,0x0000000100000036,49,1,38005,19492,0,2347,0,1887,8686,764,0,0,2
0,36,0x0000000100000036,49,1,37748,19492,0,2120,0,2035,7806,753,0,0,2
0,36,0x0000000100000037,50,1,102974,20562,0,5249,0,39999,47407,2119,23,0,2
0,36,0x0000000100000037,50,1,90341,20490,0,5097,0,29712,46954,2026,0,0,2
0,36,0x0000000100000038,51,1,632301,19526,0,624430,0,5558,3555,105229,29,0,2
0,36,0x00000002000000a7,53,1,23479,8672,0,2714,0,9462,3670,829,17,0,2
0,36,0x000000020000009b,53,1,21691,8196,0,2206,0,8922,3540,684,0,0,2
0,36,0x0000000100000039,55,1,62367,20563,0,2143,0,40464,820,470,13,0,2
0,36,0x0000000200000138,56,1,18816,8004,0,2921,0,13291,2821,230,17,0,2
0,36,0x0000000200000138,56,1,15168,7787,0,1530,0,10667,2151,210,0,0,2
0,37,0x000000010000000f,7,1,15919,0,0,2628,0,8172,4280,195,22,0,2
0,37,0x0000000100000013,8,1,42581,1880,0,40377,0,329,638,6884,42,0,2
0,37,0x000000010000000c,5,1,5585,2600,0,1070,0,3045,1508,280,18,0,2
0,37,0x000000010000000c,5,1,5286,2670,0,1491,0,3480,1382,267,0,0,2
0,37,0x000000010000002a,34,1,12782,3449,0,5792,0,6239,132,988,22,0,2
0,37,0x000000010000002a,34,1,18180,4675,0,5473,0,10457,155,1328,0,0,2
0,37,0x000000010000001f,20,1,28166,5691,0,5654,0,19644,352,1197,22,0,2
0,37,0x000000010000002e,38,1,2089,256,0,1110,0,323,315,78,9,0,2
0,37,0x000000010000001f,20,1,27848,5113,0,4771,0,20529,309,1099,0,0,2
0,37,0x000000010000002e,38,1,2365,153,0,1207,0,351,668,66,0,0,2
0,37,0x000000010000002e,38,1,1732,153,0,889,0,372,318,66,0,0,2
0,37,0x0000000100000022,23,1,47860,3790,0,2848,0,22052,17975,527,11,0,2
0,37,0x0000000100000022,23,1,48332,3790,0,1796,0,24883,16912,511,0,0,2
0,37,0x000000010000002e,38,1,2209,153,0,1106,0,335,633,63,0,0,2
0,37,0x000000010000002e,38,1,2715,162,0,865,0,1133,600,65,0,0,2
0,37,0x0000000100000025,27,1,315853,5277,0,311183,0,1922,755,51213,32,0,2
0,37,0x0000000100000025,27,1,314507,4876,0,310695,0,2320,709,51081,0,0,2
0,37,0x0000000100000025,27,1,314684,4872,0,310843,0,1951,727,51054,0,0,2
0,37,0x000000010000002e,38,1,2388,189,0,852,0,755,663,68,0,0,2
0,37,0x000000010000002e,38,1,2542,162,0,1075,0,745,605,62,0,0,2
0,37,0x000000010000002e,38,1,1709,153,0,844,0,317,421,62,0,0,2
0,37,0x000000010000002e,38,1,3064,162,0,1057,0,1223,667,62,0,0,2
0,37,0x0000000100000031,43,1,218966,72930,0,198903,0,11551,8137,66309,12,0,2
0,37,0x0000000100000032,44,1,17448,302,0,16066,0,0,839,7834,9,0,2
0,37,0x0000000100000034,46,1,45908,9011,0,11523,0,23690,5477,2916,10,0,2
0,37,0x0000000100000034,46,1,35735,7600,0,13875,0,14639,5279,3825,0,0,2
0,37,0x0000000100000034,46,1,20020,4240,0,13387,0,0,5190,3259,0,0,2
0,37,0x0000000100000037,50,1,102877,20524,0,5457,0,39984,48561,2071,23,0,2
0,37,0x0000000100000037,50,1,85179,20476,0,5275,0,23877,47306,2009,0,0,2
0,37,0x0000000100000038,51,1,632627,19526,0,624693,0,4923,3442,105289,31,0,2
0,37,0x0000000200000097,53,1,23444,8788,0,2386,0,9632,3486,801,17,0,2
0,37,0x000000020000008b,53,1,22461,8196,0,2471,0,9168,3837,677,0,0,2
0,37,0x0000000100000039,55,1,66797,20560,0,1840,0,44985,839,476,13,0,2
0,37,0x0000000200000138,56,1,19026,7864,0,3487,0,13599,2714,235,18,0,2
0,37,0x0000000200000138,56,1,17279,7764,0,2375,0,12407,1983,214,0,0,2
0,8,0x0000000100000008,2,0,26948,0,23996,1084,8720,21437,0,286,17,481,2
0,8,0x0000000100000015,10,0,96346,0,34272,3504,55616,92806,0,1266,16,5278,2
0,8,0x000000010000001a,15,0,52301,0,17136,2776,27189,49020,0,821,27,2951,2
0,8,0x0000000100000015,10,0,88096,0,34272,2710,55192,86490,0,1236,0,3028,2
0,8,0x0000000100000024,25,0,47509,0,14688,1705,21332,45724,0,702,17,1432,2
0,8,0x0000000100000024,25,0,42935,0,14688,1689,22120,41572,0,693,0,1432,2
0,8,0x0000000100000017,12,0,278206,0,117504,3915,172986,274407,0,2669,17,16512,2
0,8,0x0000000100000026,28,0,42944,0,1736,1329,1176,5295,0,128,18,2936,2
0,8,0x0000000100000026,28,0,40340,0,1736,729,1164,3874,0,111,0,2936,2
0,8,0x0000000100000026,28,0,40712,0,1736,699,1164,3893,0,110,0,2936,2
0,8,0x0000000100000036,48,0,40664,0,20832,1819,17866,16443,0,692,36,19529,2
0,8,0x0000000100000036,48,0,39594,0,20832,1884,17927,16524,0,644,0,19610,2
0,8,0x0000000100000036,48,0,39582,0,20832,1892,17921,16412,0,611,0,19227,2
0,8,0x0000000100000036,48,0,40058,0,20832,1945,17958,17456,0,611,0,19803,2
0,8,0x000000020000007d,52,0,35440,0,19232,1758,11924,29186,0,195,9,1240,2
0,8,0x0000000200000069,52,0,35836,0,19232,2060,12234,29264,0,179,0,899,2
0,8,0x000000020000003f,52,0,40287,0,19232,1495,11510,36015,0,169,0,888,2
0,8,0x000000020000002a,52,0,40023,0,19232,1638,12086,35026,0,169,0,947,2
0,8,0x0000000200000010,52,0,36340,0,19232,2132,12170,31041,0,169,0,864,2
0,8,0x00000002000000e3,54,0,37764,0,17808,1167,8500,27913,0,158,9,7219,2
0,8,0x000000020000010e,54,0,36459,0,17808,1283,8681,28491,0,150,0,5731,2
0,8,0x000000020000010a,54,0,41995,0,17808,1294,8613,35787,0,142,0,5750,2
0,8,0x00000002000000f8,54,0,35065,0,17808,1211,8503,27613,0,141,0,5757,2
0,44,0x000000010000000f,7,1,15473,0,0,2536,0,8966,3499,182,23,0,2
0,44,0x000000010000000c,5,1,5819,2604,0,1352,0,2991,1488,275,18,0,2
0,44,0x000000010000000c,5,1,4609,2631,0,1241,0,3067,1375,263,0,0,2
0,44,0x000000010000002a,34,1,21619,5765,0,6104,0,11852,329,1267,22,0,2
0,44,0x000000010000002a,34,1,17091,4675,0,4592,0,10007,136,1217,0,0,2
0,44,0x000000010000001f,20,1,30129,5771,0,5667,0,21206,332,1233,22,0,2
0,44,0x000000010000002e,38,1,2211,299,0,842,0,328,604,79,10,0,2
0,44,0x000000010000001f,20,1,26828,5113,0,4469,0,19709,314,1110,0,0,2
0,44,0x0000000100000024,26,1,48307,3832,0,844,0,2132,3680,227,10,0,2
0,44,0x0000000100000024,26,1,43689,3832,0,984,0,1574,3341,223,0,0,2
0,44,0x0000000100000020,21,1,149351,13893,0,117191,0,15782,2116,21665,80,0,2
0,44,0x000000010000002e,38,1,2212,218,0,1346,0,304,232,79,10,0,2
0,44,0x000000010000002e,38,1,1855,153,0,1149,0,338,250,69,0,0,2
0,44,0x0000000100000025,27,1,315905,5226,0,311202,0,1834,711,51190,32,0,2
0,44,0x0000000100000025,27,1,314614,4873,0,310817,0,2417,673,51093,0,0,2
0,44,0x0000000100000025,27,1,314768,4874,0,310883,0,1875,795,51053,0,0,2
0,44,0x0000000100000026,29,1,48385,31032,0,3830,0,2989,7634,1508,20,0,2
0,44,0x0000000100000026,29,1,46520,31032,0,3417,0,2896,7652,1271,0,0,2
0,44,0x0000000100000026,29,1,46185,31032,0,3255,0,2841,7523,1253,0,0,2
0,44,0x0000000100000032,44,1,17603,304,0,16085,0,0,945,7845,9,0,2
0,44,0x0000000100000034,46,1,23801,5425,0,11944,0,4621,5324,3566,10,0,2
0,44,0x0000000100000034,46,1,19197,4240,0,11146,0,0,5858,3259,0,0,2
0,44,0x0000000100000034,46,1,43253,8832,0,18247,0,18930,5401,3930,0,0,2
0,44,0x0000000100000036,49,1,39268,19492,0,2524,0,1352,8480,979,19,0,2
0,44,0x0000000100000036,49,1,37234,19492,0,2213,0,2139,8710,826,0,0,2
0,44,0x0000000100000036,49,1,38168,19504,0,2292,0,1733,8432,767,0,0,2
0,44,0x0000000100000036,49,1,37804,19448,0,2133,0,1349,7701,759,0,0,2
0,44,0x0000000100000037,50,1,97375,20572,0,5371,0,34862,47938,2101,23,0,2
0,44,0x0000000100000037,50,1,95024,20536,0,5098,0,34355,46741,2009,0,0,2
0,44,0x0000000100000038,51,1,632651,19530,0,624737,0,5102,3410,105247,30,0,2
0,44,0x0000000100000039,55,1,62775,20560,0,1864,0,40935,801,462,13,0,2
0,44,0x0000000200000138,56,1,18713,7977,0,3426,0,13416,2631,230,17,0,2
0,44,0x0000000200000138,56,1,17457,7794,0,2186,0,13521,2705,219,0,0,2
0,45,0x000000010000000f,7,1,15251,0,0,2624,0,8065,4121,189,22,0,2
0,45,0x000000010000000c,5,1,5803,2656,0,1354,0,3063,1436,271,18,0,2
0,45,0x000000010000000c,5,1,4737,2657,0,2321,0,3143,1357,256,0,0,2
0,45,0x000000010000002a,34,1,22125,5761,0,6012,0,12353,325,1241,22,0,2
0,45,0x000000010000002a,34,1,18780,4675,0,4683,0,11840,137,1213,0,0,2
0,45,0x000000010000001f,20,1,29474,5665,0,5468,0,20773,349,1249,28,0,2
0,45,0x000000010000002e,38,1,2080,222,0,828,0,323,605,79,10,0,2
0,45,0x000000010000001f,20,1,27139,5113,0,4456,0,20053,283,1099,0,0,2
0,45,0x000000010000002e,38,1,2145,153,0,1027,0,346,652,66,0,0,2
0,45,0x000000010000002e,38,1,2382,162,0,1058,0,554,649,71,0,0,2
0,45,0x0000000100000022,23,1,52499,3790,0,1966,0,25767,19903,529,11,0,2
0,45,0x0000000100000022,23,1,55477,3790,0,2286,0,27783,20495,515,0,0,2
0,45,0x000000010000002e,38,1,2133,162,0,1094,0,698,224,63,0,0,2
0,45,0x000000010000002e,38,1,1736,153,0,1020,0,336,250,70,0,0,2
0,45,0x0000000100000025,27,1,315547,5277,0,311000,0,1878,729,51280,32,0,2
0,45,0x0000000100000025,27,1,314704,4873,0,310911,0,2046,674,51108,0,0,2
0,45,0x0000000100000025,27,1,314522,4874,0,310660,0,2250,759,51060,0,0,2
0,45,0x000000010000002e,38,1,2572,162,0,1027,0,780,645,68,0,0,2
0,45,0x000000010000002e,38,1,2525,162,0,986,0,1132,290,62,0,0,2
0,45,0x000000010000002e,38,1,1999,153,0,1095,0,292,459,62,0,0,2
0,45,0x000000010000002e,38,1,1909,162,0,790,0,734,268,62,0,0,2
0,45,0x000000010000002e,38,1,2929,162,0,990,0,1175,647,62,0,0,2
0,45,0x0000000100000032,44,1,17240,304,0,15873,0,0,802,7838,9,0,2
0,45,0x0000000100000034,46,1,19177,4354,0,11148,0,0,5412,3291,9,0,2
0,45,0x0000000100000034,46,1,70608,13804,0,13606,0,43139,5865,3515,0,0,2
0,45,0x0000000100000037,50,1,97607,20546,0,5514,0,34673,47086,2066,23,0,2
0,45,0x0000000100000037,50,1,95780,20514,0,5060,0,34127,46604,2025,0,0,2
0,45,0x0000000100000038,51,1,632588,19523,0,624662,0,4989,3529,105257,32,0,2
0,45,0x0000000100000039,55,1,63054,20563,0,1992,0,41267,804,476,13,0,2
0,45,0x0000000200000138,56,1,18414,7801,0,3299,0,13302,2421,218,22,0,2
0,45,0x0000000200000138,56,1,17098,7787,0,2035,0,13184,2615,214,0,0,2
0,12,0x0000000100000008,2,0,27212,0,23996,1073,8916,21605,0,279,17,679,2
0,12,0x0000000100000015,10,0,95920,0,34272,3219,55042,92869,0,1268,16,4772,2
0,12,0x000000010000001a,15,0,52531,0,17136,2829,26536,49411,0,821,27,2956,2
0,12,0x0000000100000024,25,0,47551,0,14688,1773,21317,45722,0,710,18,1432,2
0,12,0x0000000100000017,12,0,276779,0,117504,4351,171395,271965,0,2681,17,16891,2
0,12,0x0000000100000017,12,0,270097,0,117504,4278,174123,266882,0,2600,0,14685,2
0,12,0x0000000100000026,28,0,42686,0,1736,1314,1135,5135,0,128,18,2936,2
0,12,0x0000000100000026,28,0,41007,0,1736,784,1100,3972,0,111,0,2936,2
0,12,0x0000000100000026,28,0,40615,0,1736,556,1132,3403,0,110,0,2936,2
0,12,0x0000000100000036,48,0,41309,0,20832,2057,17947,16860,0,700,36,19614,2
0,12,0x0000000100000036,48,0,39978,0,20832,1815,17850,17782,0,644,0,19999,2
0,12,0x0000000100000036,48,0,40182,0,20832,1914,17955,16550,0,611,0,19197,2
0,12,0x0000000100000036,48,0,40266,0,20832,1766,17986,17812,0,611,0,19132,2
0,12,0x000000020000007b,52,0,36633,0,19232,1831,12145,29377,0,203,10,1452,2
0,12,0x000000020000005c,52,0,38339,0,19232,2068,11879,33345,0,193,0,864,2
0,12,0x000000020000003e,52,0,41182,0,19232,1912,11507,35740,0,169,0,893,2
0,12,0x0000000200000029,52,0,43985,0,19232,1500,11974,39707,0,169,0,883,2
0,12,0x000000020000000f,52,0,38999,0,19232,1895,11307,33953,0,169,0,910,2
0,12,0x00000002000000f2,54,0,37774,0,17808,1225,8539,28137,0,158,9,7454,2
0,12,0x00000002000000fe,54,0,37039,0,17808,2045,8572,27852,0,150,0,5772,2
0,12,0x00000002000000fa,54,0,41899,0,17808,1079,8464,35652,0,142,0,5759,2
0,12,0x00000002000000e8,54,0,34897,0,17808,1239,8543,26986,0,141,0,5787,2
0,52,0x000000010000000f,7,1,15090,0,0,2299,0,8353,4044,184,23,0,2
0,52,0x000000010000000c,5,1,6049,2779,0,1387,0,2235,1389,275,18,0,2
0,52,0x000000010000000c,5,1,4572,2627,0,1085,0,2922,1377,263,0,0,2
0,52,0x000000010000002a,34,1,23021,5556,0,5828,0,14186,338,1254,23,0,2
0,52,0x000000010000002a,34,1,18878,4675,0,4460,0,11974,94,1199,0,0,2
0,52,0x000000010000001f,20,1,30320,5708,0,4956,0,21894,360,1226,22,0,2
0,52,0x000000010000002e,38,1,1780,339,0,833,0,324,271,79,10,0,2
0,52,0x000000010000001f,20,1,26572,5113,0,4117,0,19577,281,1102,0,0,2
0,52,0x0000000100000024,26,1,48082,3832,0,926,0,2281,3670,234,10,0,2
0,52,0x000000010000002e,38,1,3053,162,0,1005,0,1076,628,74,3,0,2
0,52,0x0000000100000022,23,1,52500,3850,0,2466,0,23924,20736,528,11,0,2
0,52,0x0000000100000022,23,1,52272,3790,0,4426,0,24289,18640,515,0,0,2
0,52,0x000000010000002e,38,1,2865,162,0,760,0,1318,670,66,0,0,2
0,52,0x000000010000002e,38,1,2910,162,0,874,0,1188,668,68,0,0,2
0,52,0x0000000100000025,27,1,315613,5304,0,310984,0,1889,697,51258,32,0,2
0,52,0x0000000100000025,27,1,314779,4872,0,310974,0,2345,744,51098,0,0,2
0,52,0x0000000100000025,27,1,314597,4892,0,310752,0,2181,754,51059,0,0,2
0,52,0x0000000100000026,29,1,48892,31032,0,3946,0,3526,7588,1505,20,0,2
0,52,0x0000000100000026,29,1,46715,31032,0,3217,0,3057,7886,1310,0,0,2
0,52,0x000000010000002e,38,1,3118,162,0,1000,0,1199,660,77,7,0,2
0,52,0x0000000100000026,29,1,46405,31032,0,3203,0,3066,7572,1287,0,0,2
0,52,0x0000000100000032,44,1,17874,438,0,16209,0,0,986,7853,10,0,2
0,52,0x0000000100000034,46,1,50496,9689,0,11930,0,27639,5189,3039,9,0,2
0,52,0x0000000100000034,46,1,98328,18732,0,19122,0,65849,5435,3911,0,0,2
0,52,0x0000000100000036,49,1,39248,19549,0,2320,0,1013,9017,980,16,0,2
0,52,0x0000000100000036,49,1,38327,19492,0,2400,0,1891,7786,812,0,0,2
0,52,0x0000000100000036,49,1,38103,19470,0,2106,0,2445,8340,765,0,0,2
0,52,0x0000000100000036,49,1,38710,19448,0,2439,0,2125,7792,757,0,0,2
0,52,0x0000000100000037,50,1,96127,20523,0,5152,0,31776,48844,2103,24,0,2
0,52,0x0000000100000037,50,1,89202,20506,0,5233,0,28864,47057,2009,0,0,2
0,52,0x0000000100000037,50,1,85997,20523,0,5000,0,25111,46365,2009,0,0,2
0,52,0x0000000100000038,51,1,632588,19597,0,624440,0,5825,3790,105263,29,0,2
0,52,0x0000000100000039,55,1,63275,20579,0,1884,0,41549,807,469,13,0,2
0,52,0x0000000200000138,56,1,18382,7819,0,3282,0,13291,2601,225,22,0,2
0,52,0x0000000200000138,56,1,16853,7773,0,1897,0,11395,2238,208,0,0,2
0,53,0x000000010000000f,7,1,15467,0,0,2293,0,8772,4033,184,21,0,2
0,53,0x000000010000000c,5,1,5637,2696,0,1393,0,2282,1591,275,18,0,2
0,53,0x000000010000000c,5,1,5271,2616,0,2192,0,2907,1382,264,0,0,2
0,53,0x000000010000002a,34,1,23085,5533,0,5071,0,14297,323,1262,22,0,2
0,53,0x000000010000002a,34,1,17644,4675,0,4359,0,10425,284,1212,0,0,2
0,53,0x000000010000001f,20,1,29280,5749,0,4925,0,20945,325,1241,23,0,2
0,53,0x000000010000002e,38,1,1652,211,0,851,0,319,270,82,10,0,2
0,53,0x000000010000002b,35,1,135018,6414,0,116372,0,12741,768,20340,77,0,2
0,53,0x000000010000002e,38,1,2132,154,0,1002,0,337,635,70,4,0,2
0,53,0x0000000100000022,23,1,56829,3841,0,2509,0,27663,21101,528,11,0,2
0,53,0x0000000100000022,23,1,52208,3790,0,1850,0,29385,15996,511,0,0,2
0,53,0x000000010000002e,38,1,3172,162,0,1217,0,1163,671,69,0,0,2
0,53,0x000000010000002e,38,1,2673,162,0,724,0,1145,683,70,0,0,2
0,53,0x0000000100000025,27,1,315728,5346,0,311135,0,2284,697,51206,34,0,2
0,53,0x0000000100000025,27,1,314510,4871,0,310713,0,2066,684,51087,0,0,2
0,53,0x0000000100000025,27,1,314731,4871,0,310891,0,2359,738,51052,0,0,2
0,53,0x000000010000002e,38,1,2245,162,0,710,0,1145,269,68,0,0,2
0,53,0x000000010000002e,38,1,2256,162,0,1069,0,818,248,68,0,0,2
0,53,0x000000010000002e,38,1,2772,162,0,780,0,1217,658,62,0,0,2
0,53,0x000000010000002e,38,1,1945,162,0,842,0,705,281,62,0,0,2
0,53,0x000000010000002e,38,1,1800,162,0,687,0,728,268,62,0,0,2
0,53,0x0000000100000032,44,1,17824,330,0,16331,0,0,895,7916,10,0,2
0,53,0x0000000100000034,46,1,25537,5596,0,12814,0,5530,5398,3540,9,0,2
0,53,0x0000000100000034,46,1,30501,6544,0,12826,0,10260,5194,3582,0,0,2
0,53,0x0000000100000034,46,1,21295,4240,0,13925,0,0,5869,3266,0,0,2
0,53,0x0000000100000037,50,1,101235,20491,0,5599,0,38263,47585,2065,24,0,2
0,53,0x0000000100000037,50,1,93825,20500,0,5446,0,32032,47133,2018,0,0,2
0,53,0x0000000100000038,51,1,632483,19583,0,624297,0,5407,3696,105255,30,0,2
0,53,0x0000000100000039,55,1,64928,20560,0,1780,0,42978,863,476,13,0,2
0,53,0x0000000200000138,56,1,18355,7801,0,3161,0,13165,2826,233,16,0,2
0,53,0x0000000200000138,56,1,17549,7759,0,2099,0,12301,1969,224,0,0,2
0,16,0x0000000100000008,2,0,27333,0,23996,1237,6306,15589,0,292,16,617,2
0,16,0x0000000100000015,10,0,93452,0,34272,3250,55279,90806,0,1288,16,4146,2
0,16,0x000000010000001a,15,0,52618,0,17136,2542,26649,49409,0,821,27,3647,2
0,16,0x0000000100000024,25,0,46880,0,14688,1917,21323,44781,0,711,18,1432,2
0,16,0x0000000100000017,12,0,278127,0,117504,4423,172380,273455,0,2666,16,16928,2
0,16,0x0000000100000017,12,0,270673,0,117504,4038,174424,267615,0,2600,0,14582,2
0,16,0x0000000100000026,28,0,42728,0,1736,1313,1129,4735,0,129,19,2936,2
0,16,0x0000000100000026,28,0,41038,0,1736,514,1095,4110,0,111,0,2936,2
0,16,0x0000000100000026,28,0,40845,0,1736,1077,1094,3535,0,110,0,2936,2
0,16,0x0000000100000036,48,0,40521,0,20832,1797,17952,15817,0,697,35,19980,2
0,16,0x0000000100000036,48,0,42473,0,20832,2280,17993,19346,0,644,0,19895,2
0,16,0x0000000100000036,48,0,39531,0,20832,1698,17841,17922,0,621,0,19528,2
0,16,0x0000000100000036,48,0,41383,0,20832,2203,17931,17960,0,611,0,19800,2
0,16,0x0000000200000078,52,0,35334,0,19232,1744,12117,28582,0,195,9,1432,2
0,16,0x000000020000005b,52,0,36687,0,19232,1572,12207,30600,0,186,0,908,2
0,16,0x000000020000003d,52,0,39515,0,19232,1614,10987,35338,0,169,0,876,2
0,16,0x0000000200000028,52,0,41141,0,19232,1959,11755,36318,0,169,0,886,2
0,16,0x000000020000000e,52,0,38401,0,19232,1247,11561,33906,0,169,0,885,2
0,16,0x00000002000000d3,54,0,39519,0,17808,1381,8419,29265,0,158,9,7398,2
0,16,0x00000002000000ee,54,0,35687,0,17808,1168,8670,27734,0,150,0,5742,2
0,16,0x00000002000000ea,54,0,41543,0,17808,1397,8620,34757,0,142,0,5804,2
0,16,0x00000002000000d8,54,0,36446,0,17808,1217,8660,28788,0,141,0,5786,2
0,60,0x000000010000000f,7,1,15600,0,0,2186,0,7792,4796,180,21,0,2
0,60,0x000000010000000c,5,1,6332,2618,0,1122,0,3445,1550,276,18,0,2
0,60,0x000000010000000c,5,1,4427,2667,0,1777,0,2629,1403,264,0,0,2
0,60,0x000000010000002a,34,1,21831,5035,0,4923,0,12631,337,1283,22,0,2
0,60,0x000000010000002a,34,1,21042,4675,0,4771,0,13651,95,1179,0,0,2
0,60,0x000000010000001f,20,1,27517,5461,0,5108,0,18890,358,1236,23,0,2
0,60,0x000000010000002e,38,1,1795,210,0,896,0,324,230,82,10,0,2
0,60,0x000000010000002e,38,1,1761,153,0,700,0,338,594,71,0,0,2
0,60,0x0000000100000016,11,1,11068,7378,0,2134,0,2923,2564,620,31,0,2
0,60,0x0000000100000024,26,1,47463,3832,0,1034,0,2347,3663,225,9,0,2
0,60,0x000000010000002e,38,1,2869,162,0,1051,0,1029,611,68,0,0,2
0,60,0x0000000100000022,23,1,33625,3858,0,2245,0,11455,14492,527,11,0,2
0,60,0x000000010000002e,38,1,2211,162,0,1172,0,597,262,69,0,0,2
0,60,0x0000000100000022,23,1,51846,3790,0,2065,0,29500,15112,509,0,0,2
0,60,0x000000010000002e,38,1,2752,162,0,974,0,997,658,63,0,0,2
0,60,0x000000010000002e,38,1,2664,162,0,720,0,1166,653,65,0,0,2
0,60,0x0000000100000025,27,1,316025,5289,0,311135,0,2463,726,51249,33,0,2
0,60,0x0000000100000025,27,1,314612,4871,0,310791,0,2200,750,51111,0,0,2
0,60,0x0000000100000025,27,1,314670,4871,0,310864,0,2142,690,51059,0,0,2
0,60,0x0000000100000026,29,1,48483,31032,0,3665,0,3131,8019,1473,21,0,2
0,60,0x0000000100000026,29,1,46966,31032,0,3399,0,3299,7670,1284,0,0,2
0,60,0x000000010000002e,38,1,2339,162,0,726,0,733,622,80,7,0,2
0,60,0x0000000100000026,29,1,46583,31032,0,3440,0,3077,7458,1251,0,0,2
0,60,0x0000000100000032,44,1,17342,329,0,15828,0,0,935,7910,10,0,2
0,60,0x0000000100000032,44,1,18164,186,0,17202,0,0,793,7940,0,0,2
0,60,0x0000000100000034,46,1,21712,4349,0,14826,0,0,5392,3303,9,0,2
0,60,0x0000000100000034,46,1,21798,4240,0,14167,0,0,6192,3223,0,0,2
0,60,0x0000000100000034,46,1,39194,8304,0,14473,0,17408,5294,3945,0,0,2
0,60,0x0000000100000036,49,1,38656,19525,0,2785,0,1683,8913,937,19,0,2
0,60,0x0000000100000036,49,1,40321,19514,0,2153,0,2555,9056,813,0,0,2
0,60,0x0000000100000036,49,1,37560,19448,0,2446,0,2619,7251,767,0,0,2
0,60,0x0000000100000036,49,1,39227,19492,0,2121,0,537,8576,759,0,0,2
0,60,0x0000000100000037,50,1,99327,20542,0,5654,0,35443,48253,2121,23,0,2
0,60,0x0000000100000037,50,1,88964,20549,0,5134,0,27595,46914,2015,0,0,2
0,60,0x0000000100000038,51,1,632737,19527,0,624781,0,5854,3519,105277,28,0,2
0,60,0x0000000100000039,55,1,67098,20579,0,1866,0,45184,890,467,13,0,2
0,60,0x0000000200000138,56,1,18541,7929,0,3167,0,12946,2743,231,18,0,2
0,60,0x0000000200000138,56,1,16848,7780,0,1975,0,12767,2453,219,0,0,2
0,61,0x000000010000000f,7,1,15409,0,0,2214,0,8334,4053,194,21,0,2
0,61,0x000000010000000c,5,1,6484,2637,0,1162,0,3607,1369,275,18,0,2
0,61,0x000000010000000c,5,1,4681,2647,0,1790,0,2601,1409,264,0,0,2
0,61,0x000000010000002a,34,1,22802,5034,0,4998,0,13543,340,1282,22,0,2
0,61,0x000000010000002a,34,1,19102,4675,0,4439,0,11940,95,1183,0,0,2
0,61,0x000000010000001f,20,1,28225,5471,0,5098,0,19788,333,1249,24,0,2
0,61,0x000000010000002e,38,1,1832,225,0,915,0,320,231,82,10,0,2
0,61,0x000000010000002e,38,1,2155,162,0,683,0,754,597,71,0,0,2
0,61,0x0000000100000016,11,1,10950,7410,0,2158,0,2872,2526,628,31,0,2
0,61,0x000000010000002e,38,1,1546,153,0,669,0,508,242,65,0,0,2
0,61,0x000000010000002e,38,1,2706,153,0,1930,0,397,222,65,0,0,2
0,61,0x0000000100000022,23,1,35759,3883,0,2232,0,13462,14982,524,11,0,2
0,61,0x000000010000002e,38,1,2840,162,0,1162,0,831,698,69,0,0,2
0,61,0x0000000100000022,23,1,54031,3790,0,2040,0,32775,14330,512,0,0,2
0,61,0x000000010000002e,38,1,2944,162,0,928,0,1230,669,63,0,0,2
0,61,0x000000010000002e,38,1,2564,162,0,676,0,1116,655,62,0,0,2
0,61,0x0000000100000025,27,1,315733,5307,0,311172,0,2313,773,51250,33,0,2
0,61,0x0000000100000025,27,1,314546,4871,0,310704,0,2491,743,51089,0,0,2
0,61,0x0000000100000025,27,1,314717,4871,0,310887,0,2151,692,51054,0,0,2
0,61,0x000000010000002e,38,1,2235,162,0,678,0,804,632,68,0,0,2
0,61,0x000000010000002e,38,1,2216,162,0,1122,0,729,248,62,0,0,2
0,61,0x000000010000002e,38,1,2178,162,0,705,0,733,623,62,0,0,2
0,61,0x000000010000002e,38,1,1977,162,0,885,0,696,279,62,0,0,2
0,61,0x000000010000002e,38,1,2548,162,0,658,0,1140,633,62,0,0,2
0,61,0x000000010000002e,38,1,2000,162,0,882,0,743,258,62,0,0,2
0,61,0x0000000100000032,44,1,17217,323,0,15751,0,0,882,7953,10,0,2
0,61,0x0000000100000032,44,1,18065,186,0,17132,0,0,773,7959,0,0,2
0,61,0x0000000100000034,46,1,57488,10394,0,15638,0,31444,5902,3096,9,0,2
0,61,0x0000000100000034,46,1,19079,4240,0,11613,0,0,5495,3297,0,0,2
0,61,0x0000000100000037,50,1,101079,20523,0,5565,0,38280,47903,2079,23,0,2
0,61,0x0000000100000037,50,1,89239,20515,0,5564,0,27284,46998,2024,0,0,2
0,61,0x0000000100000038,51,1,631999,19526,0,624087,0,4261,3556,105274,31,0,2
0,61,0x0000000100000039,55,1,64659,20560,0,2287,0,41929,790,469,13,0,2
0,61,0x0000000200000138,56,1,18149,7856,0,2962,0,13205,2419,226,22,0,2
0,61,0x0000000200000138,56,1,16847,7801,0,1806,0,12528,2564,222,0,0,2
0,20,0x0000000100000008,2,0,27090,0,23996,1363,6298,15335,0,286,17,452,2
0,20,0x0000000100000015,10,0,95026,0,34272,3270,54612,92507,0,1270,15,3304,2
0,20,0x000000010000001a,15,0,51677,0,17136,2567,27242,48781,0,821,27,4338,2
0,20,0x0000000100000017,12,0,274206,0,117504,4361,172525,268917,0,2666,16,16666,2
0,20,0x0000000100000017,12,0,277271,0,117504,4153,173184,273788,0,2600,0,14612,2
0,20,0x0000000100000026,28,0,41368,0,1736,948,1180,4437,0,129,19,2936,2
0,20,0x0000000100000026,28,0,40457,0,1736,765,1180,3305,0,111,0,2936,2
0,20,0x0000000100000036,48,0,41027,0,20832,2285,17925,16057,0,700,36,19273,2
0,20,0x0000000100000036,48,0,40084,0,20832,1734,17969,17764,0,652,0,19376,2
0,20,0x0000000100000036,48,0,39487,0,20832,1702,17928,17651,0,621,0,19654,2
0,20,0x0000000100000036,48,0,39911,0,20832,1727,17997,17700,0,611,0,19487,2
0,20,0x0000000200000076,52,0,36573,0,19232,2236,12358,29449,0,195,9,1371,2
0,20,0x000000020000005a,52,0,37502,0,19232,1273,11986,32902,0,186,0,881,2
0,20,0x000000020000003c,52,0,39474,0,19232,2138,11757,34918,0,169,0,880,2
0,20,0x0000000200000027,52,0,46325,0,19232,1584,11046,42212,0,169,0,891,2
0,20,0x000000020000000d,52,0,37849,0,19232,2260,11155,33281,0,169,0,889,2
0,20,0x00000002000000e2,54,0,38351,0,17808,2396,8324,28366,0,158,9,7342,2
0,20,0x00000002000000de,54,0,36314,0,17808,1649,8615,28657,0,150,0,5734,2
0,20,0x00000002000000da,54,0,42783,0,17808,1966,8664,35223,0,142,0,5782,2
0,20,0x00000002000000c8,54,0,35915,0,17808,1357,8796,27836,0,141,0,5662,2
0,68,0x000000010000000f,7,1,15267,0,0,2065,0,8373,4462,180,23,0,2
0,68,0x000000010000000c,5,1,6286,2605,0,1239,0,3628,1521,276,18,0,2
0,68,0x000000010000000c,5,1,4014,2587,0,1379,0,2290,1350,264,0,0,2
0,68,0x000000010000002a,34,1,21750,5053,0,5217,0,12821,315,1288,22,0,2
0,68,0x000000010000002a,34,1,18461,4675,0,4152,0,11687,123,1183,0,0,2
0,68,0x000000010000001f,20,1,28914,5471,0,5080,0,20674,332,1239,23,0,2
0,68,0x000000010000002e,38,1,2370,162,0,753,0,748,627,82,10,0,2
0,68,0x000000010000002e,38,1,1620,153,0,889,0,338,268,71,0,0,2
0,68,0x000000010000001c,17,1,87000,0,0,7069,0,41017,42121,1011,4,0,2
0,68,0x000000010000002e,38,1,2258,153,0,1486,0,329,273,69,0,0,2
0,68,0x0000000100000022,23,1,42006,3799,0,1878,0,16753,17314,527,11,0,2
0,68,0x000000010000002e,38,1,2685,153,0,955,0,798,671,69,0,0,2
0,68,0x0000000100000022,23,1,50670,3790,0,1974,0,27446,16308,512,0,0,2
0,68,0x000000010000002e,38,1,2331,162,0,1128,0,773,259,63,0,0,2
0,68,0x000000010000002e,38,1,2085,162,0,936,0,736,293,65,0,0,2
0,68,0x0000000100000025,27,1,315917,5311,0,311386,0,2138,889,51227,33,0,2
0,68,0x0000000100000025,27,1,314518,4869,0,310687,0,1991,767,51105,0,0,2
0,68,0x0000000100000025,27,1,314687,4869,0,310840,0,1854,717,51053,0,0,2
0,68,0x0000000100000026,29,1,47507,31032,0,3433,0,3306,7697,1462,21,0,2
0,68,0x0000000100000026,29,1,46389,31032,0,3402,0,2850,7574,1274,0,0,2
0,68,0x000000010000002e,38,1,1938,162,0,754,0,704,228,77,6,0,2
0,68,0x000000010000002e,38,1,1968,162,0,882,0,712,257,62,0,0,2
0,68,0x000000010000002e,38,1,1779,162,0,695,0,744,223,62,0,0,2
0,68,0x000000010000002e,38,1,2619,162,0,916,0,939,647,62,0,0,2
0,68,0x0000000100000032,44,1,17322,312,0,15905,0,0,935,7941,10,0,2
0,68,0x0000000100000032,44,1,18059,186,0,17140,0,0,750,7977,0,0,2
0,68,0x0000000100000034,46,1,29702,5766,0,15881,0,6928,5854,3602,9,0,2
0,68,0x0000000100000034,46,1,75676,14508,0,17741,0,46930,5071,3584,0,0,2
0,68,0x0000000100000036,49,1,39073,19470,0,2313,0,1735,8786,917,19,0,2
0,68,0x0000000100000036,49,1,38179,19492,0,2396,0,1723,8191,797,0,0,2
0,68,0x0000000100000036,49,1,37587,19505,0,2369,0,1657,8515,765,0,0,2
0,68,0x0000000100000036,49,1,38051,19492,0,2864,0,899,8835,757,0,0,2
0,68,0x0000000100000037,50,1,97937,20518,0,5241,0,34557,48195,2103,23,0,2
0,68,0x0000000100000037,50,1,87105,20554,0,5253,0,26767,46546,2015,0,0,2
0,68,0x0000000100000037,50,1,81695,20527,0,5032,0,21755,46117,2009,0,0,2
0,68,0x0000000100000038,51,1,632246,19524,0,624391,0,5721,3813,105274,31,0,2
0,68,0x0000000100000039,55,1,64183,20579,0,2153,0,41846,833,469,13,0,2
0,68,0x0000000200000138,56,1,17813,7832,0,2877,0,13047,2510,228,18,0,2
0,68,0x0000000200000138,56,1,14669,7808,0,1328,0,10285,2247,216,0,0,2
0,68,0x0000000200000138,56,1,16285,7766,0,1891,0,11316,2169,206,0,0,2
0,69,0x000000010000000f,7,1,14944,0,0,2064,0,8275,4275,192,22,0,2
0,69,0x000000010000000c,5,1,6071,2615,0,1326,0,3616,1393,275,18,0,2
0,69,0x000000010000000c,5,1,4442,2632,0,1219,0,2438,1347,264,0,0,2
0,69,0x000000010000002a,34,1,21273,5034,0,5160,0,12735,321,1282,22,0,2
0,69,0x000000010000002a,34,1,20411,4675,0,4381,0,13294,325,1193,0,0,2
0,69,0x000000010000001f,20,1,27678,5406,0,4877,0,19761,295,1263,22,0,2
0,69,0x000000010000002e,38,1,2051,181,0,774,0,327,626,82,10,0,2
0,69,0x000000010000002e,38,1,1648,153,0,918,0,339,267,71,0,0,2
0,69,0x000000010000002e,38,1,2184,162,0,736,0,753,578,66,0,0,2
0,69,0x000000010000002e,38,1,3206,162,0,1517,0,914,658,62,0,0,2
0,69,0x000000010000002e,38,1,1987,153,0,846,0,318,636,62,0,0,2
0,69,0x0000000100000022,23,1,42786,3790,0,2500,0,16554,17885,527,11,0,2
0,69,0x000000010000002e,38,1,2276,153,0,961,0,797,297,69,0,0,2
0,69,0x0000000100000022,23,1,44313,3790,0,2244,0,21242,15971,512,0,0,2
0,69,0x000000010000002e,38,1,2117,162,0,967,0,755,258,63,0,0,2
0,69,0x000000010000002e,38,1,2270,162,0,1133,0,728,292,62,0,0,2
0,69,0x0000000100000025,27,1,315584,5310,0,310967,0,2096,806,51248,34,0,2
0,69,0x0000000100000025,27,1,314662,4869,0,310864,0,1819,689,51084,0,0,2
0,69,0x0000000100000025,27,1,314530,4868,0,310674,0,1860,781,51054,0,0,2
0,69,0x000000010000002e,38,1,2486,162,0,1000,0,1140,225,68,0,0,2
0,69,0x000000010000002e,38,1,1890,162,0,734,0,765,274,62,0,0,2
0,69,0x000000010000002e,38,1,1970,162,0,885,0,740,228,62,0,0,2
0,69,0x000000010000002e,38,1,2627,162,0,717,0,1148,645,62,0,0,2
0,69,0x000000010000002e,38,1,2023,162,0,900,0,784,222,62,0,0,2
0,69,0x000000010000002e,38,1,2481,162,0,717,0,952,695,62,0,0,2
0,69,0x0000000100000032,44,1,17422,312,0,16075,0,0,781,7949,10,0,2
0,69,0x0000000100000032,44,1,18070,186,0,17160,0,0,749,7997,0,0,2
0,69,0x0000000100000034,46,1,22245,4344,0,14752,0,0,5952,3308,10,0,2
0,69,0x0000000100000034,46,1,34006,6720,0,16268,0,10953,5372,3720,0,0,2
0,69,0x0000000100000034,46,1,119468,23660,0,17522,0,81475,5306,4589,0,0,2
0,69,0x0000000100000037,50,1,101409,20531,0,5409,0,39537,46358,2097,23,0,2
0,69,0x0000000100000037,50,1,87652,20530,0,5251,0,27674,46175,2024,0,0,2
0,69,0x0000000100000037,50,1,88233,20523,0,5103,0,27277,46436,2001,0,0,2
0,69,0x0000000100000038,51,1,632446,19526,0,624567,0,4506,3394,105279,32,0,2
0,69,0x0000000100000039,55,1,63320,20544,0,1823,0,41275,804,476,13,0,2
0,69,0x0000000200000138,56,1,17572,8062,0,2620,0,12267,2825,234,18,0,2
0,69,0x0000000200000138,56,1,15028,7808,0,1727,0,10740,1982,222,0,0,2
0,69,0x0000000200000138,56,1,17350,7773,0,2342,0,11899,2125,206,0,0,2
0,24,0x0000000100000008,2,0,26885,0,23996,1160,6298,15249,0,294,18,441,2
0,24,0x0000000100000008,2,0,26618,0,23996,1291,8833,21416,0,256,0,406,2
0,24,0x0000000100000015,10,0,94110,0,34272,3264,55261,91565,0,1268,16,3999,2
0,24,0x000000010000001a,15,0,51323,0,17136,2510,27131,48594,0,820,26,4554,2
0,24,0x0000000100000024,25,0,46411,0,14688,1620,21491,44790,0,712,19,1432,2
0,24,0x0000000100000017,12,0,279345,0,117504,4492,172893,274994,0,2672,16,15962,2
0,24,0x0000000100000017,12,0,269835,0,117504,4073,173886,266566,0,2600,0,14527,2
0,24,0x0000000100000036,48,0,40584,0,20832,2254,17963,15945,0,700,36,19843,2
0,24,0x0000000100000036,48,0,40924,0,20832,1699,17984,18593,0,642,0,19395,2
0,24,0x0000000100000036,48,0,39469,0,20832,1925,17929,17576,0,619,0,19319,2
0,24,0x0000000100000036,48,0,40105,0,20832,1675,17927,17620,0,611,0,19674,2
0,24,0x0000000200000075,52,0,36245,0,19232,1946,12141,29433,0,195,9,1215,2
0,24,0x0000000200000059,52,0,37290,0,19232,1455,12154,32206,0,180,0,906,2
0,24,0x000000020000003b,52,0,39136,0,19232,1590,10906,34545,0,170,0,911,2
0,24,0x0000000200000026,52,0,46319,0,19232,1147,10866,42567,0,170,0,895,2
0,24,0x000000020000000c,52,0,37788,0,19232,2517,11422,32668,0,170,0,886,2
0,24,0x00000002000000d2,54,0,37755,0,17808,1386,8293,28112,0,159,9,7175,2
0,24,0x00000002000000ce,54,0,36445,0,17808,1676,8652,27694,0,149,0,5739,2
0,24,0x00000002000000ca,54,0,40730,0,17808,1129,8755,34208,0,141,0,5734,2
0,76,0x000000010000000f,7,1,13609,0,0,1727,0,7749,3784,184,23,0,2
0,76,0x000000010000000c,5,1,5665,2611,0,1326,0,3511,1487,276,18,0,2
0,76,0x000000010000000c,5,1,4076,2610,0,2068,0,2501,1381,264,0,0,2
0,76,0x000000010000002a,34,1,21926,5003,0,5469,0,13794,114,1299,23,0,2
0,76,0x000000010000002a,34,1,20234,4675,0,4356,0,13228,319,1179,0,0,2
0,76,0x000000010000001f,20,1,29361,5243,0,5020,0,21526,311,1239,22,0,2
0,76,0x000000010000002e,38,1,2176,273,0,848,0,337,595,82,11,0,2
0,76,0x000000010000002e,38,1,2558,162,0,998,0,776,663,71,0,0,2
0,76,0x000000010000002e,38,1,2331,162,0,811,0,774,629,69,0,0,2
0,76,0x0000000100000024,26,1,47049,3832,0,1008,0,2161,3490,240,10,0,2
0,76,0x000000010000002e,38,1,2667,162,0,1149,0,792,605,68,0,0,2
0,76,0x0000000100000022,23,1,39014,3820,0,2587,0,14443,16841,529,11,0,2
0,76,0x000000010000002e,38,1,2111,153,0,1020,0,620,280,69,0,0,2
0,76,0x0000000100000022,23,1,48238,3781,0,3403,0,24095,15556,509,0,0,2
0,76,0x000000010000002e,38,1,2581,162,0,937,0,855,602,63,0,0,2
0,76,0x000000010000002e,38,1,2830,162,0,1051,0,976,624,62,0,0,2
0,76,0x0000000100000025,27,1,315521,5301,0,310954,0,2276,740,51241,35,0,2
0,76,0x0000000100000025,27,1,314747,4878,0,310937,0,1838,679,51097,0,0,2
0,76,0x0000000100000018,13,1,1334680,96445,0,1223430,0,46130,43078,201008,52,0,2
0,76,0x0000000100000036,49,1,38533,19527,0,2620,0,1628,7851,955,16,0,2
0,76,0x0000000100000036,49,1,38985,19470,0,2467,0,1924,8295,825,0,0,2
0,76,0x0000000100000036,49,1,37476,19449,0,2400,0,2361,8214,761,0,0,2
0,76,0x0000000100000036,49,1,38087,19470,0,2428,0,1549,8286,753,0,0,2
0,76,0x0000000100000037,50,1,99640,20495,0,6473,0,35407,47686,2123,23,0,2
0,76,0x0000000100000037,50,1,90968,20540,0,5044,0,30494,46981,2032,0,0,2
0,76,0x0000000100000037,50,1,86861,20523,0,5939,0,25739,46793,2009,0,0,2
0,76,0x0000000100000038,51,1,632190,19524,0,624305,0,5114,3501,105260,32,0,2
0,76,0x0000000100000039,55,1,64206,20579,0,2038,0,41756,948,477,13,0,2
0,76,0x0000000200000138,56,1,17956,7833,0,2460,0,13677,2399,230,18,0,2
0,76,0x0000000200000138,56,1,17372,7808,0,2178,0,13431,2505,208,0,0,2
0,76,0x0000000200000138,56,1,17132,7773,0,1987,0,12950,2707,191,0,0,2
0,77,0x000000010000000f,7,1,14374,0,0,1668,0,8156,4181,193,22,0,2
0,77,0x000000010000000c,5,1,5685,2603,0,1294,0,3669,1366,275,18,0,2
0,77,0x000000010000000c,5,1,4305,2643,0,1917,0,2529,1388,264,0,0,2
0,77,0x000000010000002a,34,1,21887,4806,0,4620,0,13779,114,1291,23,0,2
0,77,0x000000010000002a,34,1,18829,4675,0,4374,0,11795,316,1200,0,0,2
0,77,0x000000010000002a,34,1,18598,4675,0,4373,0,11888,142,1134,0,0,2
0,77,0x000000010000001f,20,1,28847,5246,0,4567,0,20821,339,1263,23,0,2
0,77,0x000000010000002e,38,1,2359,275,0,1029,0,335,597,82,10,0,2
0,77,0x000000010000002e,38,1,2401,162,0,814,0,790,676,71,0,0,2
0,77,0x000000010000002e,38,1,1710,153,0,1001,0,322,267,69,0,0,2
0,77,0x000000010000002e,38,1,2475,162,0,882,0,777,609,62,0,0,2
0,77,0x000000010000002e,38,1,2207,153,0,1092,0,710,229,62,0,0,2
0,77,0x0000000100000022,23,1,42250,3796,0,1926,0,15858,17880,527,11,0,2
0,77,0x000000010000002e,38,1,2748,153,0,1161,0,808,626,69,0,0,2
0,77,0x0000000100000022,23,1,48338,3790,0,1864,0,27209,14273,512,0,0,2
0,77,0x000000010000002e,38,1,3592,162,0,1622,0,1222,609,63,0,0,2
0,77,0x000000010000002e,38,1,2579,162,0,825,0,1015,622,62,0,0,2
0,77,0x0000000100000025,27,1,316252,5310,0,311132,0,2355,708,51243,32,0,2
0,77,0x0000000100000025,27,1,314458,4878,0,310655,0,1883,699,51099,0,0,2
0,77,0x0000000100000018,13,1,1335542,96555,0,1223539,0,43386,42143,200962,54,0,2
0,77,0x0000000100000037,50,1,99960,20526,0,5764,0,36808,47324,2094,23,0,2
0,77,0x0000000100000037,50,1,88453,20508,0,5360,0,27888,46902,2032,0,0,2
0,77,0x0000000100000037,50,1,85055,20508,0,5023,0,24234,46712,2001,0,0,2
0,77,0x0000000100000038,51,1,632382,19523,0,624517,0,3670,3381,105267,31,0,2
0,77,0x0000000100000039,55,1,66404,20544,0,1747,0,44715,767,484,13,0,2
0,77,0x0000000200000138,56,1,17936,7808,0,2332,0,13225,2759,236,18,0,2
0,77,0x0000000200000138,56,1,17182,7808,0,2132,0,13194,2766,215,0,0,2
0,77,0x0000000200000138,56,1,17068,7787,0,1838,0,12687,2783,199,0,0,2
1,1,0x0000000100000008,2,0,28559,0,23996,1937,7600,23242,0,283,18,623,2
1,1,0x000000010000001d,18,0,44770,0,24304,1521,23683,38843,0,459,19,883,2
1,1,0x0000000100000015,10,0,89323,0,34272,2749,55042,87164,0,1276,15,3271,2
1,1,0x0000000100000015,10,0,89312,0,34272,2733,55114,87676,0,1235,0,3069,2
1,1,0x0000000100000024,25,0,43366,0,14688,1736,21680,41725,0,704,18,1432,2
1,1,0x000000010000002c,36,0,3076,0,242,676,276,1267,0,59,9,892,2
1,1,0x0000000100000017,12,0,283305,0,117504,5498,172367,277911,0,2664,17,16565,2
1,1,0x0000000100000036,48,0,39899,0,20832,1967,17927,15761,0,695,35,19643,2
1,1,0x0000000100000036,48,0,39397,0,20832,2113,17933,16698,0,634,0,19256,2
1,1,0x0000000100000036,48,0,40774,0,20832,1722,17908,18332,0,620,0,19543,2
1,1,0x0000000100000036,48,0,40620,0,20832,2499,17962,16499,0,611,0,19449,2
1,1,0x0000000100000036,48,0,39570,0,20832,1710,17947,16612,0,611,0,19991,2
1,1,0x000000020000004f,52,0,41599,0,19232,1743,11900,36964,0,195,9,989,2
1,1,0x000000020000002d,52,0,37303,0,19232,1661,12057,32053,0,187,0,873,2
1,1,0x0000000200000018,52,0,34740,0,19232,2363,12328,27680,0,170,0,888,2
1,1,0x0000000200000106,54,0,38277,0,17808,2200,8426,28474,0,164,9,7030,2
1,1,0x0000000200000120,54,0,37670,0,17808,1265,8480,30731,0,154,0,5886,2
1,1,0x00000002000000fc,54,0,47392,0,17808,1510,8678,40384,0,141,0,5881,2
1,30,0x0000000100000006,0,1,42613,26618,0,3029,0,36008,578,545,14,0,2
1,30,0x000000010000000b,4,1,22385,18147,0,2080,0,686,1850,240,21,0,2
1,30,0x000000010000000c,5,1,5431,2619,0,1116,0,2573,1360,281,18,0,2
1,30,0x000000010000000c,5,1,5014,2650,0,1054,0,3479,1368,276,0,0,2
1,30,0x000000010000000d,6,1,35351,27571,0,5499,0,29361,18816,1947,20,0,2
1,30,0x000000010000002a,34,1,20052,4769,0,4966,0,11839,304,1318,22,0,2
1,30,0x000000010000002a,34,1,18444,4675,0,4462,0,11485,301,1219,0,0,2
1,30,0x000000010000001f,20,1,29663,5275,0,4614,0,21325,365,1229,22,0,2
1,30,0x000000010000002e,38,1,1974,247,0,712,0,322,588,82,11,0,2
1,30,0x0000000100000016,11,1,12178,7839,0,3152,0,3265,2614,608,33,0,2
1,30,0x0000000100000024,26,1,43867,3832,0,784,0,2034,3761,225,9,0,2
1,30,0x0000000100000022,23,1,40132,3790,0,2163,0,15631,17370,523,11,0,2
1,30,0x000000010000002e,38,1,1938,153,0,957,0,381,275,70,3,0,2
1,30,0x0000000100000022,23,1,52129,3790,0,2261,0,26395,18559,513,0,0,2
1,30,0x000000010000002e,38,1,2491,162,0,752,0,919,661,63,0,0,2
1,30,0x0000000100000025,27,1,316434,5299,0,311225,0,1913,775,51179,35,0,2
1,30,0x0000000100000018,13,1,1330304,96496,0,1223410,0,42165,43688,200924,52,0,2
1,30,0x0000000100000032,44,1,16482,1035,0,13647,0,0,1022,7176,9,0,2
1,30,0x0000000100000032,44,1,18951,186,0,17952,0,0,818,8168,0,0,2
1,30,0x0000000100000034,46,1,22732,4651,0,11894,0,203,7898,3302,9,0,2
1,30,0x0000000100000034,46,1,18470,4240,0,10791,0,0,5430,3222,0,0,2
1,30,0x0000000100000034,46,1,19021,4240,0,11675,0,0,5286,3222,0,0,2
1,30,0x0000000100000034,46,1,47132,9712,0,16267,0,23261,5233,4105,0,0,2
1,30,0x0000000100000036,49,1,38192,19504,0,2537,0,490,7928,932,16,0,2
1,30,0x0000000100000036,49,1,37214,19470,0,2192,0,1074,7408,818,0,0,2
1,30,0x0000000100000036,49,1,39162,19518,0,2651,0,1565,8701,763,0,0,2
1,30,0x0000000100000036,49,1,38599,19539,0,2098,0,1247,9258,753,0,0,2
1,30,0x0000000100000036,49,1,37723,19448,0,2348,0,1748,7664,753,0,0,2
1,30,0x0000000100000037,50,1,101583,20523,0,5690,0,37357,48505,2129,24,0,2
1,30,0x0000000100000037,50,1,90237,20557,0,5420,0,29160,47078,2038,0,0,2
1,30,0x0000000100000038,51,1,632519,19700,0,624389,0,6297,4120,105268,28,0,2
1,30,0x0000000100000038,51,1,631438,19287,0,624239,0,4672,3383,105194,0,0,2
1,30,0x00000002000000c2,53,1,26874,8311,0,2565,0,13529,3665,798,17,0,2
1,30,0x00000002000000c0,53,1,19714,8196,0,2746,0,7064,3191,688,0,0,2
1,30,0x00000002000000b9,53,1,20006,8196,0,2251,0,7284,3485,643,0,0,2
1,30,0x0000000100000039,55,1,59865,20998,0,2355,0,37026,808,479,13,0,2
1,30,0x0000000200000138,56,1,18358,7808,0,2426,0,13933,2558,228,17,0,2
1,30,0x0000000200000138,56,1,18015,7801,0,2893,0,13827,2505,216,0,0,2
1,30,0x0000000200000138,56,1,17648,7787,0,2091,0,13402,2161,191,0,0,2
1,31,0x0000000100000006,0,1,42736,26265,0,3111,0,35850,481,546,14,0,2
1,31,0x000000010000000b,4,1,22162,18245,0,1878,0,664,1370,240,21,0,2
1,31,0x000000010000000c,5,1,5540,2756,0,1180,0,2659,1341,281,18,0,2
1,31,0x000000010000000c,5,1,5442,2638,0,1375,0,3480,1402,276,0,0,2
1,31,0x000000010000000d,6,1,35868,27732,0,5634,0,23964,18951,1994,19,0,2
1,31,0x000000010000002a,34,1,20414,4773,0,4706,0,12271,307,1317,22,0,2
1,31,0x000000010000002a,34,1,17017,4675,0,4471,0,10217,128,1230,0,0,2
1,31,0x000000010000001f,20,1,28673,5282,0,4772,0,20233,310,1236,23,0,2
1,31,0x000000010000002e,38,1,2006,248,0,742,0,321,588,82,10,0,2
1,31,0x0000000100000016,11,1,12482,7569,0,3226,0,3149,2749,618,33,0,2
1,31,0x000000010000002e,38,1,1906,163,0,735,0,315,739,65,0,0,2
1,31,0x0000000100000022,23,1,42134,3790,0,2183,0,17080,17934,528,11,0,2
1,31,0x000000010000002e,38,1,2697,162,0,929,0,992,659,66,0,0,2
1,31,0x0000000100000022,23,1,54707,3790,0,2235,0,28227,19475,512,0,0,2
1,31,0x000000010000002e,38,1,2542,168,0,755,0,948,722,63,0,0,2
1,31,0x0000000100000025,27,1,316543,5398,0,311282,0,2077,775,51163,33,0,2
1,31,0x0000000100000018,13,1,1331759,96453,0,1223413,0,43628,42569,200885,51,0,2
1,31,0x0000000100000032,44,1,16432,929,0,13929,0,0,840,7282,9,0,2
1,31,0x0000000100000032,44,1,19327,186,0,18312,0,0,844,8151,0,0,2
1,31,0x0000000100000034,46,1,23187,4467,0,11669,0,0,8426,3286,9,0,2
1,31,0x0000000100000034,46,1,77495,15212,0,14690,0,48679,5372,3663,0,0,2
1,31,0x0000000100000037,50,1,100815,20575,0,5874,0,36930,47772,2097,24,0,2
1,31,0x0000000100000037,50,1,88399,20523,0,5028,0,27333,46977,2038,0,0,2
1,31,0x0000000100000038,51,1,632560,19713,0,624362,0,5550,3833,105268,32,0,2
1,31,0x0000000100000038,51,1,631246,19287,0,624058,0,3796,3703,105194,0,0,2
1,31,0x00000002000000b2,53,1,25758,8386,0,3021,0,11933,3523,823,17,0,2
1,31,0x00000002000000b0,53,1,19521,8196,0,2243,0,7192,3108,669,0,0,2
1,31,0x00000002000000a9,53,1,20324,8196,0,2435,0,7360,3543,643,0,0,2
1,31,0x0000000100000039,55,1,57772,21076,0,2263,0,35390,838,476,13,0,2
1,31,0x0000000200000138,56,1,18540,7808,0,2466,0,13742,2819,228,18,0,2
1,31,0x0000000200000138,56,1,17782,7801,0,2529,0,13450,2784,223,0,0,2
1,31,0x0000000200000138,56,1,16791,7773,0,1977,0,12537,2226,206,0,0,2
1,5,0x0000000100000008,2,0,28652,0,23996,1545,7592,23740,0,288,19,915,2
1,5,0x000000010000001d,18,0,44534,0,24304,1614,23666,38665,0,446,20,1009,2
1,5,0x0000000100000015,10,0,90178,0,34272,2735,55724,87940,0,1273,15,5335,2
1,5,0x0000000100000015,10,0,90157,0,34272,2705,55627,88284,0,1243,0,5400,2
1,5,0x0000000100000024,25,0,42059,0,14688,1675,21893,40778,0,705,19,1432,2
1,5,0x0000000100000017,12,0,299344,0,117504,4137,172987,295343,0,2657,17,16034,2
1,5,0x0000000100000036,48,0,40435,0,20832,1929,18074,16122,0,699,37,20100,2
1,5,0x0000000100000036,48,0,40090,0,20832,2301,17971,15958,0,635,0,19693,2
1,5,0x0000000100000036,48,0,40398,0,20832,1665,17918,17616,0,621,0,19448,2
1,5,0x0000000100000036,48,0,39220,0,20832,1859,18034,16686,0,611,0,19208,2
1,5,0x0000000100000036,48,0,39740,0,20832,1668,17956,17505,0,611,0,19086,2
1,5,0x000000020000004e,52,0,41949,0,19232,1932,11663,37581,0,195,9,957,2
1,5,0x0000000200000033,52,0,36927,0,19232,1515,12004,31583,0,187,0,886,2
1,5,0x0000000200000019,52,0,35285,0,19232,3084,12274,27326,0,170,0,903,2
1,5,0x00000002000000f6,54,0,38090,0,17808,1053,8517,29632,0,164,9,7104,2
1,5,0x0000000200000110,54,0,39183,0,17808,2696,8715,30205,0,154,0,5700,2
1,5,0x00000002000000ec,54,0,46906,0,17808,1263,8450,39850,0,141,0,5828,2
1,38,0x000000010000000f,7,1,13849,0,0,1679,0,8258,3601,177,23,0,2
1,38,0x000000010000000b,4,1,22216,17988,0,1835,0,719,1810,247,21,0,2
1,38,0x000000010000000c,5,1,5456,2598,0,1139,0,2263,1364,281,18,0,2
1,38,0x000000010000000c,5,1,4973,2613,0,1471,0,3007,1376,276,0,0,2
1,38,0x000000010000000d,6,1,34929,26816,0,5649,0,29333,18954,2001,20,0,2
1,38,0x000000010000002a,34,1,18374,4845,0,5048,0,10168,125,1311,22,0,2
1,38,0x000000010000002a,34,1,17070,4675,0,4854,0,10119,104,1214,0,0,2
1,38,0x000000010000001f,20,1,29050,5252,0,4911,0,20728,302,1223,22,0,2
1,38,0x000000010000002e,38,1,2251,321,0,824,0,321,634,82,11,0,2
1,38,0x0000000100000016,11,1,12075,7806,0,3089,0,3153,2674,621,34,0,2
1,38,0x000000010000002e,38,1,1857,153,0,792,0,318,608,62,0,0,2
1,38,0x0000000100000024,26,1,42988,3832,0,978,0,1914,3688,229,10,0,2
1,38,0x0000000100000022,23,1,56944,3790,0,2418,0,28238,21397,525,11,0,2
1,38,0x0000000100000022,23,1,52656,3790,0,2096,0,26754,18834,515,0,0,2
1,38,0x000000010000002e,38,1,2794,175,0,1201,0,725,614,67,3,0,2
1,38,0x000000010000002e,38,1,2705,162,0,1100,0,723,745,65,0,0,2
1,38,0x0000000100000025,27,1,315987,5447,0,311225,0,1879,788,51172,34,0,2
1,38,0x0000000100000018,13,1,1331647,96553,0,1223582,0,42368,41984,200931,53,0,2
1,38,0x0000000100000032,44,1,16246,721,0,14123,0,0,887,7329,10,0,2
1,38,0x0000000100000032,44,1,19355,186,0,18396,0,0,798,8144,0,0,2
1,38,0x0000000100000034,46,1,26249,5705,0,10716,0,6568,5820,2557,10,0,2
1,38,0x0000000100000034,46,1,32796,6896,0,13570,0,11780,5205,3709,0,0,2
1,38,0x0000000100000034,46,1,126423,24364,0,21046,0,87180,5706,4546,0,0,2
1,38,0x0000000100000036,49,1,38681,19470,0,2444,0,1108,8245,912,16,0,2
1,38,0x0000000100000036,49,1,37882,19482,0,2134,0,1770,8044,821,0,0,2
1,38,0x0000000100000036,49,1,38880,19492,0,3051,0,2228,8570,761,0,0,2
1,38,0x0000000100000036,49,1,37222,19448,0,2098,0,1805,7488,751,0,0,2
1,38,0x0000000100000036,49,1,38236,19504,0,2270,0,2040,8540,751,0,0,2
1,38,0x0000000100000037,50,1,100629,20535,0,5257,0,37561,47358,2141,24,0,2
1,38,0x0000000100000037,50,1,86338,20508,0,5472,0,24594,47628,2038,0,0,2
1,38,0x0000000100000038,51,1,632454,19568,0,624443,0,5573,4291,105253,29,0,2
1,38,0x0000000100000038,51,1,631533,19287,0,624328,0,3898,3517,105194,0,0,2
1,38,0x00000002000000a2,53,1,24179,8336,0,2553,0,10956,3533,792,18,0,2
1,38,0x00000002000000a0,53,1,21111,8196,0,2606,0,8223,3304,677,0,0,2
1,38,0x0000000200000099,53,1,21053,8196,0,2322,0,8020,3725,643,0,0,2
1,38,0x0000000100000039,55,1,63522,21352,0,2243,0,40783,863,469,13,0,2
1,38,0x0000000200000138,56,1,18017,7829,0,2130,0,13560,2674,221,18,0,2
1,38,0x0000000200000138,56,1,17773,7801,0,2651,0,13538,2653,208,0,0,2
1,38,0x0000000200000138,56,1,16445,7808,0,1622,0,12533,2718,198,0,0,2
1,39,0x000000010000000f,7,1,14276,0,0,1677,0,8160,4084,185,20,0,2
1,39,0x000000010000000b,4,1,22247,18588,0,1787,0,611,1497,247,21,0,2
1,39,0x000000010000000c,5,1,6148,2670,0,1053,0,2243,1386,280,18,0,2
1,39,0x000000010000000c,5,1,4775,2615,0,1234,0,2984,1381,274,0,0,2
1,39,0x000000010000000d,6,1,35539,27658,0,5572,0,25073,18955,1997,20,0,2
1,39,0x000000010000002a,34,1,18221,4809,0,5268,0,10146,134,1298,22,0,2
1,39,0x000000010000002a,34,1,18379,4675,0,4657,0,11593,102,1200,0,0,2
1,39,0x000000010000001f,20,1,29163,5295,0,5080,0,20793,311,1238,22,0,2
1,39,0x000000010000002e,38,1,1903,375,0,823,0,323,247,79,10,0,2
1,39,0x0000000100000016,11,1,12379,7757,0,2751,0,3240,2882,627,33,0,2
1,39,0x000000010000002e,38,1,2335,162,0,841,0,761,612,65,0,0,2
1,39,0x000000010000002e,38,1,2137,153,0,991,0,312,681,66,0,0,2
1,39,0x0000000100000022,23,1,53137,3865,0,2373,0,25130,20495,527,12,0,2
1,39,0x0000000100000022,23,1,49304,3790,0,1944,0,25249,17194,515,0,0,2
1,39,0x000000010000002e,38,1,2458,162,0,867,0,1228,246,63,0,0,2
1,39,0x000000010000002e,38,1,2618,162,0,1007,0,808,661,65,0,0,2
1,39,0x0000000100000025,27,1,315492,5301,0,310941,0,2156,729,51171,33,0,2
1,39,0x0000000100000018,13,1,1328249,96809,0,1223564,0,35549,42406,200888,52,0,2
1,39,0x0000000100000032,44,1,16210,832,0,14161,0,0,820,7359,10,0,2
1,39,0x0000000100000032,44,1,19219,186,0,18226,0,0,829,8153,0,0,2
1,39,0x0000000100000034,46,1,20706,4845,0,11915,0,889,6073,3358,10,0,2
1,39,0x0000000100000034,46,1,19074,4240,0,11564,0,0,5487,3254,0,0,2
1,39,0x0000000100000034,46,1,110280,21548,0,16637,0,74696,5423,4385,0,0,2
1,39,0x0000000100000037,50,1,100385,20572,0,5718,0,36271,48152,2103,24,0,2
1,39,0x0000000100000037,50,1,99549,20491,0,5142,0,38289,47133,2038,0,0,2
1,39,0x0000000100000038,51,1,632437,19562,0,624494,0,4972,3843,105268,32,0,2
1,39,0x0000000100000038,51,1,631349,19287,0,624150,0,3821,3554,105202,0,0,2
1,39,0x0000000200000092,53,1,24061,8332,0,3056,0,10550,3272,805,18,0,2
1,39,0x0000000200000090,53,1,20551,8196,0,2084,0,8102,3350,671,0,0,2
1,39,0x0000000200000089,53,1,21540,8196,0,2532,0,8542,3480,643,0,0,2
1,39,0x0000000100000039,55,1,60945,21462,0,2232,0,38637,878,476,13,0,2
1,39,0x0000000200000138,56,1,18097,7801,0,2131,0,13332,2838,228,18,0,2
1,39,0x0000000200000138,56,1,17393,7801,0,2234,0,12948,2806,223,0,0,2
1,39,0x0000000200000138,56,1,16402,7790,0,1736,0,12516,2518,197,0,0,2
1,9,0x0000000100000008,2,0,28578,0,23996,1901,7522,23340,0,295,19,810,2
1,9,0x000000010000001d,18,0,44249,0,24304,1499,23611,38328,0,453,20,1067,2
1,9,0x0000000100000015,10,0,89617,0,34272,2782,55442,87382,0,1274,16,5009,2
1,9,0x0000000100000015,10,0,89788,0,34272,2644,55142,87967,0,1235,0,5239,2
1,9,0x0000000100000024,25,0,42661,0,14688,1701,21487,41287,0,705,19,1432,2
1,9,0x0000000100000017,12,0,296433,0,117504,4161,172292,292605,0,2663,17,16550,2
1,9,0x0000000100000036,48,0,40782,0,20832,2046,17948,16129,0,697,37,19673,2
1,9,0x0000000100000036,48,0,40066,0,20832,2127,17925,16410,0,644,0,19767,2
1,9,0x0000000100000036,48,0,41521,0,20832,2058,17970,18009,0,621,0,19549,2
1,9,0x0000000100000036,48,0,40126,0,20832,2075,18032,17346,0,611,0,19398,2
1,9,0x0000000100000036,48,0,41324,0,20832,1711,18044,18986,0,611,0,19136,2
1,9,0x000000020000004d,52,0,40811,0,19232,1772,11520,35251,0,195,9,1250,2
1,9,0x0000000200000032,52,0,34328,0,19232,1540,12239,28128,0,187,0,884,2
1,9,0x0000000200000020,52,0,41047,0,19232,3163,11959,35559,0,170,0,885,2
1,9,0x0000000200000107,54,0,36677,0,17808,1035,8778,26880,0,159,9,7168,2
1,9,0x00000002000000e6,54,0,38018,0,17808,1464,8674,31276,0,149,0,5701,2
1,9,0x0000000200000100,54,0,35969,0,17808,1144,8500,29527,0,141,0,5724,2
1,9,0x00000002000000dc,54,0,46731,0,17808,1884,8616,39491,0,141,0,5722,2
1,46,0x000000010000000f,7,1,13251,0,0,1290,0,7976,3614,178,22,0,2
1,46,0x000000010000000b,4,1,22144,18261,0,1820,0,633,1822,247,21,0,2
1,46,0x000000010000000c,5,1,5067,2701,0,1111,0,2958,1369,280,18,0,2
1,46,0x000000010000000c,5,1,4522,2638,0,1652,0,2879,1369,274,0,0,2
1,46,0x000000010000000d,6,1,34533,26970,0,5657,0,29475,18663,2002,20,0,2
1,46,0x000000010000002a,34,1,19553,4811,0,4781,0,11801,130,1318,22,0,2
1,46,0x000000010000002a,34,1,18603,4675,0,4503,0,11740,138,1204,0,0,2
1,46,0x000000010000001f,20,1,29844,5269,0,4616,0,21714,341,1224,22,0,2
1,46,0x000000010000002e,38,1,2086,283,0,765,0,330,582,79,10,0,2
1,46,0x0000000100000016,11,1,11989,7686,0,2636,0,3270,2797,626,32,0,2
1,46,0x000000010000002e,38,1,1829,153,0,712,0,323,677,62,0,0,2
1,46,0x0000000100000024,26,1,43675,3832,0,986,0,1876,3581,230,11,0,2
1,46,0x0000000100000022,23,1,50648,3790,0,2199,0,22995,20625,525,11,0,2
1,46,0x0000000100000022,23,1,47420,3790,0,2022,0,25283,15189,515,0,0,2
1,46,0x000000010000002e,38,1,2660,162,0,1007,0,942,415,67,3,0,2
1,46,0x000000010000002e,38,1,2955,162,0,925,0,1244,666,65,0,0,2
1,46,0x0000000100000025,27,1,315859,5604,0,311165,0,2081,674,51179,36,0,2
1,46,0x0000000100000018,13,1,1332216,96556,0,1223559,0,43271,42321,200944,53,0,2
1,46,0x0000000100000032,44,1,16257,1005,0,13946,0,0,896,7376,10,0,2
1,46,0x0000000100000032,44,1,19327,186,0,18378,0,0,788,8160,0,0,2
1,46,0x0000000100000034,46,1,19390,4531,0,11540,0,0,5235,3293,9,0,2
1,46,0x0000000100000034,46,1,82191,15916,0,14411,0,52718,5313,3754,0,0,2
1,46,0x0000000100000036,49,1,38918,19470,0,2364,0,1087,8924,912,16,0,2
1,46,0x0000000100000036,49,1,38153,19498,0,2414,0,1895,8415,821,0,0,2
1,46,0x0000000100000036,49,1,39701,19470,0,2118,0,2241,9042,761,0,0,2
1,46,0x0000000100000036,49,1,38309,19526,0,2370,0,1496,8956,751,0,0,2
1,46,0x0000000100000036,49,1,39567,19492,0,2119,0,2616,8238,751,0,0,2
1,46,0x0000000100000037,50,1,100184,20583,0,5371,0,36581,48030,2134,24,0,2
1,46,0x0000000100000037,50,1,90333,20557,0,5019,0,29581,47084,2038,0,0,2
1,46,0x0000000100000038,51,1,632407,19529,0,624491,0,5802,3727,105260,28,0,2
1,46,0x0000000100000038,51,1,631237,19287,0,624027,0,4949,3846,105194,0,0,2
1,46,0x00000002000000a1,53,1,20948,8350,0,2932,0,7457,3482,803,17,0,2
1,46,0x00000002000000b8,53,1,18606,8196,0,2300,0,6155,3177,675,0,0,2
1,46,0x0000000100000039,55,1,58885,20694,0,2434,0,36815,839,474,13,0,2
1,46,0x0000000200000138,56,1,18669,7808,0,2695,0,14095,2789,220,17,0,2
1,46,0x0000000200000138,56,1,18267,7808,0,2447,0,14089,2750,216,0,0,2
1,46,0x0000000200000138,56,1,15996,7773,0,1397,0,11384,2104,197,0,0,2
1,47,0x0000000100000014,9,1,52395,14463,0,2215,0,0,34248,709,9,0,2
1,47,0x000000010000000b,4,1,21874,18708,0,1703,0,617,1443,239,21,0,2
1,47,0x000000010000000c,5,1,4961,2648,0,1205,0,3015,1365,280,18,0,2
1,47,0x000000010000000c,5,1,4700,2620,0,1800,0,2949,1355,274,0,0,2
1,47,0x000000010000000d,6,1,34912,27686,0,5541,0,26715,18618,2004,20,0,2
1,47,0x000000010000002a,34,1,19532,4722,0,4911,0,11877,131,1305,23,0,2
1,47,0x000000010000002a,34,1,17177,4675,0,4673,0,9972,332,1229,0,0,2
1,47,0x000000010000001f,20,1,28826,5263,0,4940,0,20615,324,1236,23,0,2
1,47,0x000000010000002e,38,1,2359,162,0,766,0,767,582,79,10,0,2
1,47,0x0000000100000016,11,1,11562,7729,0,2451,0,3317,2670,618,33,0,2
1,47,0x000000010000002e,38,1,1878,153,0,765,0,320,674,65,0,0,2
1,47,0x000000010000002e,38,1,2060,153,0,986,0,320,622,66,0,0,2
1,47,0x0000000100000022,23,1,51322,3837,0,2067,0,23485,20587,529,11,0,2
1,47,0x0000000100000022,23,1,52366,3790,0,2521,0,26542,18346,515,0,0,2
1,47,0x000000010000002e,38,1,2553,162,0,1304,0,839,293,63,0,0,2
1,47,0x000000010000002e,38,1,3038,162,0,970,0,1260,687,65,0,0,2
1,47,0x0000000100000025,27,1,315470,5350,0,311098,0,2233,701,51180,36,0,2
1,47,0x0000000100000025,27,1,314688,4875,0,310884,0,1943,684,51093,0,0,2
1,47,0x0000000100000025,27,1,314545,4905,0,310706,0,2208,701,51054,0,0,2
1,47,0x000000010000002e,38,1,2623,162,0,1113,0,1100,289,65,0,0,2
1,47,0x000000010000002e,38,1,2404,162,0,833,0,1219,235,62,0,0,2
1,47,0x000000010000002e,38,1,2609,162,0,910,0,1289,293,62,0,0,2
1,47,0x0000000100000018,13,1,1327342,96854,0,1223439,0,38184,41369,200908,53,0,2
1,47,0x0000000100000037,50,1,100273,20608,0,5692,0,37660,47325,2091,24,0,2
1,47,0x0000000100000037,50,1,102483,20574,0,5083,0,42882,46005,2038,0,0,2
1,47,0x0000000100000038,51,1,632355,19644,0,624347,0,4885,3985,105230,30,0,2
1,47,0x0000000100000038,51,1,631346,19287,0,624117,0,3959,4067,105195,0,0,2
1,47,0x0000000200000091,53,1,21132,8351,0,3226,0,7617,3670,833,17,0,2
1,47,0x00000002000000a8,53,1,19262,8196,0,3006,0,6059,3223,676,0,0,2
1,47,0x0000000100000039,55,1,57802,20679,0,2318,0,35596,989,477,13,0,2
1,47,0x0000000200000138,56,1,18631,7808,0,2676,0,14059,2936,237,18,0,2
1,47,0x0000000200000138,56,1,18056,7808,0,2266,0,13694,3053,216,0,0,2
1,47,0x0000000200000138,56,1,17120,7773,0,2414,0,12336,1943,198,0,0,2
1,13,0x0000000100000008,2,0,28451,0,23996,1905,7320,23609,0,281,19,868,2
1,13,0x000000010000001d,18,0,43673,0,24304,1487,23697,38230,0,445,19,749,2
1,13,0x000000010000001d,18,0,39746,0,24304,988,23446,34912,0,432,0,748,2
1,13,0x000000010000001a,15,0,50815,0,17136,2471,27208,48514,0,818,26,2794,2
1,13,0x0000000100000015,10,0,90471,0,34272,2739,55224,87807,0,1268,16,5186,2
1,13,0x0000000100000024,25,0,43641,0,14688,1716,21575,41796,0,699,19,1432,2
1,13,0x0000000100000017,12,0,299341,0,117504,3898,172631,294830,0,2663,17,16114,2
1,13,0x0000000100000026,28,0,41335,0,1736,1022,1179,4050,0,127,17,2936,2
1,13,0x0000000100000026,28,0,40634,0,1736,609,1191,4066,0,111,0,2936,2
1,13,0x0000000100000036,48,0,39671,0,20832,2034,17994,15039,0,695,37,19976,2
1,13,0x0000000100000036,48,0,39387,0,20832,1731,17878,15984,0,644,0,19230,2
1,13,0x0000000100000036,48,0,43743,0,20832,2600,17960,20988,0,621,0,19144,2
1,13,0x0000000100000036,48,0,39375,0,20832,1720,17953,15343,0,611,0,19649,2
1,13,0x0000000100000036,48,0,41923,0,20832,2004,17988,19547,0,611,0,19344,2
1,13,0x000000020000004c,52,0,40127,0,19232,1554,11517,35240,0,202,9,1295,2
1,13,0x0000000200000031,52,0,33780,0,19232,1747,11927,28204,0,193,0,876,2
1,13,0x0000000200000135,54,0,44679,0,17808,1665,8503,36540,0,158,9,7708,2
1,13,0x00000002000000f5,54,0,36257,0,17808,1655,8844,28107,0,150,0,5717,2
1,13,0x00000002000000d6,54,0,37113,0,17808,899,8487,30389,0,142,0,5787,2
1,13,0x00000002000000f0,54,0,37600,0,17808,1346,8575,30480,0,141,0,5785,2
1,13,0x00000002000000cc,54,0,48058,0,17808,1284,8496,41747,0,141,0,5743,2
1,54,0x0000000100000019,14,1,18462,5038,0,1979,0,0,10410,311,8,0,2
1,54,0x000000010000000b,4,1,22208,18219,0,1704,0,683,2113,239,21,0,2
1,54,0x000000010000000c,5,1,5785,2578,0,1020,0,2546,1355,280,18,0,2
1,54,0x000000010000000c,5,1,4437,2558,0,1780,0,2430,1363,275,0,0,2
1,54,0x000000010000000d,6,1,34637,27170,0,5460,0,25442,19077,1995,19,0,2
1,54,0x000000010000002a,34,1,17490,4831,0,4809,0,9832,297,1308,22,0,2
1,54,0x000000010000002a,34,1,17254,4675,0,4616,0,10168,331,1211,0,0,2
1,54,0x000000010000001f,20,1,27863,5228,0,4923,0,19558,312,1227,22,0,2
1,54,0x000000010000002e,38,1,2140,231,0,801,0,337,671,79,10,0,2
1,54,0x0000000100000016,11,1,11225,7817,0,2280,0,3415,2525,626,32,0,2
1,54,0x000000010000002e,38,1,1895,153,0,776,0,319,647,62,0,0,2
1,54,0x0000000100000024,26,1,44512,3832,0,974,0,1960,3557,234,11,0,2
1,54,0x0000000100000022,23,1,50140,3814,0,1957,0,22578,20691,525,11,0,2
1,54,0x000000010000002e,38,1,2967,162,0,1126,0,992,616,67,3,0,2
1,54,0x0000000100000022,23,1,45844,3790,0,1794,0,22670,16435,512,0,0,2
1,54,0x000000010000002e,38,1,2572,162,0,1429,0,728,298,63,0,0,2
1,54,0x000000010000002e,38,1,2148,162,0,817,0,774,436,65,0,0,2
1,54,0x0000000100000025,27,1,315675,5261,0,311260,0,2030,685,51185,35,0,2
1,54,0x0000000100000025,27,1,314547,4884,0,310742,0,2650,677,51092,0,0,2
1,54,0x0000000100000025,27,1,314676,4885,0,310845,0,1913,667,51053,0,0,2
1,54,0x000000010000002e,38,1,2310,162,0,815,0,735,643,62,0,0,2
1,54,0x000000010000002e,38,1,2443,162,0,974,0,745,607,65,0,0,2
1,54,0x0000000100000026,29,1,46911,31032,0,3404,0,3273,7591,1457,21,0,2
1,54,0x0000000100000026,29,1,46731,31032,0,3443,0,3434,7322,1270,0,0,2
1,54,0x000000010000002e,38,1,1872,162,0,821,0,701,229,68,0,0,2
1,54,0x000000010000002e,38,1,1725,153,0,966,0,347,272,62,0,0,2
1,54,0x000000010000002e,38,1,1944,162,0,864,0,735,228,62,0,0,2
1,54,0x0000000100000030,42,1,4777,0,0,1023,0,1901,1242,31,4,0,2
1,54,0x0000000100000032,44,1,16022,759,0,14004,0,0,771,7416,10,0,2
1,54,0x0000000100000032,44,1,19350,186,0,18431,0,0,753,8170,0,0,2
1,54,0x0000000100000034,46,1,31533,6329,0,10470,0,11639,5951,2656,10,0,2
1,54,0x0000000100000034,46,1,34237,7072,0,13504,0,12648,5823,3783,0,0,2
1,54,0x0000000100000034,46,1,45641,9184,0,18159,0,20997,5431,3934,0,0,2
1,54,0x0000000100000036,49,1,37770,19511,0,2558,0,1660,9254,948,19,0,2
1,54,0x0000000100000036,49,1,37594,19448,0,2147,0,1865,7946,819,0,0,2
1,54,0x0000000100000036,49,1,41971,19526,0,4056,0,2103,8769,762,0,0,2
1,54,0x0000000100000036,49,1,37565,19492,0,2116,0,1894,8133,752,0,0,2
1,54,0x0000000100000036,49,1,40123,19470,0,2400,0,2229,9300,752,0,0,2
1,54,0x0000000100000037,50,1,98210,20515,0,5185,0,35101,47945,2115,24,0,2
1,54,0x0000000100000037,50,1,89716,20500,0,5289,0,28067,47321,2022,0,0,2
1,54,0x0000000100000038,51,1,632099,19521,0,624283,0,5589,3957,105267,32,0,2
1,54,0x0000000200000098,53,1,19653,8341,0,2641,0,6070,3387,787,18,0,2
1,54,0x0000000100000039,55,1,62727,20654,0,1766,0,40778,808,462,13,0,2
1,54,0x0000000200000138,56,1,18513,7808,0,2853,0,14012,2526,221,18,0,2
1,54,0x0000000200000138,56,1,17722,7808,0,1918,0,13707,2865,217,0,0,2
1,54,0x0000000200000138,56,1,17392,7773,0,2603,0,12328,2516,191,0,0,2
1,55,0x000000010000001e,19,1,10092,796,0,7926,0,0,264,584,13,0,2
1,55,0x000000010000000b,4,1,21610,18167,0,1543,0,686,1687,239,21,0,2
1,55,0x000000010000000c,5,1,5952,2745,0,1016,0,2683,1353,280,18,0,2
1,55,0x000000010000000c,5,1,4583,2651,0,1683,0,2727,1357,274,0,0,2
1,55,0x000000010000000d,6,1,35314,27821,0,5405,0,23997,18878,1989,20,0,2
1,55,0x000000010000002a,34,1,17167,4942,0,4610,0,9668,295,1292,23,0,2
1,55,0x000000010000002a,34,1,17785,4675,0,4475,0,10783,298,1165,0,0,2
1,55,0x000000010000002a,34,1,18438,4675,0,4385,0,11517,328,1135,0,0,2
1,55,0x000000010000001f,20,1,28431,5233,0,4717,0,20468,336,1239,23,0,2
1,55,0x000000010000002e,38,1,2044,233,0,1053,0,338,291,79,10,0,2
1,55,0x0000000100000016,11,1,11216,7783,0,1919,0,3228,2707,626,32,0,2
1,55,0x000000010000002e,38,1,2681,162,0,1157,0,755,648,65,0,0,2
1,55,0x000000010000002e,38,1,2276,162,0,805,0,732,618,69,0,0,2
1,55,0x0000000100000022,23,1,52029,3790,0,2142,0,23780,21188,529,11,0,2
1,55,0x000000010000002e,38,1,2011,153,0,993,0,551,280,63,0,0,2
1,55,0x0000000100000022,23,1,51972,3790,0,2209,0,27608,17188,512,0,0,2
1,55,0x000000010000002e,38,1,2826,162,0,1108,0,940,661,63,0,0,2
1,55,0x000000010000002e,38,1,2542,162,0,1241,0,748,432,65,0,0,2
1,55,0x0000000100000025,27,1,315422,5522,0,310893,0,2170,681,51181,37,0,2
1,55,0x0000000100000025,27,1,314846,4928,0,310981,0,2316,694,51093,0,0,2
1,55,0x0000000100000025,27,1,314456,4884,0,310643,0,1833,673,51054,0,0,2
1,55,0x000000010000002e,38,1,2551,162,0,1033,0,756,641,65,0,0,2
1,55,0x000000010000002e,38,1,2322,162,0,797,0,788,620,62,0,0,2
1,55,0x000000010000002e,38,1,2155,153,0,1040,0,340,651,62,0,0,2
1,55,0x000000010000002e,38,1,2297,162,0,760,0,794,626,62,0,0,2
1,55,0x000000010000002e,38,1,2464,162,0,957,0,1164,226,62,0,0,2
1,55,0x000000010000002e,38,1,1858,162,0,759,0,688,294,62,0,0,2
1,55,0x000000010000002e,38,1,2824,162,0,956,0,1154,597,62,0,0,2
1,55,0x000000010000002e,38,1,1519,153,0,759,0,348,272,62,0,0,2
1,55,0x000000010000002e,38,1,2053,162,0,966,0,742,228,62,0,0,2
1,55,0x0000000100000032,44,1,16067,906,0,14051,0,0,734,7440,10,0,2
1,55,0x0000000100000032,44,1,19360,186,0,18414,0,0,779,8183,0,0,2
1,55,0x0000000100000034,46,1,21177,4949,0,11999,0,1779,6071,3432,10,0,2
1,55,0x0000000100000034,46,1,19486,4240,0,11295,0,0,6064,3273,0,0,2
1,55,0x0000000100000034,46,1,40221,8480,0,15073,0,17833,5264,3895,0,0,2
1,55,0x0000000100000037,50,1,97225,20570,0,5777,0,33538,48421,2100,24,0,2
1,55,0x0000000100000037,50,1,91273,20582,0,5137,0,30325,47033,2031,0,0,2
1,55,0x0000000100000038,51,1,632393,19607,0,624501,0,5339,3803,105286,32,0,2
1,55,0x0000000200000088,53,1,19001,8595,0,2233,0,5954,3355,781,17,0,2
1,55,0x0000000100000039,55,1,61424,20607,0,1858,0,38587,842,469,13,0,2
1,55,0x0000000200000138,56,1,18247,7808,0,2524,0,13906,2795,236,18,0,2
1,55,0x0000000200000138,56,1,17853,7808,0,2087,0,13770,2616,225,0,0,2
1,55,0x0000000200000138,56,1,17021,7787,0,2147,0,12557,2776,199,0,0,2
1,17,0x0000000100000008,2,0,28162,0,23996,1710,7648,23094,0,285,16,591,2
1,17,0x000000010000001d,18,0,41900,0,24304,1090,23466,36803,0,450,17,884,2
1,17,0x000000010000001d,18,0,40375,0,24304,1072,23468,35336,0,432,0,753,2
1,17,0x000000010000001a,15,0,51085,0,17136,2616,26983,48296,0,818,26,3540,2
1,17,0x0000000100000015,10,0,90629,0,34272,2821,55036,87912,0,1270,15,5028,2
1,17,0x0000000100000024,25,0,43560,0,14688,1516,21595,42077,0,705,19,1432,2
1,17,0x0000000100000017,12,0,305240,0,117504,4386,174210,299151,0,2663,17,16509,2
1,17,0x0000000100000026,28,0,40905,0,1736,817,1116,3757,0,127,17,2936,2
1,17,0x0000000100000026,28,0,41131,0,1736,946,1132,4134,0,111,0,2936,2
1,17,0x0000000100000026,28,0,40566,0,1736,536,1124,3565,0,110,0,2936,2
1,17,0x0000000100000036,48,0,40579,0,20832,2101,17893,16718,0,696,36,19593,2
1,17,0x0000000100000036,48,0,39640,0,20832,1740,18075,16792,0,644,0,18893,2
1,17,0x0000000100000036,48,0,41293,0,20832,2937,17900,17916,0,611,0,19870,2
1,17,0x0000000100000036,48,0,39262,0,20832,1731,17915,16775,0,611,0,19782,2
1,17,0x0000000100000036,48,0,41840,0,20832,2136,17847,19031,0,611,0,19601,2
1,17,0x000000020000004b,52,0,40449,0,19232,1598,11311,35441,0,195,9,1362,2
1,17,0x0000000200000030,52,0,34519,0,19232,1547,12284,28211,0,186,0,890,2
1,17,0x0000000200000125,54,0,44777,0,17808,1877,8527,37330,0,158,9,7268,2
1,17,0x00000002000000e5,54,0,36620,0,17808,1639,8528,28623,0,150,0,5802,2
1,17,0x0000000200000133,54,0,36143,0,17808,1131,8583,28731,0,142,0,5784,2
1,17,0x00000002000000e0,54,0,37222,0,17808,1745,8672,29674,0,141,0,5713,2
1,17,0x000000020000012a,54,0,49392,0,17808,2387,8400,43461,0,141,0,5645,2
1,62,0x0000000100000023,24,1,99894,10777,0,8037,0,72652,57168,1979,13,0,2
1,62,0x000000010000000b,4,1,21419,18038,0,1373,0,688,1610,247,21,0,2
1,62,0x000000010000000c,5,1,5362,2582,0,1230,0,2879,1356,274,18,0,2
1,62,0x000000010000000c,5,1,4927,2548,0,1356,0,3448,1379,262,0,0,2
1,62,0x000000010000000d,6,1,34381,26480,0,5616,0,28743,18937,1978,21,0,2
1,62,0x000000010000002a,34,1,19219,4809,0,4550,0,11942,119,1298,22,0,2
1,62,0x000000010000002a,34,1,20217,4675,0,4567,0,13135,102,1159,0,0,2
1,62,0x000000010000002a,34,1,18590,4675,0,4277,0,11851,154,1135,0,0,2
1,62,0x000000010000001f,20,1,29490,5262,0,4639,0,21390,352,1236,22,0,2
1,62,0x000000010000002e,38,1,1660,221,0,726,0,339,291,82,10,0,2
1,62,0x0000000100000016,11,1,11730,7581,0,2742,0,2982,2654,612,33,0,2
1,62,0x000000010000002e,38,1,1820,153,0,705,0,313,659,62,0,0,2
1,62,0x0000000100000024,26,1,44367,3832,0,997,0,1911,3570,233,9,0,2
1,62,0x0000000100000022,23,1,35703,3796,0,2025,0,13897,14342,525,11,0,2
1,62,0x000000010000002e,38,1,3529,153,0,1254,0,1093,663,67,3,0,2
1,62,0x0000000100000022,23,1,53436,3790,0,1779,0,30292,16515,512,0,0,2
1,62,0x000000010000002e,38,1,2183,162,0,1219,0,551,296,63,0,0,2
1,62,0x000000010000002e,38,1,1834,162,0,732,0,759,222,65,0,0,2
1,62,0x0000000100000025,27,1,316091,5498,0,311191,0,1957,709,51180,32,0,2
1,62,0x0000000100000025,27,1,314503,4865,0,310688,0,2362,735,51088,0,0,2
1,62,0x0000000100000025,27,1,314718,4865,0,310880,0,2216,720,51053,0,0,2
1,62,0x000000010000002e,38,1,2020,162,0,715,0,536,652,62,0,0,2
1,62,0x000000010000002e,38,1,2341,162,0,925,0,709,586,65,0,0,2
1,62,0x0000000100000026,29,1,46788,31032,0,3372,0,3267,7450,1472,21,0,2
1,62,0x000000010000002e,38,1,2204,162,0,924,0,533,626,68,0,0,2
1,62,0x0000000100000026,29,1,46834,31032,0,3183,0,3234,7859,1270,0,0,2
1,62,0x0000000100000026,29,1,46633,31032,0,3397,0,2893,7776,1245,0,0,2
1,62,0x000000010000002e,38,1,1840,162,0,706,0,785,228,65,0,0,2
1,62,0x0000000100000032,44,1,17218,850,0,14843,0,0,878,7490,10,0,2
1,62,0x0000000100000032,44,1,18939,186,0,17926,0,0,844,8181,0,0,2
1,62,0x0000000100000034,46,1,22348,4342,0,15513,0,0,5684,3313,9,0,2
1,62,0x0000000100000034,46,1,88136,16620,0,14373,0,57865,5380,3856,0,0,2
1,62,0x0000000100000036,49,1,38567,19470,0,2527,0,2138,7840,945,16,0,2
1,62,0x0000000100000036,49,1,37781,19504,0,2148,0,1949,8769,812,0,0,2
1,62,0x0000000100000036,49,1,39367,19470,0,3603,0,1563,8217,765,0,0,2
1,62,0x0000000100000036,49,1,37378,19492,0,2119,0,1263,7349,757,0,0,2
1,62,0x0000000100000036,49,1,39918,19467,0,2506,0,2995,7841,757,0,0,2
1,62,0x0000000100000037,50,1,99195,20500,0,5398,0,36141,48124,2097,24,0,2
1,62,0x0000000100000037,50,1,96698,20536,0,6496,0,34026,46724,2015,0,0,2
1,62,0x0000000100000038,51,1,631991,19520,0,624148,0,5138,4082,105273,30,0,2
1,62,0x0000000100000039,55,1,65151,20877,0,2253,0,41760,887,462,13,0,2
1,62,0x0000000200000138,56,1,18351,7808,0,2261,0,13956,2615,219,22,0,2
1,62,0x0000000200000138,56,1,17885,7808,0,2764,0,13903,2581,216,0,0,2
1,62,0x0000000200000138,56,1,16934,7787,0,2225,0,13169,2411,198,0,0,2
1,63,0x0000000100000029,33,1,10226,709,0,7540,0,0,492,592,13,0,2
1,63,0x000000010000000b,4,1,21617,18398,0,1401,0,674,1714,239,21,0,2
1,63,0x000000010000000c,5,1,6414,2591,0,1260,0,2816,1363,274,18,0,2
1,63,0x000000010000000c,5,1,5291,2649,0,1009,0,3189,1365,262,0,0,2
1,63,0x000000010000000d,6,1,34610,27085,0,5566,0,22453,18908,1978,20,0,2
1,63,0x000000010000002a,34,1,19420,4881,0,4529,0,12145,120,1278,22,0,2
1,63,0x000000010000002a,34,1,20456,4675,0,4385,0,13420,302,1172,0,0,2
1,63,0x000000010000002a,34,1,20379,4675,0,4330,0,13470,308,1139,0,0,2
1,63,0x000000010000001f,20,1,29221,5263,0,4521,0,21333,321,1242,22,0,2
1,63,0x000000010000002e,38,1,1761,305,0,732,0,340,291,79,10,0,2
1,63,0x0000000100000016,11,1,11970,7565,0,2671,0,3013,2965,621,33,0,2
1,63,0x000000010000002e,38,1,1829,153,0,713,0,314,661,65,0,0,2
1,63,0x000000010000002e,38,1,2758,153,0,1648,0,344,609,66,0,0,2
1,63,0x0000000100000022,23,1,35488,3790,0,2035,0,12911,15242,529,11,0,2
1,63,0x000000010000002e,38,1,2290,162,0,1253,0,628,289,63,0,0,2
1,63,0x0000000100000022,23,1,53082,3790,0,1811,0,30863,15579,512,0,0,2
1,63,0x000000010000002e,38,1,2701,153,0,1085,0,768,650,63,0,0,2
1,63,0x000000010000002e,38,1,1862,162,0,755,0,747,221,65,0,0,2
1,63,0x0000000100000025,27,1,316065,5535,0,311158,0,1963,777,51190,32,0,2
1,63,0x0000000100000025,27,1,314529,4865,0,310691,0,2148,731,51080,0,0,2
1,63,0x0000000100000025,27,1,314716,4866,0,310899,0,1959,731,51054,0,0,2
1,63,0x000000010000002e,38,1,2241,162,0,716,0,750,654,65,0,0,2
1,63,0x000000010000002e,38,1,2354,162,0,939,0,711,587,62,0,0,2
1,63,0x000000010000002e,38,1,1871,162,0,709,0,751,294,62,0,0,2
1,63,0x000000010000002e,38,1,2187,162,0,919,0,523,628,62,0,0,2
1,63,0x000000010000002e,38,1,1955,162,0,705,0,536,597,62,0,0,2
1,63,0x000000010000002e,38,1,2808,162,0,931,0,1119,641,62,0,0,2
1,63,0x000000010000002e,38,1,1394,153,0,707,0,306,228,62,0,0,2
1,63,0x000000010000002e,38,1,2110,162,0,946,0,775,272,62,0,0,2
1,63,0x000000010000002e,38,1,1663,153,0,705,0,582,226,62,0,0,2
1,63,0x0000000100000032,44,1,16858,1113,0,14343,0,0,909,7479,10,0,2
1,63,0x0000000100000032,44,1,19014,186,0,18051,0,0,824,8213,0,0,2
1,63,0x0000000100000034,46,1,38527,6890,0,12608,0,16578,5532,2712,10,0,2
1,63,0x0000000100000034,46,1,34223,7248,0,13984,0,13479,5399,3795,0,0,2
1,63,0x0000000100000034,46,1,18653,4240,0,11171,0,0,5314,3272,0,0,2
1,63,0x0000000100000037,50,1,97773,20558,0,5575,0,35561,47835,2097,23,0,2
1,63,0x0000000100000037,50,1,89223,20481,0,5653,0,27591,47112,2024,0,0,2
1,63,0x0000000100000038,51,1,632024,19523,0,624156,0,4585,3836,105277,31,0,2
1,63,0x0000000100000039,55,1,65962,20936,0,2130,0,42674,854,469,13,0,2
1,63,0x0000000200000138,56,1,18224,7808,0,2182,0,13778,2859,226,18,0,2
1,63,0x0000000200000138,56,1,17742,7801,0,2529,0,13461,2896,221,0,0,2
1,63,0x0000000200000138,56,1,16317,7780,0,1687,0,12298,2209,199,0,0,2
1,21,0x0000000100000008,2,0,28114,0,23996,1485,7631,23190,0,293,17,733,2
1,21,0x000000010000001d,18,0,43389,0,24304,1275,23606,37289,0,465,18,1016,2
1,21,0x000000010000001d,18,0,39790,0,24304,981,23395,35260,0,439,0,725,2
1,21,0x000000010000001a,15,0,51320,0,17136,2529,27241,48964,0,818,26,2907,2
1,21,0x0000000100000015,10,0,89850,0,34272,2768,55042,87652,0,1279,15,4008,2
1,21,0x0000000100000024,25,0,42518,0,14688,1805,21941,40896,0,705,19,1432,2
1,21,0x0000000100000017,12,0,298165,0,117504,3901,172941,293796,0,2655,17,16003,2
1,21,0x0000000100000026,28,0,41161,0,1736,943,1156,4050,0,127,17,2936,2
1,21,0x0000000100000026,28,0,40823,0,1736,745,1164,3866,0,111,0,2936,2
1,21,0x0000000100000026,28,0,40602,0,1736,699,1164,3331,0,110,0,2936,2
1,21,0x000000010000002f,40,0,156611,0,15488,3311,11711,45647,0,1679,9,16064,2
1,21,0x0000000100000036,48,0,41089,0,20832,1985,17976,16954,0,699,35,19825,2
1,21,0x0000000100000036,48,0,39218,0,20832,1838,18025,16316,0,644,0,19526,2
1,21,0x0000000100000036,48,0,40987,0,20832,2433,17854,18233,0,611,0,19536,2
1,21,0x0000000100000036,48,0,40085,0,20832,1703,17791,16359,0,611,0,19894,2
1,21,0x0000000100000036,48,0,40794,0,20832,1998,17778,18736,0,611,0,19368,2
1,21,0x000000020000004a,52,0,40285,0,19232,1814,11999,34863,0,195,9,1262,2
1,21,0x000000020000002f,52,0,35764,0,19232,1461,11485,31080,0,186,0,873,2
1,21,0x000000020000001f,52,0,48024,0,19232,1432,11685,43050,0,169,0,882,2
1,21,0x00000002000000d5,54,0,38103,0,17808,1341,8592,29279,0,163,9,7037,2
1,21,0x0000000200000123,54,0,36745,0,17808,1234,8521,29890,0,150,0,5722,2
1,21,0x00000002000000d0,54,0,36938,0,17808,3668,8594,29535,0,142,0,5728,2
1,21,0x00000002000000df,54,0,34903,0,17808,1121,8840,26542,0,141,0,5734,2
1,21,0x0000000200000119,54,0,35124,0,17808,1326,8807,26094,0,141,0,5752,2
1,70,0x0000000200000000,39,1,4714,749,0,660,0,0,2774,43,9,0,2
1,70,0x000000010000000b,4,1,21192,18131,0,1468,0,661,1433,247,21,0,2
1,70,0x000000010000000c,5,1,6379,2596,0,1136,0,3309,1365,274,18,0,2
1,70,0x000000010000000c,5,1,4739,2581,0,1169,0,3148,1349,262,0,0,2
1,70,0x000000010000000d,6,1,34579,27259,0,5377,0,22349,18720,1978,21,0,2
1,70,0x000000010000002a,34,1,20144,4829,0,4844,0,12915,318,1306,23,0,2
1,70,0x000000010000002a,34,1,20647,4675,0,4515,0,13613,297,1151,0,0,2
1,70,0x000000010000002a,34,1,20067,4675,0,4455,0,13198,319,1139,0,0,2
1,70,0x000000010000001f,20,1,28787,5215,0,4960,0,20836,299,1236,22,0,2
1,70,0x000000010000002e,38,1,2284,209,0,1014,0,338,633,82,10,0,2
1,70,0x0000000100000016,11,1,11478,7606,0,2195,0,2963,2873,610,31,0,2
1,70,0x000000010000002e,38,1,1709,153,0,982,0,324,270,62,0,0,2
1,70,0x0000000100000024,26,1,43046,3832,0,819,0,1782,3646,234,11,0,2
1,70,0x0000000100000022,23,1,37068,3790,0,2563,0,15034,14476,525,11,0,2
1,70,0x000000010000002e,38,1,2468,153,0,891,0,568,678,67,3,0,2
1,70,0x0000000100000022,23,1,50995,3790,0,1984,0,26973,17113,512,0,0,2
1,70,0x000000010000002e,38,1,3092,162,0,1035,0,1337,603,63,0,0,2
1,70,0x000000010000002e,38,1,3127,162,0,1204,0,1153,653,65,0,0,2
1,70,0x0000000100000025,27,1,315738,5255,0,311151,0,2057,772,51178,34,0,2
1,70,0x0000000100000025,27,1,314862,4875,0,311069,0,1875,694,51088,0,0,2
1,70,0x0000000100000025,27,1,314511,4874,0,310687,0,2217,717,51053,0,0,2
1,70,0x000000010000002e,38,1,2563,162,0,991,0,1188,267,62,0,0,2
1,70,0x000000010000002e,38,1,2110,162,0,818,0,908,267,65,0,0,2
1,70,0x0000000100000026,29,1,47020,31032,0,3593,0,3186,7554,1462,21,0,2
1,70,0x000000010000002e,38,1,2427,162,0,807,0,1211,292,68,0,0,2
1,70,0x0000000100000026,29,1,47087,31032,0,3462,0,3400,7652,1270,0,0,2
1,70,0x0000000100000026,29,1,46321,31032,0,3222,0,3103,7415,1245,0,0,2
1,70,0x000000010000002f,41,1,166743,132879,0,19745,0,59086,27204,6856,18,0,2
1,70,0x0000000100000032,44,1,16252,839,0,14298,0,0,759,7529,9,0,2
1,70,0x0000000100000032,44,1,19243,186,0,18268,0,0,806,8219,0,0,2
1,70,0x0000000100000034,46,1,23243,4899,0,13264,0,2907,6079,3517,10,0,2
1,70,0x0000000100000034,46,1,18509,4240,0,11208,0,0,5140,3275,0,0,2
1,70,0x0000000100000034,46,1,18657,4240,0,11071,0,0,5422,3231,0,0,2
1,70,0x0000000100000034,46,1,19570,4240,0,11577,0,0,5922,3215,0,0,2
1,70,0x0000000100000036,49,1,38862,19519,0,2319,0,1459,8961,961,19,0,2
1,70,0x0000000100000036,49,1,37597,19504,0,2336,0,1509,7870,822,0,0,2
1,70,0x0000000100000036,49,1,38836,19470,0,2135,0,1754,8733,767,0,0,2
1,70,0x0000000100000036,49,1,38285,19492,0,2298,0,1865,8343,759,0,0,2
1,70,0x0000000100000036,49,1,38734,19492,0,2125,0,1770,8181,759,0,0,2
1,70,0x0000000100000037,50,1,97106,20575,0,5555,0,34799,48111,2105,23,0,2
1,70,0x0000000100000037,50,1,90691,20558,0,5049,0,31001,46588,2015,0,0,2
1,70,0x0000000100000038,51,1,632331,19526,0,624519,0,5755,3441,105289,30,0,2
1,70,0x0000000100000039,55,1,65997,20882,0,2076,0,43258,798,472,13,0,2
1,70,0x0000000200000138,56,1,18113,7808,0,2022,0,13408,2843,229,20,0,2
1,70,0x0000000200000138,56,1,17416,7801,0,2144,0,13509,2746,217,0,0,2
1,70,0x0000000200000138,56,1,16273,7778,0,1848,0,11584,2410,191,0,0,2
1,71,0x0000000200000001,39,1,4499,915,0,1192,0,0,2593,45,9,0,2
1,71,0x000000010000000b,4,1,21110,17768,0,1447,0,636,1735,247,21,0,2
1,71,0x000000010000000c,5,1,6069,2581,0,1093,0,3140,1352,274,18,0,2
1,71,0x000000010000000c,5,1,4818,2594,0,1172,0,3082,1353,262,0,0,2
1,71,0x000000010000000d,6,1,34087,26848,0,5354,0,21726,18877,1985,20,0,2
1,71,0x000000010000002a,34,1,20354,4839,0,4491,0,13207,319,1293,23,0,2
1,71,0x000000010000002a,34,1,18887,4675,0,4510,0,11919,300,1182,0,0,2
1,71,0x000000010000002a,34,1,18953,4675,0,4595,0,11937,319,1139,0,0,2
1,71,0x000000010000001f,20,1,28927,5253,0,4901,0,21191,337,1228,23,0,2
1,71,0x000000010000002e,38,1,2628,162,0,1014,0,763,632,82,10,0,2
1,71,0x0000000100000016,11,1,11611,7578,0,2179,0,3413,3018,612,33,0,2
1,71,0x000000010000002e,38,1,1715,153,0,991,0,323,269,65,0,0,2
1,71,0x000000010000002e,38,1,2476,162,0,981,0,780,594,69,0,0,2
1,71,0x0000000100000022,23,1,36072,3790,0,2173,0,14015,14850,529,11,0,2
1,71,0x000000010000002e,38,1,2852,162,0,1072,0,1040,623,63,0,0,2
1,71,0x0000000100000022,23,1,43696,3790,0,2316,0,20475,15797,512,0,0,2
1,71,0x000000010000002e,38,1,2035,153,0,1012,0,641,229,63,0,0,2
1,71,0x000000010000002e,38,1,3140,162,0,1219,0,1152,648,65,0,0,2
1,71,0x0000000100000025,27,1,315490,5484,0,310935,0,2015,711,51198,33,0,2
1,71,0x0000000100000025,27,1,314691,4874,0,310897,0,2120,672,51090,0,0,2
1,71,0x0000000100000025,27,1,314492,4875,0,310644,0,1994,720,51054,0,0,2
1,71,0x000000010000002e,38,1,2489,162,0,985,0,1120,267,65,0,0,2
1,71,0x000000010000002e,38,1,2153,162,0,801,0,773,459,62,0,0,2
1,71,0x000000010000002e,38,1,2501,162,0,984,0,753,647,62,0,0,2
1,71,0x000000010000002e,38,1,2451,162,0,784,0,1257,293,62,0,0,2
1,71,0x000000010000002e,38,1,2492,162,0,982,0,1123,270,62,0,0,2
1,71,0x000000010000002e,38,1,1927,162,0,783,0,757,270,62,0,0,2
1,71,0x000000010000002e,38,1,2899,162,0,983,0,1158,641,62,0,0,2
1,71,0x000000010000002e,38,1,1868,162,0,781,0,744,226,62,0,0,2
1,71,0x0000000100000032,44,1,16192,746,0,14404,0,0,756,7549,10,0,2
1,71,0x0000000100000032,44,1,19447,186,0,18479,0,0,804,8237,0,0,2
1,71,0x0000000100000034,46,1,21020,4354,0,12918,0,0,6116,3314,10,0,2
1,71,0x0000000100000034,46,1,93387,17324,0,15364,0,61451,6040,3921,0,0,2
1,71,0x0000000100000037,50,1,96669,20517,0,5481,0,35072,47375,2079,23,0,2
1,71,0x0000000100000037,50,1,89137,20481,0,5765,0,28675,46394,2024,0,0,2
1,71,0x0000000100000038,51,1,632342,19566,0,624517,0,3773,3762,105277,31,0,2
1,71,0x0000000100000039,55,1,71765,20796,0,2063,0,49199,793,469,13,0,2
1,71,0x0000000200000138,56,1,17867,7808,0,1863,0,13289,2793,226,23,0,2
1,71,0x0000000200000138,56,1,17272,7801,0,1963,0,13304,2792,221,0,0,2
1,71,0x0000000200000138,56,1,16195,7801,0,1838,0,11692,2663,206,0,0,2
1,25,0x0000000100000008,2,0,28140,0,23996,1502,7618,23084,0,292,16,592,2
1,25,0x000000010000001d,18,0,43177,0,24304,1350,23455,38312,0,451,18,1000,2
1,25,0x000000010000001d,18,0,39966,0,24304,948,23576,35207,0,432,0,729,2
1,25,0x000000010000001a,15,0,50655,0,17136,2548,26481,48365,0,820,28,3705,2
1,25,0x0000000100000015,10,0,89949,0,34272,2664,55055,88051,0,1259,15,3804,2
1,25,0x0000000100000024,25,0,42969,0,14688,1765,21504,41369,0,705,19,1432,2
1,25,0x0000000100000017,12,0,290148,0,117504,3883,170543,286360,0,2669,17,16054,2
1,25,0x0000000100000026,28,0,41082,0,1736,893,1092,3595,0,127,17,2936,2
1,25,0x0000000100000026,28,0,40891,0,1736,688,1100,3605,0,111,0,2936,2
1,25,0x0000000100000026,28,0,41288,0,1736,721,1100,3819,0,110,0,2936,2
1,25,0x0000000100000036,48,0,40122,0,20832,1767,18168,17526,0,690,35,20186,2
1,25,0x0000000100000036,48,0,39700,0,20832,1889,17869,16151,0,644,0,19544,2
1,25,0x0000000100000036,48,0,41122,0,20832,1878,17850,19199,0,621,0,19611,2
1,25,0x0000000100000036,48,0,42444,0,20832,1890,17817,20353,0,611,0,19240,2
1,25,0x0000000100000036,48,0,40433,0,20832,1880,17892,17718,0,611,0,19000,2
1,25,0x0000000200000049,52,0,40610,0,19232,2541,12121,34505,0,195,9,1207,2
1,25,0x000000020000002e,52,0,35577,0,19232,1982,11618,30680,0,186,0,879,2
1,25,0x000000020000001e,52,0,48151,0,19232,3392,11186,42126,0,169,0,893,2
1,25,0x0000000200000015,52,0,36355,0,19232,1442,12185,31814,0,169,0,901,2
1,25,0x0000000200000132,54,0,38151,0,17808,2066,8457,27827,0,158,9,7207,2
1,25,0x000000020000012e,54,0,37995,0,17808,2125,8928,29482,0,150,0,5770,2
1,25,0x00000002000000cf,54,0,35072,0,17808,1479,8768,26139,0,142,0,5840,2
1,25,0x0000000200000109,54,0,34922,0,17808,1306,8773,26397,0,141,0,5725,2
1,78,0x0000000200000002,39,1,4558,731,0,1063,0,0,2807,45,9,0,2
1,78,0x000000010000000b,4,1,21255,17651,0,1527,0,706,1862,247,21,0,2
1,78,0x000000010000000c,5,1,6267,2669,0,1585,0,3178,1374,274,18,0,2
1,78,0x000000010000000c,5,1,4793,2572,0,1841,0,3148,1371,262,0,0,2
1,78,0x000000010000000d,6,1,35830,28096,0,5397,0,24847,19047,1977,20,0,2
1,78,0x000000010000002a,34,1,19610,4830,0,4983,0,11961,334,1305,22,0,2
1,78,0x000000010000002a,34,1,18869,4675,0,4624,0,11732,304,1151,0,0,2
1,78,0x000000010000002a,34,1,18928,4675,0,4958,0,11660,302,1139,0,0,2
1,78,0x000000010000001f,20,1,29677,5255,0,5272,0,21748,341,1220,22,0,2
1,78,0x000000010000002e,38,1,2032,296,0,1059,0,342,223,82,10,0,2
1,78,0x0000000100000016,11,1,11221,7591,0,1918,0,3146,2920,621,33,0,2
1,78,0x000000010000002e,38,1,2205,153,0,1055,0,334,663,62,0,0,2
1,78,0x0000000100000024,26,1,43480,3832,0,840,0,1827,3605,234,11,0,2
1,78,0x0000000100000022,23,1,39382,3790,0,2284,0,17450,14809,525,11,0,2
1,78,0x000000010000002e,38,1,2546,162,0,1067,0,555,659,67,3,0,2
1,78,0x0000000100000022,23,1,57431,3790,0,1999,0,33928,16716,512,0,0,2
1,78,0x000000010000002e,38,1,1920,153,0,913,0,575,279,63,0,0,2
1,78,0x000000010000002e,38,1,2465,162,0,1074,0,837,434,68,0,0,2
1,78,0x0000000100000025,27,1,315234,5263,0,310930,0,1828,693,51180,32,0,2
1,78,0x0000000100000025,27,1,314701,4871,0,310889,0,2357,692,51089,0,0,2
1,78,0x0000000100000025,27,1,314520,4897,0,310641,0,2425,784,51053,0,0,2
1,78,0x000000010000002e,38,1,2537,162,0,1027,0,742,651,62,0,0,2
1,78,0x000000010000002e,38,1,2316,162,0,875,0,717,607,65,0,0,2
1,78,0x0000000100000026,29,1,47064,31032,0,3583,0,3267,7403,1462,21,0,2
1,78,0x000000010000002e,38,1,2442,162,0,888,0,737,700,68,0,0,2
1,78,0x0000000100000026,29,1,47092,31032,0,3446,0,2997,7995,1270,0,0,2
1,78,0x0000000100000026,29,1,47168,31032,0,3221,0,3174,8081,1245,0,0,2
1,78,0x0000000100000032,44,1,16363,646,0,14541,0,0,876,7563,10,0,2
1,78,0x0000000100000032,44,1,19811,186,0,18817,0,0,871,8256,0,0,2
1,78,0x0000000100000034,46,1,41503,7603,0,11564,0,20552,5493,2814,10,0,2
1,78,0x0000000100000034,46,1,34894,7424,0,13394,0,13766,5633,3827,0,0,2
1,78,0x0000000100000034,46,1,130639,25068,0,17842,0,90159,5639,4625,0,0,2
1,78,0x0000000100000036,49,1,38064,19492,0,2320,0,2132,8324,945,16,0,2
1,78,0x0000000100000036,49,1,37823,19492,0,2329,0,1721,8520,812,0,0,2
1,78,0x0000000100000036,49,1,39170,19505,0,2133,0,2170,8881,765,0,0,2
1,78,0x0000000100000036,49,1,40650,19523,0,2290,0,625,7871,757,0,0,2
1,78,0x0000000100000036,49,1,38534,19470,0,2313,0,3341,8822,757,0,0,2
1,78,0x0000000100000037,50,1,99326,20532,0,5485,0,37021,47739,2112,23,0,2
1,78,0x0000000100000037,50,1,87802,20549,0,5077,0,26651,47340,2015,0,0,2
1,78,0x0000000100000038,51,1,632441,19527,0,624632,0,5340,3679,105266,31,0,2
1,78,0x0000000100000039,55,1,62212,20560,0,1739,0,38510,874,462,13,0,2
1,78,0x0000000200000138,56,1,18124,7808,0,3034,0,13589,2458,220,18,0,2
1,78,0x0000000200000138,56,1,17261,7807,0,2351,0,13055,2711,216,0,0,2
1,78,0x0000000200000138,56,1,15939,7773,0,1619,0,10962,2008,198,0,0,2
1,79,0x0000000200000003,39,1,4384,718,0,759,0,0,2613,45,9,0,2
1,79,0x000000010000000b,4,1,21336,17651,0,1459,0,634,2080,247,21,0,2
1,79,0x000000010000000c,5,1,5967,2558,0,1545,0,2874,1371,274,18,0,2
1,79,0x000000010000000c,5,1,5177,2647,0,1615,0,2912,1368,262,0,0,2
1,79,0x000000010000000d,6,1,34421,26840,0,5366,0,22782,19146,1978,19,0,2
1,79,0x000000010000002a,34,1,18854,4830,0,4962,0,11575,334,1280,24,0,2
1,79,0x000000010000002a,34,1,20197,4675,0,4707,0,13215,122,1166,0,0,2
1,79,0x000000010000002a,34,1,20129,4675,0,4901,0,13094,126,1142,0,0,2
1,79,0x000000010000001f,20,1,29525,5257,0,5203,0,21208,370,1228,22,0,2
1,79,0x000000010000002e,38,1,2062,310,0,1089,0,339,222,82,10,0,2
1,79,0x0000000100000016,11,1,10962,7523,0,1850,0,3057,2929,622,34,0,2
1,79,0x000000010000002e,38,1,2441,153,0,1296,0,334,658,65,0,0,2
1,79,0x000000010000002e,38,1,1584,153,0,879,0,329,259,69,0,0,2
1,79,0x0000000100000022,23,1,44073,3790,0,2672,0,21720,14819,529,11,0,2
1,79,0x000000010000002e,38,1,2067,162,0,894,0,779,277,63,0,0,2
1,79,0x0000000100000022,23,1,52250,3790,0,2513,0,27863,17014,512,0,0,2
1,79,0x000000010000002e,38,1,2428,162,0,929,0,751,631,63,0,0,2
1,79,0x000000010000002e,38,1,2464,162,0,1084,0,764,451,65,0,0,2
1,79,0x0000000100000025,27,1,315234,5282,0,310921,0,2263,712,51199,32,0,2
1,79,0x0000000100000025,27,1,314658,4871,0,310865,0,2223,697,51090,0,0,2
1,79,0x0000000100000025,27,1,314444,4872,0,310613,0,2187,703,51054,0,0,2
1,79,0x000000010000002e,38,1,2618,162,0,1072,0,776,653,65,0,0,2
1,79,0x000000010000002e,38,1,2270,162,0,837,0,712,604,62,0,0,2
1,79,0x000000010000002e,38,1,2581,162,0,1053,0,743,668,62,0,0,2
1,79,0x000000010000002e,38,1,2401,162,0,830,0,782,672,62,0,0,2
1,79,0x000000010000002e,38,1,2785,162,0,1173,0,1203,292,62,0,0,2
1,79,0x000000010000002e,38,1,1782,153,0,832,0,574,247,62,0,0,2
1,79,0x000000010000002e,38,1,2613,153,0,1056,0,746,658,62,0,0,2
1,79,0x000000010000002e,38,1,2656,162,0,832,0,1108,599,62,0,0,2
1,79,0x0000000100000032,44,1,16190,523,0,14597,0,0,801,7583,10,0,2
1,79,0x0000000100000032,44,1,17269,186,0,16281,0,0,821,7838,0,0,2
1,79,0x0000000100000032,44,1,20046,186,0,19105,0,0,782,8188,0,0,2
1,79,0x0000000100000034,46,1,22380,5094,0,11722,0,3454,5611,3517,10,0,2
1,79,0x0000000100000034,46,1,19249,4240,0,11200,0,0,5859,3273,0,0,2
1,79,0x0000000100000034,46,1,114965,22252,0,16878,0,78249,5788,4443,0,0,2
1,79,0x0000000100000037,50,1,97775,20598,0,5389,0,35052,48539,2105,24,0,2
1,79,0x0000000100000037,50,1,96399,20517,0,5064,0,35264,47273,2024,0,0,2
1,79,0x0000000100000038,51,1,632456,19527,0,624618,0,4675,3512,105281,30,0,2
1,79,0x0000000100000039,55,1,61704,20558,0,1731,0,38076,838,469,13,0,2
1,79,0x0000000200000138,56,1,17954,7808,0,2756,0,13043,2805,225,17,0,2
1,79,0x0000000200000138,56,1,17051,7808,0,2203,0,13203,2457,222,0,0,2
1,79,0x0000000200000138,56,1,16873,7759,0,2979,0,12017,1985,206,0,0,2
2,2,0x0000000100000008,2,0,28007,0,23996,1965,9198,21891,0,278,16,411,2
2,2,0x0000000100000008,2,0,26125,0,23996,1223,6309,15249,0,256,0,309,2
2,2,0x0000000100000028,32,0,57898,0,38640,1539,24184,50682,0,448,19,882,2
2,2,0x000000010000001d,18,0,40397,0,24304,995,23673,34213,0,450,17,1005,2
2,2,0x000000010000001a,15,0,51230,0,17136,2476,27123,48798,0,816,25,2922,2
2,2,0x0000000100000024,25,0,41979,0,14688,1510,21861,40629,0,705,19,1432,2
2,2,0x0000000100000017,12,0,302037,0,117504,4111,172562,297138,0,2663,17,16191,2
2,2,0x0000000100000036,48,0,41765,0,20832,2478,18120,16758,0,691,36,19627,2
2,2,0x0000000100000036,48,0,40774,0,20832,2068,17855,16285,0,633,0,19896,2
2,2,0x0000000100000036,48,0,43623,0,20832,1687,17982,21416,0,619,0,19358,2
2,2,0x0000000100000036,48,0,40951,0,20832,1887,17984,18564,0,611,0,20046,2
2,2,0x0000000100000036,48,0,39845,0,20832,1677,18052,17111,0,611,0,19402,2
2,2,0x0000000200000087,52,0,36840,0,19232,1980,11344,31004,0,194,8,1212,2
2,2,0x0000000200000072,52,0,36124,0,19232,1655,11830,30582,0,187,0,908,2
2,2,0x0000000200000063,52,0,36523,0,19232,1769,12081,31080,0,170,0,882,2
2,2,0x0000000200000056,52,0,33602,0,19232,1500,12236,28422,0,170,0,871,2
2,2,0x000000020000003a,52,0,35192,0,19232,1760,12281,29248,0,170,0,890,2
2,2,0x0000000200000025,52,0,46231,0,19232,1679,11112,42110,0,170,0,915,2
2,2,0x000000020000000b,52,0,36476,0,19232,1615,12304,30209,0,170,0,903,2
2,2,0x0000000200000131,54,0,38322,0,17808,1273,8501,29970,0,164,9,7644,2
2,2,0x000000020000011d,54,0,43619,0,17808,1242,8778,36133,0,154,0,5716,2
2,2,0x00000002000000cb,54,0,34827,0,17808,1031,8555,26626,0,141,0,5736,2
2,32,0x0000000200000006,39,1,7109,922,0,1958,0,0,3180,42,9,0,2
2,32,0x0000000100000033,45,1,325645,9754,0,314044,0,1656,1827,52380,29,0,2
2,32,0x000000010000000d,6,1,34163,26385,0,5670,0,24221,18982,1983,21,0,2
2,32,0x000000010000002a,34,1,21587,4790,0,5598,0,12498,324,1272,22,0,2
2,32,0x000000010000002a,34,1,17951,4675,0,4439,0,11122,119,1203,0,0,2
2,32,0x000000010000002a,34,1,16455,4675,0,4293,0,9973,110,1136,0,0,2
2,32,0x000000010000001b,16,1,67559,5325,0,58970,0,3517,2035,10439,65,0,2
2,32,0x000000010000002e,38,1,2297,217,0,996,0,340,648,82,10,0,2
2,32,0x000000010000002e,38,1,2370,153,0,1237,0,321,656,69,0,0,2
2,32,0x0000000100000024,26,1,42992,3832,0,1193,0,1723,3535,226,9,0,2
2,32,0x0000000100000022,23,1,37240,3790,0,3454,0,14048,14296,525,11,0,2
2,32,0x000000010000002d,37,1,7587,1217,0,2824,0,951,3449,342,16,0,2
2,32,0x000000010000002e,38,1,2923,153,0,1357,0,620,646,76,7,0,2
2,32,0x000000010000002e,38,1,2580,162,0,1001,0,796,665,68,0,0,2
2,32,0x000000010000002e,38,1,2424,162,0,1062,0,1004,241,62,0,0,2
2,32,0x000000010000002e,38,1,1782,153,0,998,0,388,260,62,0,0,2
2,32,0x0000000100000022,23,1,46439,3790,0,1997,0,25707,14246,510,0,0,2
2,32,0x0000000100000025,27,1,316103,5253,0,311032,0,1870,782,51185,32,0,2
2,32,0x000000010000002e,38,1,2219,162,0,1044,0,717,223,69,1,0,2
2,32,0x0000000100000025,27,1,314650,4857,0,310816,0,1971,737,51072,0,0,2
2,32,0x0000000100000018,13,1,1327398,96338,0,1223516,0,38364,42764,200828,47,0,2
2,32,0x0000000100000036,49,1,40145,19492,0,3025,0,1683,8227,962,18,0,2
2,32,0x0000000100000036,49,1,38959,19470,0,2563,0,1684,8598,840,0,0,2
2,32,0x0000000100000036,49,1,42090,19526,0,2389,0,2207,9542,763,0,0,2
2,32,0x0000000100000036,49,1,39012,19470,0,2600,0,1296,8301,753,0,0,2
2,32,0x0000000100000036,49,1,38283,19492,0,2285,0,1748,8260,753,0,0,2
2,32,0x0000000100000037,50,1,99235,20590,0,5372,0,36774,48118,2111,23,0,2
2,32,0x0000000100000037,50,1,88668,20500,0,5194,0,27080,47618,2025,0,0,2
2,32,0x0000000100000038,51,1,635429,20516,0,625299,0,6820,3868,105227,27,0,2
2,32,0x00000002000000c4,53,1,20006,8312,0,2636,0,6879,3523,811,18,0,2
2,32,0x00000002000000bd,53,1,25195,8196,0,3798,0,10874,3519,695,0,0,2
2,32,0x000000020000008a,53,1,21261,8196,0,2715,0,8080,3412,644,0,0,2
2,32,0x0000000100000039,55,1,67867,20579,0,1970,0,45558,810,474,13,0,2
2,32,0x0000000200000138,56,1,17466,7808,0,2252,0,13082,2386,230,18,0,2
2,32,0x0000000200000138,56,1,16596,7808,0,2019,0,12530,2485,209,0,0,2
2,32,0x0000000200000138,56,1,15671,7794,0,2042,0,11370,2225,191,0,0,2
2,33,0x0000000200000007,39,1,6966,911,0,1840,0,0,3146,43,9,0,2
2,33,0x0000000200000004,39,1,2179,597,0,780,0,0,1286,34,0,0,2
2,33,0x0000000100000033,45,1,325399,9456,0,314276,0,1667,1748,52385,29,0,2
2,33,0x000000010000000d,6,1,35078,27522,0,5375,0,23480,18951,1985,21,0,2
2,33,0x000000010000002a,34,1,20224,4778,0,5338,0,11963,321,1302,22,0,2
2,33,0x000000010000002a,34,1,18505,4675,0,4677,0,11562,121,1218,0,0,2
2,33,0x000000010000002a,34,1,17287,4675,0,4401,0,10736,109,1137,0,0,2
2,33,0x000000010000001b,16,1,67240,5339,0,58678,0,3210,2111,10408,65,0,2
2,33,0x000000010000002e,38,1,2366,220,0,1067,0,339,644,82,10,0,2
2,33,0x000000010000002e,38,1,2022,153,0,837,0,322,707,69,0,0,2
2,33,0x000000010000002e,38,1,2406,153,0,1254,0,327,668,69,0,0,2
2,33,0x000000010000002e,38,1,2305,162,0,821,0,763,604,62,0,0,2
2,33,0x0000000100000022,23,1,38766,4501,0,2238,0,15862,15069,523,11,0,2
2,33,0x000000010000002d,37,1,7382,1265,0,2686,0,883,3790,348,16,0,2
2,33,0x0000000100000025,27,1,319433,6697,0,312173,0,2378,699,51173,33,0,2
2,33,0x0000000100000025,27,1,314443,4857,0,310658,0,1940,733,51081,0,0,2
2,33,0x000000010000002e,38,1,2330,162,0,1066,0,739,288,82,9,0,2
2,33,0x0000000100000025,27,1,315306,4857,0,310666,0,2107,740,51049,1,0,2
2,33,0x000000010000002e,38,1,2321,162,0,1049,0,726,426,68,0,0,2
2,33,0x000000010000002e,38,1,1940,162,0,900,0,715,285,62,0,0,2
2,33,0x000000010000002e,38,1,2749,162,0,1036,0,963,633,62,0,0,2
2,33,0x000000010000002e,38,1,1882,153,0,804,0,340,609,62,0,0,2
2,33,0x000000010000002e,38,1,2648,162,0,1054,0,809,668,62,0,0,2
2,33,0x000000010000002e,38,1,2307,162,0,804,0,726,660,62,0,0,2
2,33,0x000000010000002e,38,1,2637,162,0,1035,0,838,647,62,0,0,2
2,33,0x000000010000002e,38,1,1872,153,0,806,0,322,605,62,0,0,2
2,33,0x000000010000002e,38,1,2722,162,0,1041,0,1142,422,62,0,0,2
2,33,0x000000010000002e,38,1,2118,153,0,806,0,523,660,62,0,0,2
2,33,0x000000010000002e,38,1,2528,162,0,1033,0,1119,259,62,0,0,2
2,33,0x000000010000002e,38,1,2731,162,0,806,0,1159,649,62,0,0,2
2,33,0x000000010000002e,38,1,2117,162,0,1034,0,719,247,62,0,0,2
2,33,0x0000000100000031,43,1,179917,59652,0,162161,0,9448,7258,53935,14,0,2
2,33,0x0000000100000032,44,1,17265,1073,0,15168,0,0,797,7601,10,0,2
2,33,0x0000000100000032,44,1,19548,186,0,18659,0,0,825,8291,0,0,2
2,33,0x0000000100000035,47,1,5006,1413,0,1112,0,1026,901,59,8,0,2
2,33,0x0000000100000034,46,1,54971,11110,0,12654,0,30494,5121,3178,9,0,2
2,33,0x0000000100000034,46,1,41321,8656,0,14897,0,18768,5262,3983,0,0,2
2,33,0x0000000100000037,50,1,100096,20589,0,5320,0,38265,47680,2102,23,0,2
2,33,0x0000000100000037,50,1,93037,20535,0,5282,0,32514,47116,2018,0,0,2
2,33,0x0000000100000038,51,1,634984,20473,0,625296,0,6299,4121,105264,28,0,2
2,33,0x00000002000000b4,53,1,20015,8313,0,2629,0,6826,3411,811,18,0,2
2,33,0x00000002000000ad,53,1,23694,8196,0,2810,0,10391,3512,668,0,0,2
2,33,0x0000000100000039,55,1,62525,20563,0,2052,0,40282,803,476,13,0,2
2,33,0x0000000200000138,56,1,17147,7808,0,1824,0,12435,2703,227,18,0,2
2,33,0x0000000200000138,56,1,16562,7808,0,1891,0,12330,2680,223,0,0,2
2,33,0x0000000200000138,56,1,15536,7801,0,1681,0,10782,2313,199,0,0,2
2,6,0x0000000100000008,2,0,27443,0,23996,1862,8957,21657,0,272,17,409,2
2,6,0x0000000100000028,32,0,57791,0,38640,1851,24095,50626,0,448,19,848,2
2,6,0x000000010000001d,18,0,41464,0,24304,1053,23585,35322,0,451,18,1007,2
2,6,0x000000010000001a,15,0,50455,0,17136,2485,27324,48191,0,819,27,4075,2
2,6,0x0000000100000024,25,0,43561,0,14688,1530,22350,42165,0,705,18,1432,2
2,6,0x0000000100000017,12,0,273701,0,117504,4431,172397,269286,0,2663,17,16233,2
2,6,0x0000000100000036,48,0,41120,0,20832,1977,18041,16052,0,698,34,19676,2
2,6,0x0000000100000036,48,0,40053,0,20832,2079,18015,17245,0,635,0,19588,2
2,6,0x0000000100000036,48,0,42344,0,20832,1698,17907,20051,0,621,0,19530,2
2,6,0x0000000100000036,48,0,42458,0,20832,1940,17938,20152,0,611,0,19592,2
2,6,0x0000000100000036,48,0,41546,0,20832,1695,18004,19044,0,611,0,19671,2
2,6,0x0000000200000086,52,0,35090,0,19232,2203,12238,27787,0,195,9,1270,2
2,6,0x0000000200000071,52,0,36949,0,19232,1966,12269,31301,0,187,0,865,2
2,6,0x0000000200000062,52,0,37409,0,19232,1422,11890,32134,0,170,0,870,2
2,6,0x0000000200000055,52,0,35402,0,19232,1645,12245,29304,0,170,0,866,2
2,6,0x0000000200000039,52,0,35387,0,19232,2042,12002,29905,0,170,0,890,2
2,6,0x0000000200000024,52,0,46058,0,19232,1515,11044,41934,0,170,0,924,2
2,6,0x000000020000000a,52,0,34969,0,19232,1566,12078,29504,0,170,0,906,2
2,6,0x0000000200000121,54,0,38440,0,17808,1149,8256,30612,0,164,9,7215,2
2,6,0x000000020000010d,54,0,42816,0,17808,1254,8692,35951,0,154,0,5693,2
2,6,0x0000000200000129,54,0,35030,0,17808,1484,8913,25685,0,141,0,5690,2
2,40,0x0000000200000005,39,1,3340,722,0,1175,0,0,1517,43,9,0,2
2,40,0x0000000100000013,8,1,48924,3995,0,41996,0,333,762,6775,45,0,2
2,40,0x000000010000000b,4,1,21458,18145,0,1248,0,663,1895,240,21,0,2
2,40,0x000000010000000c,5,1,6706,2869,0,1487,0,3504,1365,281,18,0,2
2,40,0x000000010000000c,5,1,4351,2600,0,1278,0,2790,1353,276,0,0,2
2,40,0x000000010000002a,34,1,18499,5013,0,4669,0,10548,115,1293,23,0,2
2,40,0x000000010000002a,34,1,19837,4675,0,4485,0,12848,133,1215,0,0,2
2,40,0x000000010000002a,34,1,18602,4675,0,4414,0,11966,120,1137,0,0,2
2,40,0x000000010000001b,16,1,67235,5257,0,58755,0,3215,2062,10455,67,0,2
2,40,0x000000010000002e,38,1,2161,271,0,1200,0,323,268,82,10,0,2
2,40,0x000000010000002e,38,1,1834,153,0,787,0,294,602,69,0,0,2
2,40,0x0000000100000024,26,1,44595,3832,0,1034,0,1749,3610,227,11,0,2
2,40,0x000000010000002e,38,1,1700,195,0,848,0,424,299,69,0,0,2
2,40,0x0000000100000022,23,1,33514,3790,0,2226,0,11280,14277,525,11,0,2
2,40,0x0000000100000022,23,1,47122,3790,0,1825,0,24480,15754,513,0,0,2
2,40,0x000000010000002e,38,1,4631,162,0,2314,0,1474,668,69,0,0,2
2,40,0x000000010000002e,38,1,2037,153,0,829,0,790,265,68,0,0,2
2,40,0x000000010000002e,38,1,2643,162,0,987,0,908,631,62,0,0,2
2,40,0x000000010000002e,38,1,1890,162,0,931,0,765,227,62,0,0,2
2,40,0x0000000100000025,27,1,315900,5260,0,311054,0,2314,704,51157,32,0,2
2,40,0x000000010000002e,38,1,1902,162,0,911,0,719,257,65,0,0,2
2,40,0x0000000100000018,13,1,1332442,97029,0,1223948,0,42484,41748,200759,49,0,2
2,40,0x0000000100000032,44,1,17194,645,0,15281,0,0,916,7622,10,0,2
2,40,0x0000000100000032,44,1,19842,186,0,18884,0,0,797,8307,0,0,2
2,40,0x0000000100000035,47,1,4043,589,0,945,0,1014,1265,57,8,0,2
2,40,0x0000000100000034,46,1,26832,5948,0,12687,0,6773,5271,3620,10,0,2
2,40,0x0000000100000034,46,1,38167,7776,0,17076,0,15169,5473,3759,0,0,2
2,40,0x0000000100000034,46,1,132220,25772,0,20098,0,91314,5213,4863,0,0,2
2,40,0x0000000100000036,49,1,39258,19492,0,2776,0,810,8439,933,16,0,2
2,40,0x0000000100000036,49,1,38152,19517,0,2328,0,1624,7937,829,0,0,2
2,40,0x0000000100000036,49,1,40537,19492,0,2209,0,1742,8467,761,0,0,2
2,40,0x0000000100000036,49,1,40617,19492,0,2402,0,1412,9022,751,0,0,2
2,40,0x0000000100000036,49,1,39782,19470,0,2117,0,2382,8055,751,0,0,2
2,40,0x0000000100000037,50,1,101579,20515,0,5442,0,39078,47025,2135,24,0,2
2,40,0x0000000100000037,50,1,89559,20523,0,5072,0,29119,46850,2025,0,0,2
2,40,0x0000000100000038,51,1,635109,20564,0,625295,0,6925,4029,105264,28,0,2
2,40,0x00000002000000c3,53,1,20047,8319,0,2511,0,6954,3481,817,18,0,2
2,40,0x000000020000009d,53,1,24798,8196,0,2778,0,11104,3928,688,0,0,2
2,40,0x0000000100000039,55,1,65722,20560,0,1767,0,43593,803,474,13,0,2
2,40,0x0000000200000138,56,1,18118,7801,0,3069,0,13426,2792,221,18,0,2
2,40,0x0000000200000138,56,1,17532,7808,0,2730,0,12792,2909,216,0,0,2
2,40,0x0000000200000138,56,1,15465,7773,0,1888,0,10505,2076,198,0,0,2
2,41,0x0000000100000013,8,1,48176,3686,0,41668,0,330,730,6765,49,0,2
2,41,0x000000010000000b,4,1,21433,18452,0,1348,0,694,1523,240,21,0,2
2,41,0x000000010000000c,5,1,6304,2853,0,1249,0,3594,1372,281,18,0,2
2,41,0x000000010000000c,5,1,4597,2609,0,1509,0,2908,1353,276,0,0,2
2,41,0x000000010000002a,34,1,17457,4945,0,4729,0,10085,114,1297,22,0,2
2,41,0x000000010000002a,34,1,19956,4675,0,4498,0,13058,134,1227,0,0,2
2,41,0x000000010000002a,34,1,18237,4675,0,4303,0,11678,120,1137,0,0,2
2,41,0x000000010000001f,20,1,28852,5253,0,4617,0,20967,310,1226,23,0,2
2,41,0x000000010000001f,20,1,27656,5113,0,4456,0,20410,328,1099,0,0,2
2,41,0x000000010000002e,38,1,2181,215,0,985,0,298,578,82,10,0,2
2,41,0x000000010000002e,38,1,2321,153,0,921,0,342,896,66,0,0,2
2,41,0x000000010000002e,38,1,2710,153,0,1847,0,414,292,66,0,0,2
2,41,0x0000000100000022,23,1,32363,3790,0,1847,0,10444,14800,527,11,0,2
2,41,0x0000000100000022,23,1,51791,3790,0,2069,0,28433,16224,515,0,0,2
2,41,0x000000010000002e,38,1,2979,162,0,1030,0,1125,677,66,0,0,2
2,41,0x000000010000002e,38,1,2232,153,0,1060,0,763,268,62,0,0,2
2,41,0x000000010000002e,38,1,2499,162,0,886,0,904,691,62,0,0,2
2,41,0x000000010000002e,38,1,2030,153,0,959,0,349,591,62,0,0,2
2,41,0x0000000100000025,27,1,315442,5261,0,310892,0,2062,762,51174,32,0,2
2,41,0x000000010000002e,38,1,2120,162,0,1021,0,721,257,69,0,0,2
2,41,0x0000000100000018,13,1,1334432,97221,0,1223699,0,39376,41133,200827,50,0,2
2,41,0x0000000100000032,44,1,17364,836,0,15373,0,0,893,7647,10,0,2
2,41,0x0000000100000032,44,1,19791,186,0,18773,0,0,848,8324,0,0,2
2,41,0x0000000100000035,47,1,4586,1363,0,1082,0,1088,725,57,8,0,2
2,41,0x0000000100000034,46,1,18875,4391,0,11236,0,0,5223,3290,9,0,2
2,41,0x0000000100000034,46,1,21441,4240,0,14445,0,0,5642,3232,0,0,2
2,41,0x0000000100000034,46,1,44750,9008,0,18097,0,20406,5340,4021,0,0,2
2,41,0x0000000100000037,50,1,95755,20591,0,5495,0,32451,48301,2105,24,0,2
2,41,0x0000000100000037,50,1,92479,20567,0,5048,0,32900,46122,2032,0,0,2
2,41,0x0000000100000038,51,1,634901,20463,0,625287,0,6028,3727,105287,31,0,2
2,41,0x00000002000000b3,53,1,20190,8323,0,2380,0,6867,3842,822,18,0,2
2,41,0x000000020000008d,53,1,22722,8196,0,2530,0,9335,3896,681,0,0,2
2,41,0x0000000100000039,55,1,63018,20712,0,1760,0,40138,819,481,13,0,2
2,41,0x0000000200000138,56,1,17997,7801,0,3003,0,13270,2891,236,18,0,2
2,41,0x0000000200000138,56,1,17335,7808,0,2597,0,13069,2647,222,0,0,2
2,41,0x0000000200000138,56,1,17087,7752,0,2122,0,10993,2190,199,0,0,2
2,10,0x0000000100000008,2,0,27597,0,23996,1243,8979,21613,0,273,18,730,2
2,10,0x0000000100000028,32,0,57641,0,38640,1834,24214,50614,0,448,19,961,2
2,10,0x000000010000001d,18,0,41536,0,24304,1039,23606,35288,0,445,19,841,2
2,10,0x000000010000001a,15,0,50827,0,17136,2493,26572,48612,0,818,26,4396,2
2,10,0x0000000100000024,25,0,44714,0,14688,1582,21706,43255,0,712,19,1432,2
2,10,0x0000000100000017,12,0,275859,0,117504,4119,173515,271782,0,2668,16,16194,2
2,10,0x0000000100000036,48,0,40827,0,20832,1983,17990,15862,0,696,36,19420,2
2,10,0x0000000100000036,48,0,40846,0,20832,2124,18050,17344,0,635,0,19472,2
2,10,0x0000000100000036,48,0,41540,0,20832,1986,17882,19247,0,611,0,19799,2
2,10,0x0000000100000036,48,0,41265,0,20832,1897,17989,18979,0,611,0,19566,2
2,10,0x0000000100000036,48,0,41602,0,20832,1714,17974,19023,0,611,0,19382,2
2,10,0x0000000200000085,52,0,34743,0,19232,1751,12215,28229,0,195,9,1202,2
2,10,0x0000000200000070,52,0,34659,0,19232,1442,12312,29245,0,187,0,891,2
2,10,0x0000000200000061,52,0,37619,0,19232,1578,12338,31874,0,170,0,899,2
2,10,0x0000000200000054,52,0,36038,0,19232,1585,12247,29541,0,170,0,878,2
2,10,0x0000000200000038,52,0,35718,0,19232,1627,12092,29920,0,170,0,893,2
2,10,0x0000000200000023,52,0,45155,0,19232,1402,11561,40754,0,170,0,886,2
2,10,0x00000002000000f7,54,0,38446,0,17808,1118,8641,29175,0,159,9,7102,2
2,10,0x0000000200000113,54,0,36074,0,17808,995,8667,28577,0,149,0,5784,2
2,10,0x0000000200000111,54,0,36801,0,17808,1421,8662,29484,0,141,0,5689,2
2,10,0x000000020000012f,54,0,34363,0,17808,988,8519,26117,0,141,0,5815,2
2,10,0x000000020000012b,54,0,41829,0,17808,2504,8483,33490,0,141,0,5918,2
2,48,0x0000000100000013,8,1,47722,3820,0,41271,0,384,744,6764,50,0,2
2,48,0x000000010000000c,5,1,6397,2777,0,1351,0,3642,1479,281,18,0,2
2,48,0x000000010000002a,34,1,20268,4797,0,4494,0,11896,128,1302,22,0,2
2,48,0x000000010000002a,34,1,18417,4675,0,4795,0,10963,286,1219,0,0,2
2,48,0x000000010000002a,34,1,16854,4675,0,4503,0,10002,281,1132,0,0,2
2,48,0x000000010000001f,20,1,27340,5238,0,4920,0,18970,331,1225,23,0,2
2,48,0x000000010000002e,38,1,2213,232,0,958,0,294,640,82,10,0,2
2,48,0x000000010000002e,38,1,1806,153,0,1043,0,338,268,66,0,0,2
2,48,0x000000010000002e,38,1,2095,153,0,1004,0,296,649,66,0,0,2
2,48,0x0000000100000024,26,1,45827,3832,0,992,0,2017,3649,233,11,0,2
2,48,0x000000010000002e,38,1,2246,153,0,1005,0,421,670,69,0,0,2
2,48,0x0000000100000022,23,1,37735,3790,0,2312,0,15627,14494,525,11,0,2
2,48,0x0000000100000022,23,1,50460,3790,0,2200,0,25456,17936,515,0,0,2
2,48,0x000000010000002e,38,1,3559,162,0,2120,0,1016,261,66,0,0,2
2,48,0x000000010000002e,38,1,2787,162,0,875,0,1152,643,62,0,0,2
2,48,0x000000010000002e,38,1,2972,162,0,1125,0,1119,611,62,0,0,2
2,48,0x000000010000002e,38,1,1971,153,0,871,0,353,594,62,0,0,2
2,48,0x0000000100000022,23,1,47718,3790,0,1900,0,26958,14360,507,0,0,2
2,48,0x000000010000002e,38,1,2944,162,0,988,0,1318,650,63,0,0,2
2,48,0x000000010000002e,38,1,2080,162,0,1003,0,731,229,62,0,0,2
2,48,0x0000000100000025,27,1,315764,5215,0,310900,0,1854,788,51175,32,0,2
2,48,0x0000000100000018,13,1,1329593,96826,0,1223449,0,36888,41600,200844,51,0,2
2,48,0x0000000100000032,44,1,17011,461,0,15571,0,0,796,7677,10,0,2
2,48,0x0000000100000032,44,1,20326,186,0,19329,0,0,830,8341,0,0,2
2,48,0x0000000100000035,47,1,4449,1330,0,877,0,1290,848,58,9,0,2
2,48,0x0000000100000034,46,1,60656,11848,0,13035,0,35268,5058,3278,10,0,2
2,48,0x0000000100000034,46,1,18779,4240,0,11582,0,0,5268,3293,0,0,2
2,48,0x0000000100000034,46,1,45572,9536,0,15528,0,21997,5289,4066,0,0,2
2,48,0x0000000100000036,49,1,39095,19492,0,2644,0,1161,9513,923,16,0,2
2,48,0x0000000100000036,49,1,38989,19503,0,2616,0,2120,8053,822,0,0,2
2,48,0x0000000100000036,49,1,39776,19496,0,2468,0,869,8723,763,0,0,2
2,48,0x0000000100000036,49,1,39351,19492,0,2346,0,1783,9012,753,0,0,2
2,48,0x0000000100000036,49,1,39913,19525,0,2140,0,2504,8122,753,0,0,2
2,48,0x0000000100000037,50,1,94602,20527,0,5446,0,31190,47837,2132,23,0,2
2,48,0x0000000100000037,50,1,89615,20516,0,5186,0,28892,46566,2032,0,0,2
2,48,0x0000000100000038,51,1,634846,20513,0,625201,0,7119,4157,105268,28,0,2
2,48,0x00000002000000a3,53,1,20505,8336,0,2693,0,7071,3608,810,18,0,2
2,48,0x0000000100000039,55,1,64454,20544,0,1948,0,42290,798,474,13,0,2
2,48,0x0000000200000138,56,1,17434,7808,0,2546,0,13116,2544,221,18,0,2
2,48,0x0000000200000138,56,1,17386,7808,0,2647,0,13437,2408,216,0,0,2
2,48,0x0000000200000138,56,1,16487,7780,0,1633,0,12224,2549,191,0,0,2
2,49,0x0000000100000013,8,1,47808,3918,0,41367,0,450,760,6765,49,0,2
2,49,0x000000010000000c,5,1,6328,2784,0,1317,0,3569,1487,281,18,0,2
2,49,0x000000010000000c,5,1,4722,2558,0,1096,0,2603,1340,276,0,0,2
2,49,0x000000010000002a,34,1,19844,4841,0,5001,0,12508,129,1298,23,0,2
2,49,0x000000010000002a,34,1,18218,4675,0,4569,0,10940,286,1231,0,0,2
2,49,0x000000010000002a,34,1,16813,4675,0,4517,0,9946,282,1139,0,0,2
2,49,0x000000010000001f,20,1,29863,5237,0,4816,0,21970,316,1226,23,0,2
2,49,0x000000010000002e,38,1,2313,233,0,1064,0,294,637,82,10,0,2
2,49,0x000000010000002e,38,1,2024,153,0,887,0,339,641,66,0,0,2
2,49,0x000000010000002e,38,1,2142,153,0,1047,0,295,658,66,0,0,2
2,49,0x000000010000002e,38,1,2432,162,0,861,0,790,664,62,0,0,2
2,49,0x000000010000002e,38,1,2914,153,0,1606,0,450,705,62,0,0,2
2,49,0x0000000100000022,23,1,37031,3790,0,1853,0,15839,14108,527,11,0,2
2,49,0x0000000100000022,23,1,47549,3790,0,2427,0,22512,17330,515,0,0,2
2,49,0x000000010000002e,38,1,2387,176,0,1214,0,789,267,66,0,0,2
2,49,0x000000010000002e,38,1,2739,162,0,1169,0,781,643,62,0,0,2
2,49,0x000000010000002e,38,1,2694,162,0,931,0,1146,615,62,0,0,2
2,49,0x000000010000002e,38,1,1768,153,0,1035,0,356,224,62,0,0,2
2,49,0x0000000100000022,23,1,42803,3790,0,1755,0,22864,13681,510,0,0,2
2,49,0x0000000100000025,27,1,315881,5226,0,311123,0,2172,698,51175,32,0,2
2,49,0x000000010000002e,38,1,2844,162,0,846,0,1140,648,73,1,0,2
2,49,0x0000000100000018,13,1,1330029,96396,0,1223492,0,39995,42768,200802,52,0,2
2,49,0x0000000100000032,44,1,16915,503,0,15067,0,0,869,7695,9,0,2
2,49,0x0000000100000032,44,1,20287,186,0,19281,0,0,846,8383,0,0,2
2,49,0x0000000100000035,47,1,4395,1273,0,784,0,1296,907,58,9,0,2
2,49,0x0000000100000034,46,1,27962,6138,0,13206,0,7449,5336,3638,10,0,2
2,49,0x0000000100000034,46,1,96949,19436,0,19301,0,64178,5118,4117,0,0,2
2,49,0x0000000100000037,50,1,96389,20574,0,5532,0,34729,46960,2102,23,0,2
2,49,0x0000000100000037,50,1,88225,20557,0,5113,0,27277,46619,2032,0,0,2
2,49,0x0000000100000038,51,1,634742,20490,0,625089,0,6323,4352,105270,30,0,2
2,49,0x0000000200000093,53,1,20460,8338,0,2544,0,7114,3668,822,18,0,2
2,49,0x0000000100000039,55,1,68713,20720,0,1945,0,46124,862,476,13,0,2
2,49,0x0000000200000138,56,1,17500,7803,0,2479,0,12835,2673,228,18,0,2
2,49,0x0000000200000138,56,1,17314,7808,0,2571,0,13067,2674,222,0,0,2
2,49,0x0000000200000138,56,1,16609,7794,0,2586,0,12537,2643,206,0,0,2
2,14,0x0000000100000008,2,0,27849,0,23996,2135,6304,15651,0,279,17,447,2
2,14,0x0000000100000028,32,0,56919,0,38640,1321,24356,49943,0,447,18,981,2
2,14,0x000000010000001d,18,0,41536,0,24304,1107,23597,35445,0,443,17,1066,2
2,14,0x000000010000001a,15,0,50998,0,17136,2466,27213,48805,0,819,27,2898,2
2,14,0x0000000100000024,25,0,43426,0,14688,1923,21674,41709,0,706,19,1432,2
2,14,0x0000000100000017,12,0,282019,0,117504,3898,174140,277583,0,2656,16,16405,2
2,14,0x0000000100000036,48,0,41704,0,20832,2170,17942,16282,0,696,36,19897,2
2,14,0x0000000100000036,48,0,39810,0,20832,1881,17954,16277,0,635,0,19676,2
2,14,0x0000000100000036,48,0,40741,0,20832,2101,17853,17348,0,621,0,20366,2
2,14,0x0000000100000036,48,0,42733,0,20832,2578,17915,18848,0,611,0,19398,2
2,14,0x0000000100000036,48,0,42524,0,20832,2067,17862,19763,0,611,0,19918,2
2,14,0x0000000200000084,52,0,35175,0,19232,1750,12213,28832,0,195,9,1315,2
2,14,0x000000020000006f,52,0,37216,0,19232,1941,11747,31701,0,187,0,896,2
2,14,0x0000000200000060,52,0,35886,0,19232,1209,12151,31159,0,170,0,901,2
2,14,0x0000000200000053,52,0,36020,0,19232,1667,11978,30037,0,170,0,891,2
2,14,0x0000000200000037,52,0,37674,0,19232,1709,11766,32209,0,170,0,882,2
2,14,0x0000000200000137,54,0,46446,0,17808,1345,8539,39136,0,164,9,7617,2
2,14,0x0000000200000017,52,0,38698,0,19232,1601,11489,34116,0,169,0,899,2
2,14,0x0000000200000122,54,0,37218,0,17808,1378,8604,29713,0,155,0,5820,2
2,14,0x0000000200000101,54,0,35819,0,17808,1216,8493,28580,0,141,0,5805,2
2,14,0x000000020000011f,54,0,34808,0,17808,1275,8463,25985,0,141,0,5792,2
2,14,0x000000020000011b,54,0,39440,0,17808,1116,8281,32461,0,141,0,5671,2
2,56,0x0000000100000013,8,1,47732,4646,0,41155,0,710,704,6804,50,0,2
2,56,0x000000010000000c,5,1,6477,2593,0,1235,0,3851,1546,281,18,0,2
2,56,0x000000010000000c,5,1,4349,2665,0,1283,0,2463,1376,276,0,0,2
2,56,0x000000010000002a,34,1,22691,4819,0,5206,0,14000,133,1308,23,0,2
2,56,0x000000010000002a,34,1,19454,4675,0,4404,0,12258,149,1219,0,0,2
2,56,0x000000010000002a,34,1,18267,4675,0,4158,0,11731,140,1139,0,0,2
2,56,0x000000010000001f,20,1,27741,5230,0,4687,0,19644,361,1211,23,0,2
2,56,0x000000010000002e,38,1,2339,162,0,733,0,749,610,80,10,0,2
2,56,0x000000010000002e,38,1,2081,153,0,939,0,335,650,66,0,0,2
2,56,0x000000010000002e,38,1,2268,162,0,705,0,754,688,66,0,0,2
2,56,0x0000000100000024,26,1,44064,3832,0,990,0,2051,3578,232,9,0,2
2,56,0x000000010000002e,38,1,2820,162,0,830,0,1235,634,69,0,0,2
2,56,0x0000000100000022,23,1,50977,3838,0,2693,0,22869,19990,527,11,0,2
2,56,0x0000000100000025,27,1,319654,7355,0,311648,0,2009,727,51183,33,0,2
2,56,0x0000000100000025,27,1,314866,4892,0,311055,0,1870,681,51092,0,0,2
2,56,0x000000010000002e,38,1,3018,162,0,933,0,1191,651,69,3,0,2
2,56,0x0000000100000025,27,1,315017,4893,0,311174,0,2250,679,51045,0,0,2
2,56,0x000000010000002e,38,1,2613,162,0,713,0,1149,634,65,0,0,2
2,56,0x0000000100000018,13,1,1329688,96599,0,1223502,0,40298,42269,200843,53,0,2
2,56,0x0000000100000036,49,1,39595,19470,0,2688,0,1459,7859,962,18,0,2
2,56,0x0000000100000036,49,1,38076,19470,0,2689,0,1908,8185,834,0,0,2
2,56,0x0000000100000036,49,1,38675,19503,0,2094,0,1621,9360,763,0,0,2
2,56,0x0000000100000036,49,1,40951,19560,0,2961,0,845,9592,753,0,0,2
2,56,0x0000000100000036,49,1,40466,19560,0,2099,0,2505,10274,753,0,0,2
2,56,0x0000000100000037,50,1,101804,20674,0,5471,0,39333,48183,2118,24,0,2
2,56,0x0000000100000037,50,1,97137,20532,0,5099,0,36245,47229,2025,0,0,2
2,56,0x0000000100000038,51,1,634728,20218,0,625542,0,7527,3608,105244,32,0,2
2,56,0x00000002000000a4,53,1,20627,8348,0,2915,0,6906,3686,797,17,0,2
2,56,0x0000000100000039,55,1,66187,20579,0,1955,0,43390,830,470,13,0,2
2,56,0x0000000200000138,56,1,17998,7801,0,2464,0,13652,2529,230,18,0,2
2,56,0x0000000200000138,56,1,17667,7808,0,2077,0,13231,2894,209,0,0,2
2,56,0x0000000200000138,56,1,15925,7757,0,1692,0,10459,1991,191,0,0,2
2,57,0x0000000100000013,8,1,47876,4638,0,41135,0,756,741,6782,50,0,2
2,57,0x000000010000000c,5,1,6430,2728,0,1273,0,3882,1413,281,18,0,2
2,57,0x000000010000000c,5,1,4521,2660,0,1267,0,2542,1348,276,0,0,2
2,57,0x000000010000002a,34,1,22118,4813,0,5031,0,13928,132,1303,22,0,2
2,57,0x000000010000002a,34,1,19289,4675,0,4369,0,12207,150,1231,0,0,2
2,57,0x000000010000002a,34,1,18175,4675,0,4192,0,11623,140,1139,0,0,2
2,57,0x000000010000001f,20,1,26266,5259,0,4623,0,18372,340,1221,22,0,2
2,57,0x000000010000002e,38,1,2034,240,0,742,0,324,610,80,10,0,2
2,57,0x000000010000001f,20,1,25652,5113,0,4345,0,18394,363,1093,0,0,2
2,57,0x000000010000002e,38,1,1867,153,0,710,0,321,692,66,0,0,2
2,57,0x000000010000002e,38,1,2139,153,0,977,0,333,660,66,0,0,2
2,57,0x000000010000002e,38,1,3113,162,0,963,0,1316,649,65,0,0,2
2,57,0x0000000100000022,23,1,48489,3796,0,3102,0,20609,19399,527,11,0,2
2,57,0x0000000100000022,23,1,45179,3790,0,2360,0,20861,17025,515,0,0,2
2,57,0x000000010000002e,38,1,4367,162,0,2631,0,1171,448,63,0,0,2
2,57,0x000000010000002e,38,1,2223,162,0,805,0,731,611,62,0,0,2
2,57,0x000000010000002e,38,1,2946,162,0,943,0,1223,663,62,0,0,2
2,57,0x000000010000002e,38,1,2611,162,0,714,0,1154,626,62,0,0,2
2,57,0x0000000100000022,23,1,46345,3790,0,1966,0,24483,15407,510,0,0,2
2,57,0x0000000100000025,27,1,315592,5300,0,310857,0,2048,673,51191,32,0,2
2,57,0x000000010000002e,38,1,2247,162,0,945,0,774,281,73,1,0,2
2,57,0x0000000100000018,13,1,1331281,96922,0,1223766,0,39814,42668,200817,51,0,2
2,57,0x0000000100000032,44,1,17422,972,0,14966,0,0,974,7710,10,0,2
2,57,0x0000000100000032,44,1,20338,186,0,19493,0,0,782,8417,0,0,2
2,57,0x0000000100000035,47,1,4064,516,0,895,0,1087,1278,58,9,0,2
2,57,0x0000000100000034,46,1,19308,4370,0,11490,0,0,5534,3294,10,0,2
2,57,0x0000000100000034,46,1,37586,7952,0,14044,0,16287,5440,3878,0,0,2
2,57,0x0000000100000034,46,1,18539,4240,0,10997,0,0,5400,3256,0,0,2
2,57,0x0000000100000037,50,1,98589,20598,0,5390,0,36279,48395,2102,23,0,2
2,57,0x0000000100000037,50,1,96570,20526,0,5110,0,35231,47213,2032,0,0,2
2,57,0x0000000100000038,51,1,634451,20403,0,625335,0,5950,3706,105287,31,0,2
2,57,0x0000000200000094,53,1,19903,8347,0,2473,0,6886,3660,835,17,0,2
2,57,0x0000000100000039,55,1,65616,20684,0,2049,0,41824,819,471,13,0,2
2,57,0x0000000200000138,56,1,17912,7801,0,2298,0,13373,2854,235,17,0,2
2,57,0x0000000200000138,56,1,17401,7808,0,1955,0,12868,2851,223,0,0,2
2,18,0x0000000100000008,2,0,27723,0,23996,1819,6298,15232,0,286,17,431,2
2,18,0x000000010000001d,18,0,42795,0,24304,1479,23449,36711,0,451,18,1054,2
2,18,0x000000010000001d,18,0,40005,0,24304,1040,23549,34892,0,424,0,697,2
2,18,0x000000010000001d,18,0,39580,0,24304,958,23520,34357,0,417,0,737,2
2,18,0x000000010000001d,18,0,39909,0,24304,1129,23646,34367,0,417,0,676,2
2,18,0x0000000100000024,25,0,42961,0,14688,1508,21944,41601,0,710,17,1432,2
2,18,0x0000000100000024,25,0,42012,0,14688,1689,22260,40689,0,687,0,1432,2
2,18,0x0000000100000017,12,0,311197,0,117504,3881,173399,307315,0,2655,15,16379,2
2,18,0x0000000100000026,28,0,41042,0,1736,956,1166,3462,0,127,17,2936,2
2,18,0x0000000100000026,28,0,40405,0,1736,535,1179,3653,0,111,0,2936,2
2,18,0x0000000100000026,28,0,40473,0,1736,746,1176,3836,0,110,0,2936,2
2,18,0x0000000100000036,48,0,39964,0,20832,2015,17978,16206,0,684,35,19601,2
2,18,0x0000000100000036,48,0,39803,0,20832,2197,17984,16266,0,635,0,19702,2
2,18,0x0000000100000036,48,0,41570,0,20832,1690,17867,17020,0,621,0,20236,2
2,18,0x0000000100000036,48,0,43366,0,20832,3976,17894,17636,0,611,0,19170,2
2,18,0x0000000100000036,48,0,40960,0,20832,1678,17796,19439,0,611,0,19135,2
2,18,0x0000000200000083,52,0,35359,0,19232,1886,12079,28241,0,195,9,1313,2
2,18,0x000000020000006e,52,0,35751,0,19232,1729,11375,31514,0,186,0,872,2
2,18,0x000000020000005f,52,0,37651,0,19232,1952,11812,33086,0,169,0,898,2
2,18,0x0000000200000052,52,0,33473,0,19232,1346,12076,27827,0,169,0,879,2
2,18,0x0000000200000036,52,0,37092,0,19232,1664,11544,32397,0,169,0,874,2
2,18,0x0000000200000127,54,0,42047,0,17808,1146,8505,34432,0,163,9,8007,2
2,18,0x00000002000000e7,54,0,35466,0,17808,1289,8554,27550,0,150,0,5731,2
2,18,0x0000000200000103,54,0,35432,0,17808,1059,8576,27766,0,142,0,5757,2
2,18,0x00000002000000f1,54,0,36362,0,17808,1401,8700,28349,0,141,0,5784,2
2,18,0x000000020000010f,54,0,35276,0,17808,1063,8402,26719,0,141,0,5764,2
2,18,0x000000020000010b,54,0,40393,0,17808,2025,8473,32035,0,141,0,5943,2
2,64,0x0000000100000013,8,1,47445,4453,0,40999,0,707,682,6820,49,0,2
2,64,0x000000010000000c,5,1,5959,2812,0,1289,0,3707,1457,281,18,0,2
2,64,0x000000010000000c,5,1,4141,2581,0,1026,0,2583,1359,276,0,0,2
2,64,0x000000010000002a,34,1,20171,4829,0,5076,0,12168,111,1306,22,0,2
2,64,0x000000010000002a,34,1,19251,4675,0,4222,0,12324,321,1215,0,0,2
2,64,0x000000010000001f,20,1,29241,5246,0,4513,0,21197,293,1214,23,0,2
2,64,0x000000010000002e,38,1,3056,158,0,1204,0,774,595,83,11,0,2
2,64,0x000000010000002e,38,1,2247,162,0,752,0,710,668,66,0,0,2
2,64,0x000000010000001f,20,1,26482,5113,0,4314,0,19298,350,1091,0,0,2
2,64,0x000000010000002e,38,1,1767,153,0,698,0,296,621,66,0,0,2
2,64,0x0000000100000024,26,1,43664,3832,0,780,0,1873,3516,233,11,0,2
2,64,0x0000000100000024,26,1,42646,3832,0,794,0,1681,3226,221,0,0,2
2,64,0x0000000100000022,23,1,48537,3793,0,2383,0,21048,20210,523,11,0,2
2,64,0x0000000100000022,23,1,37653,3790,0,2050,0,15299,15408,515,0,0,2
2,64,0x0000000100000025,27,1,317826,5791,0,311627,0,2571,709,51198,32,0,2
2,64,0x000000010000002e,38,1,2701,162,0,863,0,1108,587,77,6,0,2
2,64,0x0000000100000025,27,1,314765,4928,0,310918,0,1911,663,51079,0,0,2
2,64,0x000000010000002e,38,1,1796,162,0,695,0,713,271,65,0,0,2
2,64,0x0000000100000025,27,1,314456,4877,0,310639,0,1839,655,51045,0,0,2
2,64,0x000000010000002e,38,1,1859,162,0,698,0,752,292,62,0,0,2
2,64,0x000000010000002e,38,1,2304,162,0,843,0,735,684,65,0,0,2
2,64,0x000000010000002e,38,1,2282,162,0,695,0,813,657,62,0,0,2
2,64,0x000000010000002e,38,1,2610,162,0,716,0,1181,596,62,0,0,2
2,64,0x000000010000002e,38,1,1880,162,0,694,0,775,294,62,0,0,2
2,64,0x000000010000002e,38,1,1868,162,0,716,0,759,271,62,0,0,2
2,64,0x000000010000002e,38,1,1883,162,0,694,0,826,246,62,0,0,2
2,64,0x000000010000002e,38,1,2265,162,0,714,0,1166,268,62,0,0,2
2,64,0x000000010000002e,38,1,2297,162,0,696,0,1214,270,62,0,0,2
2,64,0x0000000100000026,29,1,46829,31032,0,3402,0,3230,7559,1478,21,0,2
2,64,0x0000000100000026,29,1,46309,31032,0,3189,0,3099,7501,1270,0,0,2
2,64,0x0000000100000026,29,1,46215,31032,0,3209,0,3052,7431,1245,0,0,2
2,64,0x000000010000002e,38,1,1922,163,0,705,0,754,346,65,0,0,2
2,64,0x0000000100000031,43,1,219543,73184,0,199199,0,12970,7522,66341,17,0,2
2,64,0x0000000100000032,44,1,17183,908,0,14985,0,0,987,7718,10,0,2
2,64,0x0000000100000035,47,1,3626,514,0,828,0,963,1212,58,9,0,2
2,64,0x0000000100000034,46,1,65281,12506,0,13133,0,39297,5119,3360,9,0,2
2,64,0x0000000100000034,46,1,117891,22956,0,17038,0,81185,5137,4391,0,0,2
2,64,0x0000000100000036,49,1,38103,19492,0,2507,0,1255,7644,986,16,0,2
2,64,0x0000000100000036,49,1,37834,19448,0,2389,0,1777,7098,813,0,0,2
2,64,0x0000000100000036,49,1,39681,19492,0,2077,0,1992,10368,760,0,0,2
2,64,0x0000000100000036,49,1,41268,19510,0,2114,0,1111,9524,750,0,0,2
2,64,0x0000000100000036,49,1,39197,19492,0,2075,0,3080,9240,750,0,0,2
2,64,0x0000000100000037,50,1,95882,20527,0,5502,0,32011,48062,2097,23,0,2
2,64,0x0000000100000037,50,1,86397,20491,0,5075,0,25858,47027,2009,0,0,2
2,64,0x0000000100000037,50,1,84774,20518,0,5052,0,24895,46304,2009,0,0,2
2,64,0x0000000100000038,51,1,634251,20248,0,625044,0,6844,3404,105254,29,0,2
2,64,0x0000000100000039,55,1,59186,20639,0,1822,0,36070,806,469,13,0,2
2,64,0x0000000200000138,56,1,17804,7802,0,1908,0,12985,2825,226,22,0,2
2,64,0x0000000200000138,56,1,16855,7808,0,1547,0,13022,2479,207,0,0,2
2,65,0x0000000100000013,8,1,47478,4753,0,41041,0,367,734,6816,50,0,2
2,65,0x000000010000000c,5,1,6079,2674,0,1230,0,3802,1514,281,18,0,2
2,65,0x000000010000000c,5,1,4363,2643,0,1013,0,2621,1347,276,0,0,2
2,65,0x000000010000002a,34,1,20436,4932,0,5438,0,12111,111,1309,22,0,2
2,65,0x000000010000002a,34,1,19515,4675,0,4290,0,12620,324,1227,0,0,2
2,65,0x000000010000001f,20,1,28961,5267,0,4473,0,20898,309,1218,23,0,2
2,65,0x000000010000002e,38,1,2690,165,0,1235,0,542,596,83,11,0,2
2,65,0x000000010000002e,38,1,2416,162,0,919,0,712,668,66,0,0,2
2,65,0x000000010000001f,20,1,28099,5113,0,4325,0,20914,337,1090,0,0,2
2,65,0x000000010000002e,38,1,1974,153,0,900,0,299,622,66,0,0,2
2,65,0x000000010000002e,38,1,1938,153,0,809,0,345,643,65,0,0,2
2,65,0x000000010000002e,38,1,1679,153,0,956,0,362,225,62,0,0,2
2,65,0x0000000100000022,23,1,48653,3790,0,1960,0,22257,19187,527,11,0,2
2,65,0x0000000100000022,23,1,42925,3790,0,2040,0,20548,15421,515,0,0,2
2,65,0x0000000100000025,27,1,317606,5713,0,311586,0,2449,719,51183,32,0,2
2,65,0x000000010000002e,38,1,2428,162,0,969,0,946,271,73,3,0,2
2,65,0x0000000100000025,27,1,314475,4882,0,310664,0,1936,672,51071,0,0,2
2,65,0x000000010000002e,38,1,2017,163,0,922,0,705,273,69,0,0,2
2,65,0x0000000100000025,27,1,314465,4876,0,310645,0,2235,671,51045,0,0,2
2,65,0x000000010000002e,38,1,2081,162,0,917,0,755,292,62,0,0,2
2,65,0x000000010000002e,38,1,2266,162,0,727,0,740,682,62,0,0,2
2,65,0x000000010000002e,38,1,2043,162,0,908,0,766,252,62,0,0,2
2,65,0x000000010000002e,38,1,2679,162,0,727,0,1190,645,62,0,0,2
2,65,0x000000010000002e,38,1,2451,162,0,908,0,779,647,62,0,0,2
2,65,0x000000010000002e,38,1,1880,162,0,730,0,762,271,62,0,0,2
2,65,0x000000010000002e,38,1,2421,153,0,1365,0,318,588,62,0,0,2
2,65,0x000000010000002e,38,1,2160,162,0,722,0,701,620,62,0,0,2
2,65,0x000000010000002e,38,1,2402,162,0,907,0,729,649,62,0,0,2
2,65,0x000000010000002e,38,1,1874,162,0,724,0,774,259,62,0,0,2
2,65,0x000000010000002e,38,1,2490,162,0,917,0,1184,272,62,0,0,2
2,65,0x000000010000002e,38,1,1928,162,0,722,0,500,589,62,0,0,2
2,65,0x000000010000002e,38,1,1646,153,0,910,0,339,268,62,0,0,2
2,65,0x000000010000002e,38,1,2003,162,0,721,0,876,289,62,0,0,2
2,65,0x0000000100000031,43,1,219413,73171,0,199109,0,11752,7865,66322,16,0,2
2,65,0x0000000100000032,44,1,16925,753,0,15094,0,0,933,7734,10,0,2
2,65,0x0000000100000032,44,1,17344,186,0,16384,0,0,789,7848,0,0,2
2,65,0x0000000100000035,47,1,3664,514,0,638,0,1330,1072,58,9,0,2
2,65,0x0000000100000034,46,1,29442,6302,0,13044,0,8889,5352,3676,9,0,2
2,65,0x0000000100000034,46,1,18483,4240,0,11015,0,0,5299,3256,0,0,2
2,65,0x0000000100000034,46,1,18782,4240,0,11271,0,0,5293,3231,0,0,2
2,65,0x0000000100000037,50,1,97537,20537,0,5464,0,35531,46446,2087,24,0,2
2,65,0x0000000100000037,50,1,87382,20518,0,5314,0,27003,46399,2018,0,0,2
2,65,0x0000000100000037,50,1,82004,20500,0,5007,0,22322,46180,2001,0,0,2
2,65,0x0000000100000038,51,1,634091,20385,0,625076,0,5758,3657,105282,32,0,2
2,65,0x0000000100000039,55,1,60167,20674,0,1915,0,37195,873,488,13,0,2
2,65,0x0000000200000138,56,1,17593,7794,0,2249,0,12479,2650,234,18,0,2
2,65,0x0000000200000138,56,1,16722,7808,0,1416,0,12565,2884,225,0,0,2
2,22,0x0000000100000008,2,0,27485,0,23996,2056,6298,15576,0,286,17,579,2
2,22,0x000000010000001d,18,0,45156,0,24304,1548,23661,39122,0,444,19,1085,2
2,22,0x000000010000001a,15,0,53238,0,17136,2898,26573,49399,0,819,27,3634,2
2,22,0x000000010000001a,15,0,50470,0,17136,2328,27102,48921,0,787,0,4082,2
2,22,0x0000000100000024,25,0,42860,0,14688,1744,21655,41266,0,711,18,1432,2
2,22,0x0000000100000024,25,0,42316,0,14688,1646,22038,41066,0,693,0,1432,2
2,22,0x0000000100000017,12,0,309637,0,117504,3923,173894,305323,0,2663,17,16550,2
2,22,0x0000000100000026,28,0,42054,0,1736,1004,1148,3738,0,128,17,2936,2
2,22,0x0000000100000026,28,0,40529,0,1736,529,1172,3314,0,111,0,2936,2
2,22,0x0000000100000026,28,0,40512,0,1736,793,1156,3453,0,110,0,2936,2
2,22,0x0000000100000036,48,0,40789,0,20832,2131,17826,16035,0,688,36,19579,2
2,22,0x0000000100000036,48,0,40377,0,20832,2165,17948,15904,0,633,0,19705,2
2,22,0x0000000100000036,48,0,40884,0,20832,1720,17924,19197,0,611,0,19633,2
2,22,0x0000000100000036,48,0,40731,0,20832,2455,17892,17042,0,611,0,19340,2
2,22,0x0000000100000036,48,0,40793,0,20832,1732,17840,19014,0,611,0,19498,2
2,22,0x0000000200000082,52,0,35553,0,19232,2021,12105,28799,0,195,9,1382,2
2,22,0x000000020000006d,52,0,35615,0,19232,1445,12045,30440,0,186,0,895,2
2,22,0x000000020000005e,52,0,37285,0,19232,1920,11926,32933,0,169,0,885,2
2,22,0x0000000200000051,52,0,35634,0,19232,2144,12039,29819,0,169,0,871,2
2,22,0x0000000200000035,52,0,36857,0,19232,3629,11503,31695,0,169,0,897,2
2,22,0x0000000200000022,52,0,42759,0,19232,1381,11373,38729,0,169,0,896,2
2,22,0x0000000200000016,52,0,38232,0,19232,1842,10998,33911,0,169,0,916,2
2,22,0x0000000200000112,54,0,39529,0,17808,1998,8294,28878,0,163,9,7211,2
2,22,0x00000002000000e1,54,0,37065,0,17808,1345,8604,29762,0,150,0,5774,2
2,22,0x00000002000000ff,54,0,35824,0,17808,1215,8913,27745,0,142,0,5866,2
2,22,0x00000002000000fb,54,0,40641,0,17808,2011,8424,32685,0,141,0,5970,2
2,72,0x0000000100000013,8,1,47218,4694,0,40844,0,420,747,6834,49,0,2
2,72,0x000000010000000c,5,1,5898,2742,0,1367,0,3336,1371,275,18,0,2
2,72,0x000000010000000c,5,1,4150,2640,0,1003,0,2559,1356,264,0,0,2
2,72,0x000000010000002a,34,1,21924,4784,0,5850,0,13395,296,1319,23,0,2
2,72,0x000000010000002a,34,1,17915,4675,0,4328,0,10959,311,1215,0,0,2
2,72,0x000000010000001f,20,1,29488,5261,0,4375,0,21683,338,1232,23,0,2
2,72,0x000000010000002e,38,1,2667,153,0,967,0,749,660,84,11,0,2
2,72,0x000000010000002e,38,1,2380,162,0,898,0,730,635,66,0,0,2
2,72,0x000000010000001f,20,1,26152,5113,0,4172,0,19058,294,1098,0,0,2
2,72,0x000000010000002e,38,1,2436,162,0,890,0,718,711,66,0,0,2
2,72,0x0000000100000024,26,1,43630,3832,0,787,0,2001,3641,233,11,0,2
2,72,0x0000000100000024,26,1,42958,3832,0,1309,0,1769,3348,224,0,0,2
2,72,0x0000000100000022,23,1,49891,3790,0,1879,0,22968,19905,523,11,0,2
2,72,0x0000000100000022,23,1,42922,3790,0,2762,0,18183,16833,515,0,0,2
2,72,0x0000000100000025,27,1,317593,5760,0,311591,0,2169,796,51195,34,0,2
2,72,0x000000010000002e,38,1,2285,162,0,940,0,827,269,69,3,0,2
2,72,0x0000000100000025,27,1,314466,4860,0,310669,0,1909,707,51079,0,0,2
2,72,0x000000010000002e,38,1,2386,163,0,883,0,729,657,65,0,0,2
2,72,0x0000000100000025,27,1,314462,4861,0,310650,0,1978,693,51045,0,0,2
2,72,0x000000010000002e,38,1,2425,162,0,891,0,770,647,62,0,0,2
2,72,0x000000010000002e,38,1,2705,162,0,898,0,1236,656,65,0,0,2
2,72,0x000000010000002e,38,1,1798,162,0,885,0,546,250,62,0,0,2
2,72,0x000000010000002e,38,1,2120,162,0,665,0,751,587,62,0,0,2
2,72,0x000000010000002e,38,1,2968,162,0,892,0,1312,647,62,0,0,2
2,72,0x000000010000002e,38,1,2200,162,0,669,0,761,653,62,0,0,2
2,72,0x000000010000002e,38,1,2576,162,0,1158,0,717,584,62,0,0,2
2,72,0x000000010000002e,38,1,2107,162,0,667,0,702,621,62,0,0,2
2,72,0x000000010000002e,38,1,2372,162,0,889,0,719,647,62,0,0,2
2,72,0x0000000100000026,29,1,48040,31032,0,3401,0,3386,8539,1478,21,0,2
2,72,0x0000000100000026,29,1,46563,31032,0,3415,0,3025,7551,1270,0,0,2
2,72,0x0000000100000026,29,1,46276,31032,0,3181,0,3009,7496,1245,0,0,2
2,72,0x000000010000002e,38,1,2761,162,0,899,0,1154,591,65,0,0,2
2,72,0x0000000100000031,43,1,219144,73345,0,199151,0,12962,7420,66341,17,0,2
2,72,0x0000000100000032,44,1,17012,572,0,15229,0,0,942,7757,9,0,2
2,72,0x0000000100000032,44,1,17350,186,0,16391,0,0,818,7864,0,0,2
2,72,0x0000000100000034,46,1,19202,4334,0,11720,0,0,5192,3299,9,0,2
2,72,0x0000000100000034,46,1,64713,13100,0,15141,0,38080,5359,3440,0,0,2
2,72,0x0000000100000034,46,1,46270,9360,0,14699,0,23128,5439,4061,0,0,2
2,72,0x0000000100000036,49,1,38826,19525,0,2327,0,1312,9160,984,16,0,2
2,72,0x0000000100000036,49,1,38367,19492,0,2461,0,1743,8024,835,0,0,2
2,72,0x0000000100000036,49,1,39110,19536,0,2445,0,1170,8930,783,0,0,2
2,72,0x0000000100000036,49,1,38791,19492,0,2396,0,1311,9505,775,0,0,2
2,72,0x0000000100000036,49,1,38952,19481,0,2506,0,2456,9091,775,0,0,2
2,72,0x0000000100000037,50,1,97733,20528,0,5527,0,33601,48513,2096,24,0,2
2,72,0x0000000100000037,50,1,87000,20518,0,5638,0,26775,47074,2009,0,0,2
2,72,0x0000000100000037,50,1,82632,20482,0,5305,0,22665,45862,2009,0,0,2
2,72,0x0000000100000038,51,1,633812,20306,0,624751,0,7082,3892,105271,32,0,2
2,72,0x0000000100000039,55,1,62440,20589,0,1999,0,39927,861,469,13,0,2
2,72,0x0000000200000138,56,1,17830,7808,0,2612,0,13552,2520,220,18,0,2
2,72,0x0000000200000138,56,1,14174,7801,0,1522,0,9796,2051,208,0,0,2
2,72,0x0000000200000138,56,1,17334,7808,0,2511,0,13507,2548,191,0,0,2
2,73,0x0000000100000013,8,1,46970,4620,0,40724,0,484,735,6840,51,0,2
2,73,0x000000010000000c,5,1,6079,2641,0,1277,0,3216,1532,275,18,0,2
2,73,0x000000010000000c,5,1,4367,2648,0,1039,0,2566,1356,264,0,0,2
2,73,0x000000010000002a,34,1,21784,4835,0,5467,0,13585,299,1301,23,0,2
2,73,0x000000010000002a,34,1,17898,4675,0,4179,0,10762,307,1220,0,0,2
2,73,0x000000010000001f,20,1,28254,5284,0,4386,0,20772,320,1238,22,0,2
2,73,0x000000010000002e,38,1,2454,161,0,783,0,728,659,84,10,0,2
2,73,0x000000010000002e,38,1,1925,153,0,867,0,296,638,66,0,0,2
2,73,0x000000010000001f,20,1,28321,5113,0,4237,0,21168,340,1099,0,0,2
2,73,0x000000010000002e,38,1,1930,153,0,858,0,296,653,66,0,0,2
2,73,0x000000010000002e,38,1,2388,162,0,741,0,852,678,65,0,0,2
2,73,0x000000010000002e,38,1,2290,156,0,1161,0,332,622,62,0,0,2
2,73,0x0000000100000022,23,1,51370,3792,0,2331,0,24549,19622,527,11,0,2
2,73,0x0000000100000022,23,1,45903,3790,0,2792,0,20529,17594,515,0,0,2
2,73,0x0000000100000025,27,1,317353,5884,0,311554,0,2240,746,51194,34,0,2
2,73,0x000000010000002e,38,1,2979,163,0,914,0,1192,622,73,3,0,2
2,73,0x0000000100000025,27,1,314529,4861,0,310726,0,2025,696,51071,0,0,2
2,73,0x000000010000002e,38,1,2774,162,0,864,0,1139,654,69,0,0,2
2,73,0x0000000100000025,27,1,314499,4864,0,310685,0,2073,687,51045,0,0,2
2,73,0x000000010000002e,38,1,2733,162,0,859,0,1109,648,62,0,0,2
2,73,0x000000010000002e,38,1,2738,162,0,838,0,1222,678,62,0,0,2
2,73,0x000000010000002e,38,1,2549,162,0,857,0,947,628,62,0,0,2
2,73,0x000000010000002e,38,1,2160,162,0,706,0,747,590,62,0,0,2
2,73,0x000000010000002e,38,1,2008,162,0,859,0,801,231,62,0,0,2
2,73,0x000000010000002e,38,1,2646,162,0,704,0,1167,658,62,0,0,2
2,73,0x000000010000002e,38,1,2101,162,0,976,0,783,225,62,0,0,2
2,73,0x000000010000002e,38,1,2196,162,0,705,0,1105,269,62,0,0,2
2,73,0x000000010000002e,38,1,2184,162,0,857,0,941,269,62,0,0,2
2,73,0x000000010000002e,38,1,1901,162,0,736,0,787,261,62,0,0,2
2,73,0x000000010000002e,38,1,2404,162,0,931,0,722,634,62,0,0,2
2,73,0x000000010000002e,38,1,2143,162,0,705,0,1094,227,62,0,0,2
2,73,0x000000010000002e,38,1,2823,162,0,854,0,1234,618,62,0,0,2
2,73,0x000000010000002e,38,1,2579,162,0,730,0,1141,591,62,0,0,2
2,73,0x0000000100000031,43,1,218948,73202,0,199158,0,12244,7853,66322,16,0,2
2,73,0x0000000100000032,44,1,16725,540,0,15274,0,0,893,7766,10,0,2
2,73,0x0000000100000032,44,1,17566,186,0,16585,0,0,810,7886,0,0,2
2,73,0x0000000100000034,46,1,45024,8267,0,11444,0,23715,5209,2865,9,0,2
2,73,0x0000000100000034,46,1,103517,20140,0,16292,0,69277,5461,4073,0,0,2
2,73,0x0000000100000037,50,1,100043,20572,0,5441,0,38491,46514,2096,23,0,2
2,73,0x0000000100000037,50,1,88273,20536,0,6161,0,26494,46825,2018,0,0,2
2,73,0x0000000100000037,50,1,83056,20482,0,5034,0,23085,46240,2001,0,0,2
2,73,0x0000000100000038,51,1,633621,20347,0,624613,0,5507,3889,105273,31,0,2
2,73,0x0000000100000039,55,1,63849,20579,0,1846,0,41413,823,483,13,0,2
2,73,0x0000000200000138,56,1,17767,7808,0,2349,0,13075,2706,232,22,0,2
2,73,0x0000000200000138,56,1,14948,7787,0,1342,0,10558,2078,222,0,0,2
2,73,0x0000000200000138,56,1,17250,7801,0,2365,0,12496,2703,205,0,0,2
2,26,0x0000000100000008,2,0,27222,0,23996,1964,6306,15281,0,286,17,580,2
2,26,0x000000010000001d,18,0,44542,0,24304,1503,23504,38252,0,451,18,1055,2
2,26,0x000000010000001d,18,0,40239,0,24304,1043,23457,35322,0,432,0,711,2
2,26,0x000000010000001d,18,0,39708,0,24304,1131,23356,34562,0,417,0,730,2
2,26,0x000000010000001d,18,0,39446,0,24304,927,23578,34825,0,417,0,713,2
2,26,0x0000000100000024,25,0,43184,0,14688,2262,21985,41119,0,711,18,1432,2
2,26,0x0000000100000024,25,0,42029,0,14688,1487,21784,40914,0,693,0,1432,2
2,26,0x0000000100000017,12,0,295520,0,117504,5043,171138,290653,0,2663,17,16277,2
2,26,0x0000000100000026,28,0,40899,0,1736,523,1156,3878,0,127,17,2936,2
2,26,0x0000000100000026,28,0,40302,0,1736,704,1164,4056,0,111,0,2936,2
2,26,0x0000000100000026,28,0,40612,0,1736,504,1164,3785,0,110,0,2936,2
2,26,0x0000000100000026,28,0,41088,0,1736,694,1164,3640,0,110,0,2936,2
2,26,0x0000000100000036,48,0,40359,0,20832,1781,17891,15979,0,690,36,19629,2
2,26,0x0000000100000036,48,0,39676,0,20832,2045,17978,15789,0,633,0,19037,2
2,26,0x0000000100000036,48,0,39354,0,20832,1699,18065,16652,0,611,0,19561,2
2,26,0x0000000100000036,48,0,42287,0,20832,2906,17974,19374,0,611,0,19810,2
2,26,0x0000000100000036,48,0,39886,0,20832,1701,17999,17081,0,611,0,19754,2
2,26,0x0000000100000036,48,0,40388,0,20832,2035,18016,17467,0,611,0,19272,2
2,26,0x0000000100000036,48,0,40842,0,20832,1713,17902,18601,0,611,0,19308,2
2,26,0x0000000200000080,52,0,36100,0,19232,2423,12247,29214,0,195,9,1336,2
2,26,0x0000000200000068,52,0,34691,0,19232,1802,12127,29007,0,186,0,896,2
2,26,0x000000020000005d,52,0,37797,0,19232,1811,11355,33469,0,169,0,892,2
2,26,0x0000000200000050,52,0,33862,0,19232,1302,12309,28602,0,169,0,880,2
2,26,0x0000000200000034,52,0,37023,0,19232,1348,11905,31926,0,169,0,874,2
2,26,0x0000000200000021,52,0,42602,0,19232,1729,11111,38266,0,169,0,903,2
2,26,0x00000002000000d7,54,0,38015,0,17808,1370,8413,28738,0,163,9,7121,2
2,26,0x00000002000000f3,54,0,35614,0,17808,1330,8619,27473,0,150,0,5791,2
2,26,0x00000002000000d1,54,0,36314,0,17808,1307,8762,28777,0,142,0,5729,2
2,26,0x00000002000000ef,54,0,35157,0,17808,1155,8960,26281,0,141,0,5746,2
2,26,0x00000002000000eb,54,0,40933,0,17808,1996,8616,33174,0,141,0,5799,2
2,80,0x0000000100000013,8,1,46786,4769,0,40319,0,448,751,6835,50,0,2
2,80,0x000000010000000c,5,1,5869,2718,0,1302,0,3532,1384,275,18,0,2
2,80,0x000000010000000c,5,1,4419,2571,0,975,0,2587,1369,264,0,0,2
2,80,0x000000010000002a,34,1,19657,4883,0,5514,0,11593,313,1312,23,0,2
2,80,0x000000010000002a,34,1,21263,4675,0,4219,0,14329,124,1175,0,0,2
2,80,0x000000010000002a,34,1,20395,4675,0,4235,0,13627,123,1127,0,0,2
2,80,0x000000010000001f,20,1,27087,5286,0,4515,0,19549,339,1221,24,0,2
2,80,0x000000010000002e,38,1,2641,162,0,961,0,763,655,84,10,0,2
2,80,0x000000010000002e,38,1,1509,153,0,717,0,343,296,66,0,0,2
2,80,0x000000010000001f,20,1,27909,5113,0,4326,0,20740,335,1098,0,0,2
2,80,0x000000010000002e,38,1,1844,153,0,728,0,345,618,66,0,0,2
2,80,0x0000000100000024,26,1,43859,3832,0,1719,0,1995,3543,233,10,0,2
2,80,0x0000000100000024,26,1,42755,3832,0,787,0,1818,3320,224,0,0,2
2,80,0x0000000100000022,23,1,45450,3799,0,2142,0,19852,17865,523,11,0,2
2,80,0x0000000100000022,23,1,41967,3790,0,1791,0,17587,17452,515,0,0,2
2,80,0x0000000100000025,27,1,317022,5731,0,311553,0,2868,709,51202,34,0,2
2,80,0x000000010000002e,38,1,3046,162,0,1007,0,1134,647,69,3,0,2
2,80,0x0000000100000025,27,1,314906,4858,0,311086,0,1836,706,51079,0,0,2
2,80,0x000000010000002e,38,1,2219,162,0,712,0,741,649,65,0,0,2
2,80,0x0000000100000025,27,1,314671,4858,0,310872,0,1882,678,51045,0,0,2
2,80,0x000000010000002e,38,1,1790,162,0,727,0,714,232,62,0,0,2
2,80,0x000000010000002e,38,1,2075,162,0,944,0,721,293,65,0,0,2
2,80,0x000000010000002e,38,1,2458,162,0,708,0,950,683,62,0,0,2
2,80,0x000000010000002e,38,1,2055,162,0,931,0,760,247,62,0,0,2
2,80,0x000000010000002e,38,1,1795,162,0,708,0,718,252,62,0,0,2
2,80,0x000000010000002e,38,1,2030,160,0,955,0,316,649,62,0,0,2
2,80,0x000000010000002e,38,1,1828,162,0,719,0,746,246,62,0,0,2
2,80,0x000000010000002e,38,1,2479,162,0,939,0,1131,292,62,0,0,2
2,80,0x000000010000002e,38,1,1972,162,0,836,0,925,224,62,0,0,2
2,80,0x0000000100000026,29,1,46932,31032,0,3590,0,3169,7474,1478,21,0,2
2,80,0x0000000100000026,29,1,46118,31032,0,3171,0,2882,7487,1270,0,0,2
2,80,0x0000000100000026,29,1,46773,31032,0,3390,0,3315,7478,1245,0,0,2
2,80,0x0000000100000026,29,1,46897,31032,0,3210,0,3106,7968,1234,0,0,2
2,80,0x000000010000002e,38,1,1998,162,0,940,0,697,224,65,0,0,2
2,80,0x0000000100000031,43,1,218907,73042,0,198601,0,11615,7823,66341,17,0,2
2,80,0x0000000100000032,44,1,16786,335,0,15368,0,0,810,7800,10,0,2
2,80,0x0000000100000032,44,1,17584,186,0,16664,0,0,855,7902,0,0,2
2,80,0x0000000100000034,46,1,23510,5259,0,12571,0,4083,5125,3542,9,0,2
2,80,0x0000000100000034,46,1,31412,6368,0,14148,0,9303,6161,3570,0,0,2
2,80,0x0000000100000034,46,1,105998,20844,0,16378,0,70887,5452,4295,0,0,2
2,80,0x0000000100000036,49,1,38477,19448,0,2313,0,1376,7199,968,16,0,2
2,80,0x0000000100000036,49,1,37723,19492,0,2451,0,1647,7247,817,0,0,2
2,80,0x0000000100000036,49,1,37578,19514,0,2376,0,1377,7725,765,0,0,2
2,80,0x0000000100000036,49,1,40312,19470,0,2987,0,1704,7329,757,0,0,2
2,80,0x0000000100000036,49,1,38033,19448,0,2095,0,1617,7463,757,0,0,2
2,80,0x0000000100000036,49,1,38613,19527,0,2348,0,796,8363,757,0,0,2
2,80,0x0000000100000036,49,1,38984,19492,0,2101,0,2148,8921,757,0,0,2
2,80,0x0000000100000037,50,1,96412,20565,0,5519,0,34025,47879,2096,24,0,2
2,80,0x0000000100000037,50,1,86272,20515,0,4993,0,25344,47617,2009,0,0,2
2,80,0x0000000100000037,50,1,83038,20565,0,5299,0,22231,46743,2009,0,0,2
2,80,0x0000000100000038,51,1,633264,19895,0,624402,0,6673,4290,105288,33,0,2
2,80,0x0000000100000038,51,1,631643,19287,0,624418,0,5169,3822,105194,0,0,2
2,80,0x0000000100000039,55,1,64133,20579,0,1842,0,41790,834,469,13,0,2
2,80,0x0000000200000138,56,1,17598,7808,0,2176,0,12765,2773,220,19,0,2
2,80,0x0000000200000138,56,1,16720,7798,0,1987,0,12975,2432,208,0,0,2
2,80,0x0000000200000138,56,1,17182,7808,0,2160,0,12782,2719,198,0,0,2
2,81,0x0000000100000013,8,1,46633,4776,0,40371,0,385,751,6823,50,0,2
2,81,0x000000010000000c,5,1,5882,2640,0,1278,0,3362,1510,275,18,0,2
2,81,0x000000010000000c,5,1,4405,2655,0,1474,0,2707,1369,264,0,0,2
2,81,0x000000010000002a,34,1,20775,4758,0,5467,0,11739,311,1307,22,0,2
2,81,0x000000010000002a,34,1,21260,4675,0,4240,0,14438,125,1178,0,0,2
2,81,0x000000010000002a,34,1,20603,4675,0,4350,0,13626,124,1127,0,0,2
2,81,0x000000010000001f,20,1,29537,5263,0,4399,0,21295,315,1227,22,0,2
2,81,0x000000010000002e,38,1,2321,273,0,948,0,321,652,84,10,0,2
2,81,0x000000010000002e,38,1,1524,153,0,735,0,341,295,66,0,0,2
2,81,0x000000010000001f,20,1,28516,5113,0,4489,0,21172,338,1099,0,0,2
2,81,0x000000010000002e,38,1,1844,153,0,733,0,343,615,66,0,0,2
2,81,0x000000010000002e,38,1,2138,153,0,973,0,329,625,65,0,0,2
2,81,0x000000010000002e,38,1,2302,162,0,778,0,757,650,62,0,0,2
2,81,0x0000000100000022,23,1,42808,3790,0,2138,0,17597,17636,527,11,0,2
2,81,0x0000000100000022,23,1,42552,3781,0,1808,0,16925,18587,515,0,0,2
2,81,0x0000000100000025,27,1,318354,6488,0,312637,0,2491,698,51193,33,0,2
2,81,0x000000010000002e,38,1,2067,162,0,878,0,729,290,73,3,0,2
2,81,0x0000000100000025,27,1,314750,4905,0,310905,0,1865,741,51079,0,0,2
2,81,0x000000010000002e,38,1,2242,162,0,741,0,737,647,69,0,0,2
2,81,0x0000000100000025,27,1,314628,4863,0,310808,0,2158,700,51045,0,0,2
2,81,0x000000010000002e,38,1,1793,162,0,733,0,712,231,62,0,0,2
2,81,0x000000010000002e,38,1,1718,153,0,915,0,358,292,62,0,0,2
2,81,0x000000010000002e,38,1,1870,162,0,731,0,750,272,62,0,0,2
2,81,0x000000010000002e,38,1,2038,162,0,916,0,759,246,62,0,0,2
2,81,0x000000010000002e,38,1,2238,162,0,729,0,770,622,62,0,0,2
2,81,0x000000010000002e,38,1,1962,160,0,899,0,317,636,62,0,0,2
2,81,0x000000010000002e,38,1,1992,162,0,732,0,531,612,62,0,0,2
2,81,0x000000010000002e,38,1,2583,162,0,895,0,945,626,62,0,0,2
2,81,0x000000010000002e,38,1,2195,162,0,858,0,751,600,62,0,0,2
2,81,0x000000010000002e,38,1,2497,162,0,899,0,857,624,62,0,0,2
2,81,0x000000010000002e,38,1,2228,162,0,797,0,711,603,62,0,0,2
2,81,0x000000010000002e,38,1,2467,162,0,899,0,1201,231,62,0,0,2
2,81,0x000000010000002e,38,1,2250,162,0,728,0,1134,271,62,0,0,2
2,81,0x000000010000002e,38,1,2956,162,0,896,0,1304,639,62,0,0,2
2,81,0x000000010000002e,38,1,1789,162,0,727,0,698,247,62,0,0,2
2,81,0x000000010000002e,38,1,1938,162,0,894,0,704,223,62,0,0,2
2,81,0x0000000100000031,43,1,218732,73009,0,198624,0,12351,8134,66322,15,0,2
2,81,0x0000000100000032,44,1,16738,299,0,15427,0,0,862,7808,10,0,2
2,81,0x0000000100000032,44,1,17686,183,0,16845,0,0,786,7924,0,0,2
2,81,0x0000000100000034,46,1,19174,4360,0,11580,0,0,5206,3295,9,0,2
2,81,0x0000000100000034,46,1,20749,4240,0,12548,0,0,6401,3223,0,0,2
2,81,0x0000000100000034,46,1,39282,8128,0,14299,0,17035,5633,3914,0,0,2
2,81,0x0000000100000034,46,1,139547,26476,0,18173,0,97563,5446,4914,0,0,2
2,81,0x0000000100000037,50,1,94370,20571,0,5565,0,32106,47738,2104,23,0,2
2,81,0x0000000100000037,50,1,97462,20562,0,5246,0,36619,47118,2018,0,0,2
2,81,0x0000000100000037,50,1,84212,20490,0,5178,0,23929,46336,2001,0,0,2
2,81,0x0000000100000038,51,1,633077,19957,0,624347,0,5588,3991,105290,32,0,2
2,81,0x0000000100000038,51,1,631463,19287,0,624229,0,5145,3645,105194,0,0,2
2,81,0x0000000100000039,55,1,63016,20579,0,1862,0,40738,818,495,13,0,2
2,81,0x0000000200000138,56,1,17302,7808,0,2262,0,12372,2544,235,18,0,2
2,81,0x0000000200000138,56,1,16586,7794,0,1820,0,12278,2832,225,0,0,2
2,81,0x0000000200000138,56,1,16973,7808,0,1998,0,12351,2614,205,0,0,2
3,3,0x0000000100000008,2,0,27410,0,23996,1381,6298,15742,0,285,16,307,2
3,3,0x0000000100000027,30,0,104431,0,23520,2965,13767,101855,0,1301,8,115,2
3,3,0x0000000100000015,10,0,89214,0,34272,2720,55511,86724,0,1262,15,5162,2
3,3,0x0000000100000024,25,0,42623,0,14688,1683,21798,41115,0,703,18,1432,2
3,3,0x0000000100000017,12,0,277698,0,117504,4113,171464,273644,0,2663,17,16336,2
3,3,0x0000000100000036,48,0,41063,0,20832,2061,17940,16521,0,694,34,19808,2
3,3,0x0000000100000036,48,0,40667,0,20832,2083,17954,17137,0,644,0,19565,2
3,3,0x0000000100000036,48,0,40586,0,20832,1674,17996,17602,0,611,0,19434,2
3,3,0x0000000100000036,48,0,39901,0,20832,1896,17855,17863,0,611,0,19246,2
3,3,0x000000020000007f,52,0,37007,0,19232,2379,11574,31556,0,195,9,1287,2
3,3,0x000000020000006c,52,0,35151,0,19232,2494,12034,29507,0,187,0,868,2
3,3,0x0000000200000048,52,0,39077,0,19232,1527,11823,34185,0,170,0,941,2
3,3,0x000000020000001d,52,0,43363,0,19232,5503,11760,37897,0,170,0,891,2
3,3,0x0000000200000009,52,0,35398,0,19232,1787,12115,29631,0,170,0,931,2
3,3,0x0000000200000114,54,0,37460,0,17808,1878,8462,28008,0,164,9,7022,2
3,3,0x00000002000000fd,54,0,47916,0,17808,1789,8388,41632,0,154,0,5782,2
3,34,0x0000000100000006,0,1,42143,26784,0,3171,0,36236,575,546,14,0,2
3,34,0x000000010000000a,3,1,2726,702,0,876,0,619,546,77,9,0,2
3,34,0x000000010000000c,5,1,4663,2571,0,1285,0,2384,1353,280,18,0,2
3,34,0x000000010000000c,5,1,4757,2606,0,1208,0,3252,1357,276,0,0,2
3,34,0x0000000100000027,31,1,104748,232,0,1032,0,0,354,44,5,0,2
3,34,0x000000010000002a,34,1,18204,4776,0,4706,0,10388,285,1370,22,0,2
3,34,0x000000010000002b,35,1,137815,8657,0,116866,0,10672,779,20325,78,0,2
3,34,0x0000000100000024,26,1,43123,3832,0,809,0,1871,3852,234,11,0,2
3,34,0x0000000100000022,23,1,39865,3796,0,2809,0,16015,14988,525,12,0,2
3,34,0x0000000100000022,23,1,41983,3790,0,2026,0,17891,17120,513,0,0,2
3,34,0x000000010000002e,38,1,3099,212,0,1273,0,777,688,76,9,0,2
3,34,0x000000010000002e,38,1,2657,162,0,741,0,1154,645,66,0,0,2
3,34,0x000000010000002e,38,1,2861,162,0,965,0,1135,644,66,0,0,2
3,34,0x0000000100000021,22,1,18339,864,0,1510,0,9916,5630,393,9,0,2
3,34,0x000000010000002e,38,1,3151,162,0,1291,0,1137,606,66,0,0,2
3,34,0x0000000100000025,27,1,315851,5303,0,310841,0,1699,766,51130,32,0,2
3,34,0x0000000100000025,27,1,314730,4858,0,310894,0,1980,764,51081,0,0,2
3,34,0x0000000100000018,13,1,1329877,96616,0,1223527,0,39332,42646,201098,46,0,2
3,34,0x0000000100000036,49,1,39192,19470,0,2757,0,1071,8502,970,15,0,2
3,34,0x0000000100000036,49,1,38519,19492,0,2168,0,1907,8368,829,0,0,2
3,34,0x0000000100000036,49,1,38591,19538,0,2613,0,1993,9272,763,0,0,2
3,34,0x0000000100000036,49,1,37838,19492,0,2133,0,1679,8227,753,0,0,2
3,34,0x0000000100000037,50,1,98750,20544,0,5940,0,34917,48369,2123,23,0,2
3,34,0x0000000100000037,50,1,87959,20508,0,5130,0,26637,46847,2025,0,0,2
3,34,0x0000000100000038,51,1,632639,19523,0,624661,0,5335,3453,105238,30,0,2
3,34,0x00000002000000c6,53,1,18910,8313,0,2340,0,6007,3472,786,17,0,2
3,34,0x00000002000000c1,53,1,23478,8196,0,4439,0,8428,3593,676,0,0,2
3,34,0x00000002000000be,53,1,22556,8196,0,2502,0,9599,3406,644,0,0,2
3,34,0x00000002000000bc,53,1,20113,8196,0,2555,0,7378,3194,643,0,0,2
3,34,0x0000000100000039,55,1,63132,20544,0,1801,0,39954,1409,469,13,0,2
3,34,0x0000000200000138,56,1,17143,7808,0,2253,0,12410,2482,229,17,0,2
3,35,0x0000000100000006,0,1,42010,26799,0,3210,0,36016,733,546,14,0,2
3,35,0x000000010000000a,3,1,2694,620,0,1050,0,647,403,78,10,0,2
3,35,0x000000010000000c,5,1,4699,2712,0,1265,0,2591,1381,280,18,0,2
3,35,0x000000010000000c,5,1,4786,2635,0,1024,0,3110,1376,276,0,0,2
3,35,0x000000010000002a,34,1,19257,4778,0,4971,0,10517,317,1305,22,0,2
3,35,0x000000010000002a,34,1,18372,4675,0,4403,0,11615,153,1200,0,0,2
3,35,0x000000010000001b,16,1,72932,7885,0,59284,0,5345,2075,10451,70,0,2
3,35,0x000000010000002e,38,1,2067,208,0,760,0,326,630,79,10,0,2
3,35,0x000000010000002e,38,1,2080,162,0,1006,0,354,605,71,0,0,2
3,35,0x0000000100000022,23,1,35655,3869,0,2612,0,12733,14614,524,12,0,2
3,35,0x0000000100000022,23,1,40918,3790,0,2497,0,15982,17564,513,0,0,2
3,35,0x0000000100000022,23,1,58689,3790,0,2592,0,32833,18209,511,0,0,2
3,35,0x0000000100000022,23,1,49664,3790,0,2422,0,28453,14290,504,0,0,2
3,35,0x000000010000002e,38,1,1844,162,0,823,0,742,230,69,0,0,2
3,35,0x000000010000002e,38,1,2510,153,0,957,0,748,652,68,0,0,2
3,35,0x000000010000002e,38,1,1811,162,0,730,0,736,228,62,0,0,2
3,35,0x0000000100000025,27,1,315930,5325,0,311104,0,1700,739,51142,34,0,2
3,35,0x0000000100000025,27,1,314534,4884,0,310667,0,2146,747,51089,0,0,2
3,35,0x0000000100000018,13,1,1331830,96446,0,1223541,0,41172,41378,200771,48,0,2
3,35,0x0000000100000037,50,1,99906,20557,0,5474,0,37544,47490,2098,25,0,2
3,35,0x0000000100000037,50,1,89023,20515,0,5965,0,28179,46816,2032,0,0,2
3,35,0x0000000100000038,51,1,632088,19522,0,624178,0,5039,3580,105246,30,0,2
3,35,0x00000002000000b6,53,1,18942,8312,0,2528,0,5950,3389,841,17,0,2
3,35,0x00000002000000ae,53,1,25872,8196,0,2434,0,13182,3264,670,0,0,2
3,35,0x00000002000000ac,53,1,20529,8196,0,2688,0,7656,3199,644,0,0,2
3,35,0x0000000100000039,55,1,64585,20560,0,1884,0,42172,833,476,13,0,2
3,35,0x0000000200000138,56,1,16965,7808,0,2069,0,11957,2767,236,17,0,2
3,7,0x0000000100000008,2,0,27020,0,23996,1230,6298,15551,0,279,17,524,2
3,7,0x0000000100000027,30,0,103936,0,23520,2875,13733,101886,0,1295,8,115,2
3,7,0x000000010000001d,18,0,40601,0,24304,1086,23613,34551,0,443,17,1065,2
3,7,0x0000000100000024,25,0,43822,0,14688,1900,21490,41951,0,710,18,1432,2
3,7,0x0000000100000017,12,0,280068,0,117504,3928,173263,275900,0,2643,17,16681,2
3,7,0x0000000100000036,48,0,41914,0,20832,2207,18009,16740,0,697,33,19557,2
3,7,0x0000000100000036,48,0,41742,0,20832,1938,17885,19389,0,644,0,19991,2
3,7,0x0000000100000036,48,0,41997,0,20832,1896,18122,19082,0,611,0,19474,2
3,7,0x0000000100000036,48,0,40277,0,20832,1740,17925,18224,0,611,0,19190,2
3,7,0x000000020000007c,52,0,35404,0,19232,2088,12219,28196,0,195,9,1384,2
3,7,0x0000000200000067,52,0,37281,0,19232,1341,11799,32131,0,187,0,921,2
3,7,0x0000000200000047,52,0,41462,0,19232,1701,11193,37077,0,170,0,895,2
3,7,0x000000020000001c,52,0,43660,0,19232,2473,12020,38430,0,170,0,887,2
3,7,0x0000000200000008,52,0,35770,0,19232,1874,12414,30280,0,170,0,905,2
3,7,0x0000000200000104,54,0,37626,0,17808,1045,8324,28796,0,159,9,7214,2
3,7,0x00000002000000ed,54,0,45863,0,17808,1449,8658,39173,0,149,0,5728,2
3,7,0x00000002000000f9,54,0,34659,0,17808,1110,8547,25978,0,141,0,5752,2
3,42,0x0000000100000006,0,1,42150,26634,0,3158,0,35589,343,546,14,0,2
3,42,0x000000010000000a,3,1,2866,578,0,971,0,614,740,78,11,0,2
3,42,0x000000010000000c,5,1,4989,2559,0,1085,0,2903,1339,280,18,0,2
3,42,0x000000010000000c,5,1,5107,2558,0,1201,0,3075,1359,276,0,0,2
3,42,0x0000000100000027,31,1,104169,232,0,732,0,0,356,44,5,0,2
3,42,0x000000010000002a,34,1,18551,4779,0,5098,0,10013,331,1341,22,0,2
3,42,0x000000010000001b,16,1,72651,7948,0,59200,0,5133,2161,10416,67,0,2
3,42,0x000000010000002e,38,1,1759,200,0,916,0,322,229,81,9,0,2
3,42,0x0000000100000024,26,1,44321,3832,0,799,0,1909,3801,227,11,0,2
3,42,0x0000000100000022,23,1,39936,3824,0,2586,0,16883,14822,529,11,0,2
3,42,0x0000000100000022,23,1,49191,3790,0,2050,0,25706,16490,513,0,0,2
3,42,0x0000000100000022,23,1,40612,3790,0,2284,0,18762,15070,511,0,0,2
3,42,0x000000010000002e,38,1,2169,162,0,707,0,924,272,73,3,0,2
3,42,0x000000010000002e,38,1,1980,162,0,880,0,701,260,69,0,0,2
3,42,0x000000010000002e,38,1,2269,153,0,727,0,756,629,68,0,0,2
3,42,0x000000010000002e,38,1,2097,162,0,876,0,846,258,62,0,0,2
3,42,0x0000000100000025,27,1,315383,5318,0,310938,0,1981,744,51155,33,0,2
3,42,0x000000010000002e,38,1,2998,162,0,1090,0,1171,620,62,0,0,2
3,42,0x0000000100000025,27,1,314513,4861,0,310682,0,2059,732,51072,0,0,2
3,42,0x0000000100000018,13,1,1331592,96437,0,1223733,0,43648,43062,201280,49,0,2
3,42,0x0000000100000036,49,1,39962,19490,0,2547,0,2208,8593,965,15,0,2
3,42,0x0000000100000036,49,1,39803,19527,0,2680,0,1990,8937,843,0,0,2
3,42,0x0000000100000036,49,1,39977,19505,0,2122,0,2297,8652,763,0,0,2
3,42,0x0000000100000036,49,1,38385,19470,0,2357,0,2087,7206,753,0,0,2
3,42,0x0000000100000037,50,1,102362,20508,0,5181,0,39286,48598,2126,24,0,2
3,42,0x0000000100000037,50,1,97395,20508,0,6229,0,35053,46796,2032,0,0,2
3,42,0x0000000100000038,51,1,632320,19612,0,624338,0,5476,3694,105241,29,0,2
3,42,0x00000002000000a6,53,1,20506,8284,0,2783,0,7172,3469,800,17,0,2
3,42,0x000000020000009e,53,1,23500,8196,0,3014,0,10306,3165,676,0,0,2
3,42,0x000000020000009c,53,1,20052,8196,0,2497,0,7374,3195,644,0,0,2
3,42,0x0000000100000039,55,1,59533,20544,0,1914,0,37460,1048,481,13,0,2
3,42,0x0000000200000138,56,1,17932,7808,0,2500,0,13355,2676,230,18,0,2
3,43,0x0000000100000006,0,1,41538,26717,0,3137,0,35930,528,546,14,0,2
3,43,0x000000010000000a,3,1,2901,549,0,1170,0,669,568,77,10,0,2
3,43,0x000000010000000c,5,1,5084,2692,0,1114,0,2824,1362,280,18,0,2
3,43,0x000000010000000c,5,1,4877,2589,0,2007,0,3003,1358,276,0,0,2
3,43,0x000000010000002a,34,1,18201,4781,0,4941,0,10518,307,1309,22,0,2
3,43,0x000000010000002a,34,1,17859,4675,0,4998,0,10287,336,1202,0,0,2
3,43,0x000000010000001b,16,1,72492,7996,0,59213,0,4662,2905,10427,66,0,2
3,43,0x000000010000002e,38,1,1774,203,0,927,0,318,230,79,10,0,2
3,43,0x000000010000002e,38,1,2613,162,0,784,0,1040,646,69,0,0,2
3,43,0x0000000100000022,23,1,36660,3829,0,2539,0,14325,14410,526,11,0,2
3,43,0x0000000100000022,23,1,41859,3790,0,2098,0,16821,17838,513,0,0,2
3,43,0x0000000100000022,23,1,47832,3790,0,2393,0,24843,15699,511,0,0,2
3,43,0x0000000100000022,23,1,44438,3781,0,1819,0,23924,14197,504,0,0,2
3,43,0x000000010000002e,38,1,2179,162,0,1071,0,718,273,69,0,0,2
3,43,0x000000010000002e,38,1,2625,162,0,730,0,1133,645,68,0,0,2
3,43,0x000000010000002e,38,1,1610,153,0,871,0,336,250,62,0,0,2
3,43,0x000000010000002e,38,1,2634,162,0,716,0,1158,643,62,0,0,2
3,43,0x0000000100000025,27,1,315509,5300,0,311075,0,1899,684,51133,34,0,2
3,43,0x000000010000002e,38,1,2674,162,0,767,0,1167,617,66,0,0,2
3,43,0x0000000100000025,27,1,314731,4867,0,310876,0,1990,784,51080,0,0,2
3,43,0x0000000100000018,13,1,1332390,96463,0,1223485,0,42087,41999,200769,47,0,2
3,43,0x0000000100000037,50,1,102797,20557,0,6444,0,40595,46753,2097,24,0,2
3,43,0x0000000100000037,50,1,91113,20566,0,5039,0,30394,46520,2032,0,0,2
3,43,0x0000000100000038,51,1,632167,19525,0,624321,0,5262,3355,105246,30,0,2
3,43,0x0000000200000096,53,1,20017,8323,0,2311,0,7173,3440,841,17,0,2
3,43,0x000000020000008e,53,1,22210,8196,0,2699,0,9194,3339,670,0,0,2
3,43,0x000000020000008c,53,1,20261,8196,0,2471,0,7630,3174,644,0,0,2
3,43,0x0000000100000039,55,1,63711,20779,0,2207,0,41846,841,476,13,0,2
3,43,0x0000000200000138,56,1,17693,7808,0,2181,0,12838,3020,237,18,0,2
3,11,0x0000000100000008,2,0,26978,0,23996,1160,6306,15058,0,285,16,287,2
3,11,0x0000000100000027,30,0,103317,0,23520,2389,13794,101728,0,1301,8,115,2
3,11,0x000000010000001d,18,0,40827,0,24304,1222,23496,34686,0,442,16,1032,2
3,11,0x0000000100000024,25,0,43368,0,14688,1709,21811,41675,0,711,18,1432,2
3,11,0x0000000100000017,12,0,286662,0,117504,3901,172789,282688,0,2669,17,16419,2
3,11,0x0000000100000036,48,0,41624,0,20832,2173,17905,16759,0,694,34,19544,2
3,11,0x0000000100000036,48,0,41110,0,20832,2008,17958,18222,0,644,0,19058,2
3,11,0x0000000100000036,48,0,41760,0,20832,2125,17938,17849,0,621,0,19692,2
3,11,0x0000000100000036,48,0,40947,0,20832,1893,17938,18838,0,611,0,19075,2
3,11,0x000000020000007a,52,0,35778,0,19232,2453,12248,29485,0,195,9,1321,2
3,11,0x0000000200000066,52,0,35479,0,19232,1570,11778,30850,0,187,0,944,2
3,11,0x0000000200000046,52,0,41719,0,19232,2323,11147,37497,0,170,0,891,2
3,11,0x000000020000001b,52,0,43137,0,19232,1892,11662,38278,0,170,0,893,2
3,11,0x0000000200000136,54,0,38314,0,17808,2539,8591,29324,0,159,9,7285,2
3,11,0x00000002000000f4,54,0,35514,0,17808,1128,8648,27559,0,149,0,5938,2
3,11,0x00000002000000dd,54,0,48727,0,17808,1599,8538,42177,0,141,0,5726,2
3,11,0x00000002000000e9,54,0,34450,0,17808,1124,8584,26668,0,141,0,5713,2
3,50,0x0000000100000006,0,1,40915,26409,0,3242,0,34464,795,539,14,0,2
3,50,0x000000010000000a,3,1,2551,539,0,1004,0,643,395,77,10,0,2
3,50,0x000000010000000c,5,1,4916,2567,0,1080,0,2741,1348,274,18,0,2
3,50,0x000000010000000c,5,1,4788,2558,0,1766,0,2369,1334,255,0,0,2
3,50,0x0000000100000027,31,1,103513,232,0,764,0,0,358,41,5,0,2
3,50,0x000000010000002a,34,1,20275,4795,0,4895,0,11633,325,1370,22,0,2
3,50,0x000000010000001b,16,1,72261,8270,0,59015,0,5046,2072,10422,68,0,2
3,50,0x000000010000001f,20,1,26872,5245,0,4633,0,18983,312,1233,23,0,2
3,50,0x000000010000002e,38,1,2058,213,0,762,0,326,641,82,10,0,2
3,50,0x0000000100000024,26,1,43932,3832,0,1091,0,1623,3581,248,11,0,2
3,50,0x0000000100000022,23,1,37339,3790,0,2173,0,15605,14222,527,11,0,2
3,50,0x0000000100000022,23,1,49865,3790,0,2107,0,23436,19232,511,0,0,2
3,50,0x0000000100000022,23,1,46359,3790,0,2253,0,24278,14860,511,0,0,2
3,50,0x0000000100000022,23,1,41569,3790,0,2054,0,19686,15310,504,0,0,2
3,50,0x000000010000002e,38,1,3148,162,0,1147,0,1137,609,70,3,0,2
3,50,0x000000010000002e,38,1,2966,162,0,1086,0,1117,643,69,0,0,2
3,50,0x000000010000002e,38,1,1834,162,0,741,0,722,250,68,0,0,2
3,50,0x000000010000002e,38,1,2835,162,0,916,0,1160,642,62,0,0,2
3,50,0x0000000100000025,27,1,315413,5298,0,310880,0,1815,667,51169,32,0,2
3,50,0x000000010000002e,38,1,2068,162,0,922,0,759,270,62,0,0,2
3,50,0x0000000100000025,27,1,314535,4877,0,310660,0,2042,771,51053,0,0,2
3,50,0x0000000100000018,13,1,1324908,96421,0,1223632,0,35877,41942,201164,50,0,2
3,50,0x0000000100000036,49,1,39541,19492,0,2476,0,1486,8093,958,16,0,2
3,50,0x0000000100000036,49,1,39324,19504,0,2735,0,1516,8968,836,0,0,2
3,50,0x0000000100000036,49,1,39639,19516,0,2248,0,1677,8642,763,0,0,2
3,50,0x0000000100000036,49,1,39164,19560,0,2357,0,1886,9640,753,0,0,2
3,50,0x0000000100000037,50,1,93606,20509,0,5156,0,31873,47249,2124,24,0,2
3,50,0x0000000100000037,50,1,89144,20553,0,5510,0,27940,46729,2025,0,0,2
3,50,0x0000000100000038,51,1,632080,19522,0,624238,0,5583,3474,105250,30,0,2
3,50,0x00000002000000c5,53,1,21155,8333,0,2846,0,7709,3487,804,17,0,2
3,50,0x00000002000000bf,53,1,22416,8196,0,2353,0,9212,3877,676,0,0,2
3,50,0x00000002000000ba,53,1,21735,8196,0,3235,0,8196,3289,644,0,0,2
3,50,0x0000000100000039,55,1,63134,20563,0,1857,0,41055,952,481,13,0,2
3,50,0x0000000200000138,56,1,17294,7809,0,2017,0,12878,2490,230,18,0,2
3,51,0x0000000100000006,0,1,41164,26764,0,3087,0,35823,112,539,14,0,2
3,51,0x000000010000000a,3,1,2359,520,0,961,0,662,243,77,10,0,2
3,51,0x000000010000000c,5,1,4969,2617,0,1084,0,2791,1348,274,18,0,2
3,51,0x000000010000000c,5,1,4806,2592,0,1483,0,2542,1348,255,0,0,2
3,51,0x000000010000002a,34,1,21709,4798,0,5112,0,11906,288,1344,22,0,2
3,51,0x000000010000002a,34,1,19053,4675,0,4452,0,12005,320,1209,0,0,2
3,51,0x000000010000001b,16,1,72018,7945,0,58731,0,4751,2107,10474,71,0,2
3,51,0x000000010000001f,20,1,27183,5245,0,4778,0,19152,332,1230,23,0,2
3,51,0x000000010000002e,38,1,2418,164,0,773,0,759,642,82,10,0,2
3,51,0x000000010000002e,38,1,2280,153,0,1096,0,369,682,71,0,0,2
3,51,0x0000000100000022,23,1,35131,3819,0,1807,0,12735,14918,526,11,0,2
3,51,0x0000000100000022,23,1,51964,3790,0,2333,0,25390,19119,511,0,0,2
3,51,0x0000000100000022,23,1,50973,3790,0,2154,0,26416,17104,511,0,0,2
3,51,0x0000000100000022,23,1,43408,3781,0,1963,0,23064,13838,504,0,0,2
3,51,0x000000010000002e,38,1,2448,162,0,957,0,778,592,66,0,0,2
3,51,0x000000010000002e,38,1,2096,162,0,996,0,699,271,70,0,0,2
3,51,0x000000010000002e,38,1,2920,162,0,734,0,1432,637,62,0,0,2
3,51,0x000000010000002e,38,1,1871,162,0,917,0,548,289,62,0,0,2
3,51,0x0000000100000025,27,1,315335,5324,0,310894,0,2239,675,51185,32,0,2
3,51,0x000000010000002e,38,1,2067,162,0,925,0,741,284,66,0,0,2
3,51,0x0000000100000025,27,1,314470,4876,0,310665,0,2521,694,51053,0,0,2
3,51,0x0000000100000018,13,1,1328862,96573,0,1223521,0,38423,40840,200832,49,0,2
3,51,0x0000000100000037,50,1,95275,20506,0,5412,0,33488,48043,2095,24,0,2
3,51,0x0000000100000037,50,1,89979,20536,0,6790,0,27644,46687,2025,0,0,2
3,51,0x0000000100000038,51,1,632039,19527,0,624203,0,4444,3400,105262,30,0,2
3,51,0x00000002000000b5,53,1,21094,8339,0,2570,0,7662,3788,846,18,0,2
3,51,0x00000002000000af,53,1,21971,8196,0,2278,0,9211,3504,670,0,0,2
3,51,0x00000002000000aa,53,1,21398,8196,0,2711,0,8384,3317,644,0,0,2
3,51,0x0000000100000039,55,1,66710,20579,0,1788,0,44777,810,476,13,0,2
3,51,0x0000000200000138,56,1,17150,7809,0,1781,0,12636,2663,237,18,0,2
3,15,0x0000000100000008,2,0,27817,0,23996,1623,8893,21517,0,278,16,337,2
3,15,0x0000000100000027,30,0,103071,0,23520,2284,13771,101357,0,1295,8,115,2
3,15,0x0000000100000015,10,0,89560,0,34272,2988,55563,86907,0,1256,15,3428,2
3,15,0x0000000100000024,25,0,42732,0,14688,1746,21779,41249,0,704,19,1432,2
3,15,0x0000000100000017,12,0,279797,0,117504,4107,172654,275769,0,2663,17,16271,2
3,15,0x0000000100000036,48,0,41063,0,20832,2012,17918,14966,0,695,35,19794,2
3,15,0x0000000100000036,48,0,42723,0,20832,2306,18069,19504,0,644,0,19270,2
3,15,0x0000000100000036,48,0,39447,0,20832,1711,17967,15852,0,611,0,19183,2
3,15,0x0000000100000036,48,0,39979,0,20832,1923,17842,18049,0,611,0,19748,2
3,15,0x0000000200000079,52,0,37227,0,19232,2209,12147,30860,0,195,9,1294,2
3,15,0x0000000200000065,52,0,35612,0,19232,1890,11764,30150,0,187,0,877,2
3,15,0x0000000200000045,52,0,40958,0,19232,1433,11036,36745,0,170,0,882,2
3,15,0x000000020000001a,52,0,44750,0,19232,2694,12081,38855,0,170,0,884,2
3,15,0x0000000200000126,54,0,38341,0,17808,1203,8723,28948,0,159,9,7377,2
3,15,0x00000002000000e4,54,0,36391,0,17808,1497,8786,28342,0,149,0,5764,2
3,15,0x00000002000000cd,54,0,49281,0,17808,2671,8568,42834,0,141,0,5776,2
3,15,0x00000002000000d9,54,0,35613,0,17808,1675,8586,28375,0,141,0,5710,2
3,58,0x0000000100000006,0,1,41123,26420,0,3191,0,35017,605,539,14,0,2
3,58,0x000000010000000a,3,1,3692,848,0,1284,0,915,597,77,10,0,2
3,58,0x000000010000000c,5,1,4454,2659,0,1232,0,2614,1374,274,18,0,2
3,58,0x000000010000000c,5,1,4349,2595,0,2616,0,2711,1359,255,0,0,2
3,58,0x0000000100000027,31,1,103953,232,0,918,0,0,350,43,5,0,2
3,58,0x000000010000002a,34,1,21734,4821,0,4664,0,13645,308,1366,22,0,2
3,58,0x000000010000001b,16,1,72514,7616,0,59152,0,5185,2009,10448,67,0,2
3,58,0x000000010000001f,20,1,29716,5283,0,5081,0,21494,338,1203,23,0,2
3,58,0x000000010000002e,38,1,2655,162,0,1018,0,773,626,82,10,0,2
3,58,0x0000000100000024,26,1,43551,3832,0,784,0,1595,3500,247,9,0,2
3,58,0x0000000100000022,23,1,50525,3790,0,2497,0,22507,20256,527,11,0,2
3,58,0x0000000100000022,23,1,53893,3790,0,2071,0,30660,16309,511,0,0,2
3,58,0x000000010000002e,38,1,2615,162,0,1374,0,740,229,70,3,0,2
3,58,0x0000000100000022,23,1,48758,3790,0,2040,0,24826,17387,511,0,0,2
3,58,0x000000010000002e,38,1,3247,162,0,1363,0,1128,639,63,0,0,2
3,58,0x000000010000002e,38,1,2644,162,0,777,0,1136,610,70,0,0,2
3,58,0x000000010000002e,38,1,2377,162,0,999,0,987,270,68,0,0,2
3,58,0x000000010000002e,38,1,2740,162,0,787,0,1195,641,62,0,0,2
3,58,0x0000000100000025,27,1,315926,5340,0,311164,0,1810,725,51219,32,0,2
3,58,0x000000010000002e,38,1,2118,206,0,992,0,762,247,62,0,0,2
3,58,0x0000000100000025,27,1,314743,4886,0,310888,0,2021,728,51059,0,0,2
3,58,0x0000000100000018,13,1,1328857,96304,0,1223629,0,38667,42021,201258,48,0,2
3,58,0x0000000100000036,49,1,39537,19514,0,2525,0,1472,9284,959,16,0,2
3,58,0x0000000100000036,49,1,40599,19492,0,2150,0,2375,8497,835,0,0,2
3,58,0x0000000100000036,49,1,38131,19526,0,2494,0,768,8660,761,0,0,2
3,58,0x0000000100000036,49,1,37945,19470,0,2103,0,2373,8544,753,0,0,2
3,58,0x0000000100000037,50,1,95042,20514,0,5869,0,32251,47465,2123,23,0,2
3,58,0x0000000100000037,50,1,97296,20531,0,5022,0,36001,47306,2032,0,0,2
3,58,0x0000000100000038,51,1,632700,19523,0,624813,0,5703,3522,105247,30,0,2
3,58,0x00000002000000a5,53,1,19822,8511,0,2465,0,6272,3497,801,17,0,2
3,58,0x000000020000009f,53,1,23720,8196,0,3286,0,10213,3229,679,0,0,2
3,58,0x000000020000009a,53,1,20361,8196,0,2230,0,7612,3533,647,0,0,2
3,58,0x0000000100000039,55,1,63306,20563,0,2128,0,40916,1030,474,13,0,2
3,58,0x0000000200000138,56,1,17895,7808,0,2805,0,13451,2587,230,18,0,2
3,59,0x0000000100000006,0,1,41317,26597,0,3238,0,36175,159,539,14,0,2
3,59,0x000000010000000a,3,1,3564,853,0,1316,0,868,590,75,8,0,2
3,59,0x000000010000000c,5,1,4644,2679,0,1218,0,2825,1349,274,18,0,2
3,59,0x000000010000000c,5,1,4385,2639,0,2478,0,2788,1352,255,0,0,2
3,59,0x000000010000002a,34,1,20451,4864,0,5469,0,11642,113,1307,23,0,2
3,59,0x000000010000002a,34,1,20794,4675,0,4653,0,13625,356,1208,0,0,2
3,59,0x000000010000001b,16,1,72309,7879,0,59190,0,4897,2071,10447,72,0,2
3,59,0x000000010000001f,20,1,26676,5284,0,5093,0,18619,312,1222,22,0,2
3,59,0x000000010000002e,38,1,1954,196,0,1016,0,362,269,82,10,0,2
3,59,0x000000010000002e,38,1,2312,162,0,793,0,770,624,71,0,0,2
3,59,0x000000010000002e,38,1,2637,162,0,1203,0,577,736,69,0,0,2
3,59,0x0000000100000022,23,1,50232,3790,0,2322,0,21589,21286,523,12,0,2
3,59,0x0000000100000022,23,1,51067,3790,0,2227,0,27727,15932,511,0,0,2
3,59,0x000000010000002e,38,1,2197,168,0,1249,0,604,227,66,0,0,2
3,59,0x0000000100000022,23,1,45933,3790,0,2220,0,22559,16628,510,0,0,2
3,59,0x000000010000002e,38,1,2881,162,0,947,0,1176,641,63,0,0,2
3,59,0x000000010000002e,38,1,2174,162,0,1048,0,738,271,62,0,0,2
3,59,0x000000010000002e,38,1,2731,162,0,761,0,1206,647,62,0,0,2
3,59,0x000000010000002e,38,1,2187,162,0,1032,0,769,269,62,0,0,2
3,59,0x0000000100000025,27,1,315312,5257,0,310913,0,2177,741,51209,33,0,2
3,59,0x000000010000002e,38,1,2420,205,0,1260,0,792,247,66,0,0,2
3,59,0x0000000100000025,27,1,314488,4884,0,310652,0,2289,709,51059,0,0,2
3,59,0x0000000100000018,13,1,1330963,96455,0,1223573,0,43407,42116,200814,45,0,2
3,59,0x0000000100000037,50,1,82309,20472,0,5323,0,17834,49126,2095,24,0,2
3,59,0x0000000100000037,50,1,97692,20526,0,5391,0,36244,46952,2032,0,0,2
3,59,0x0000000100000038,51,1,632106,19523,0,624232,0,4577,3557,105237,29,0,2
3,59,0x0000000200000095,53,1,20373,8404,0,2964,0,6546,3559,845,18,0,2
3,59,0x000000020000008f,53,1,23026,8196,0,2321,0,10556,3168,673,0,0,2
3,59,0x0000000100000039,55,1,62314,20563,0,2218,0,40235,871,484,13,0,2
3,59,0x0000000200000138,56,1,17855,7808,0,2805,0,13196,2910,237,18,0,2
3,19,0x0000000100000008,2,0,27896,0,23996,1618,8007,21251,0,279,17,320,2
3,19,0x000000010000001d,18,0,44353,0,24304,1245,23664,38783,0,445,19,1003,2
3,19,0x000000010000001d,18,0,40802,0,24304,1007,23624,35198,0,432,0,735,2
3,19,0x0000000100000015,10,0,89440,0,34272,2750,55637,87444,0,1274,15,4318,2
3,19,0x0000000100000024,25,0,43424,0,14688,1759,21904,41864,0,704,19,1432,2
3,19,0x0000000100000017,12,0,279656,0,117504,3891,173672,276040,0,2643,17,16042,2
3,19,0x0000000100000036,48,0,41219,0,20832,2320,17968,15122,0,695,35,19654,2
3,19,0x0000000100000036,48,0,40016,0,20832,1930,17881,16509,0,644,0,19374,2
3,19,0x0000000100000036,48,0,40781,0,20832,2044,17989,18321,0,611,0,19489,2
3,19,0x0000000100000036,48,0,40437,0,20832,1914,17876,18102,0,611,0,19445,2
3,19,0x0000000200000077,52,0,38573,0,19232,2122,11436,33073,0,195,9,1216,2
3,19,0x0000000200000064,52,0,35481,0,19232,1544,12314,29536,0,187,0,866,2
3,19,0x0000000200000044,52,0,40542,0,19232,1702,11017,36638,0,170,0,863,2
3,19,0x0000000200000117,54,0,45145,0,17808,1216,8486,36638,0,159,9,7312,2
3,19,0x0000000200000116,54,0,34797,0,17808,1518,8762,26344,0,149,0,5874,2
3,19,0x00000002000000d4,54,0,35397,0,17808,942,8890,27363,0,141,0,5824,2
3,19,0x000000020000012c,54,0,48461,0,17808,1587,8874,41649,0,141,0,5907,2
3,19,0x00000002000000c9,54,0,35026,0,17808,1187,8664,28311,0,141,0,5758,2
3,66,0x0000000100000006,0,1,39503,26455,0,2974,0,35145,657,539,14,0,2
3,66,0x000000010000000a,3,1,3860,845,0,1516,0,757,593,79,11,0,2
3,66,0x000000010000000c,5,1,4240,2708,0,1080,0,2453,1374,274,18,0,2
3,66,0x000000010000000c,5,1,4252,2616,0,2708,0,2447,1365,255,0,0,2
3,66,0x000000010000002a,34,1,22178,4850,0,5313,0,13716,313,1327,23,0,2
3,66,0x000000010000002a,34,1,18956,4675,0,4464,0,12052,327,1199,0,0,2
3,66,0x000000010000001b,16,1,71914,7930,0,58973,0,4672,2022,10466,72,0,2
3,66,0x000000010000001f,20,1,30194,5240,0,5050,0,22200,352,1225,24,0,2
3,66,0x000000010000002e,38,1,1839,233,0,925,0,325,291,82,10,0,2
3,66,0x0000000100000024,26,1,44232,3832,0,979,0,1740,3593,241,11,0,2
3,66,0x0000000100000022,23,1,49998,3790,0,2412,0,22389,20509,527,11,0,2
3,66,0x0000000100000022,23,1,43811,3790,0,1970,0,20458,16417,511,0,0,2
3,66,0x000000010000002e,38,1,2641,162,0,1027,0,807,602,70,3,0,2
3,66,0x0000000100000022,23,1,44049,3790,0,2187,0,22267,15093,511,0,0,2
3,66,0x000000010000002e,38,1,1918,162,0,838,0,691,272,63,0,0,2
3,66,0x000000010000002e,38,1,2252,162,0,1135,0,701,291,70,0,0,2
3,66,0x000000010000002e,38,1,2722,162,0,819,0,1157,625,68,0,0,2
3,66,0x000000010000002e,38,1,2259,162,0,1065,0,788,289,62,0,0,2
3,66,0x0000000100000025,27,1,315383,5212,0,310943,0,2226,721,51252,32,0,2
3,66,0x000000010000002e,38,1,2660,162,0,1175,0,780,588,62,0,0,2
3,66,0x0000000100000025,27,1,314604,4970,0,310651,0,2217,758,51059,0,0,2
3,66,0x0000000100000018,13,1,1331918,96335,0,1223580,0,43330,42845,200878,48,0,2
3,66,0x0000000100000036,49,1,38944,19492,0,2278,0,1645,8120,957,16,0,2
3,66,0x0000000100000036,49,1,38625,19492,0,2504,0,2139,9432,827,0,0,2
3,66,0x0000000100000036,49,1,38661,19470,0,2404,0,1911,7910,761,0,0,2
3,66,0x0000000100000036,49,1,39113,19492,0,2351,0,2472,8090,753,0,0,2
3,66,0x0000000100000037,50,1,95929,20531,0,5757,0,34339,47025,2124,24,0,2
3,66,0x0000000100000037,50,1,89723,20548,0,5592,0,28642,46526,2032,0,0,2
3,66,0x0000000100000038,51,1,632292,19635,0,624349,0,5738,3903,105230,30,0,2
3,66,0x0000000100000039,55,1,61780,20563,0,2030,0,39589,818,482,13,0,2
3,66,0x0000000200000138,56,1,17761,7808,0,2813,0,13296,2633,230,18,0,2
3,67,0x0000000100000006,0,1,39985,26776,0,2908,0,35467,487,539,14,0,2
3,67,0x000000010000000a,3,1,3699,897,0,1466,0,686,528,77,9,0,2
3,67,0x000000010000000c,5,1,4473,2771,0,1042,0,2636,1354,274,18,0,2
3,67,0x000000010000000c,5,1,4201,2583,0,1382,0,2073,1362,255,0,0,2
3,67,0x000000010000000c,5,1,4155,2613,0,880,0,2533,1354,228,0,0,2
3,67,0x000000010000002a,34,1,22687,4822,0,5533,0,13732,314,1328,23,0,2
3,67,0x000000010000002a,34,1,19758,4675,0,4808,0,12295,333,1212,0,0,2
3,67,0x000000010000001b,16,1,72161,7856,0,59211,0,4903,2096,10459,66,0,2
3,67,0x000000010000001f,20,1,25948,5239,0,4843,0,18282,334,1197,23,0,2
3,67,0x000000010000002e,38,1,2304,219,0,1040,0,334,617,82,10,0,2
3,67,0x000000010000002e,38,1,1538,153,0,798,0,325,291,71,0,0,2
3,67,0x000000010000002e,38,1,2609,162,0,1191,0,805,466,71,0,0,2
3,67,0x0000000100000022,23,1,49952,3790,0,2322,0,21514,21305,527,11,0,2
3,67,0x0000000100000022,23,1,42931,3790,0,2222,0,20772,15091,511,0,0,2
3,67,0x000000010000002e,38,1,2461,162,0,964,0,773,607,66,0,0,2
3,67,0x0000000100000022,23,1,48192,3790,0,2078,0,25089,16500,510,0,0,2
3,67,0x000000010000002e,38,1,1771,162,0,843,0,538,273,63,0,0,2
3,67,0x000000010000002e,38,1,3020,162,0,1092,0,1165,646,62,0,0,2
3,67,0x000000010000002e,38,1,1952,162,0,835,0,754,246,62,0,0,2
3,67,0x000000010000002e,38,1,2914,162,0,1006,0,1146,645,62,0,0,2
3,67,0x0000000100000025,27,1,315185,5225,0,310871,0,2246,742,51214,32,0,2
3,67,0x000000010000002e,38,1,2943,162,0,1082,0,1149,591,66,0,0,2
3,67,0x0000000100000025,27,1,314488,4882,0,310624,0,2031,759,51059,0,0,2
3,67,0x0000000100000018,13,1,1331965,96262,0,1223621,0,42773,42015,200885,51,0,2
3,67,0x0000000100000037,50,1,95476,20580,0,5271,0,33785,47664,2095,24,0,2
3,67,0x0000000100000037,50,1,86508,20548,0,5288,0,25570,46401,2032,0,0,2
3,67,0x0000000100000037,50,1,83470,20514,0,5016,0,23991,46097,2001,0,0,2
3,67,0x0000000100000038,51,1,632439,19525,0,624523,0,5293,4216,105263,31,0,2
3,67,0x0000000100000039,55,1,58126,20563,0,1836,0,36191,950,484,13,0,2
3,67,0x0000000200000138,56,1,18012,7808,0,2725,0,12969,2925,234,16,0,2
3,23,0x0000000100000008,2,0,27889,0,23996,1266,6297,15113,0,292,16,356,2
3,23,0x0000000100000008,2,0,26900,0,23996,1408,8892,21532,0,263,0,323,2
3,23,0x000000010000001d,18,0,44035,0,24304,1158,23757,38381,0,443,17,1016,2
3,23,0x000000010000001d,18,0,40770,0,24304,1016,23738,34914,0,432,0,682,2
3,23,0x0000000100000015,10,0,89080,0,34272,2608,55202,87273,0,1260,15,4279,2
3,23,0x0000000100000024,25,0,42697,0,14688,1772,21424,41114,0,709,18,1432,2
3,23,0x0000000100000017,12,0,280755,0,117504,3885,171897,277006,0,2649,17,16388,2
3,23,0x0000000100000036,48,0,41014,0,20832,2254,17956,16019,0,696,36,19909,2
3,23,0x0000000100000036,48,0,41538,0,20832,1954,17999,18619,0,642,0,19093,2
3,23,0x0000000100000036,48,0,44145,0,20832,1968,17931,21942,0,619,0,19455,2
3,23,0x0000000100000036,48,0,39700,0,20832,1698,17846,18061,0,611,0,19334,2
3,23,0x0000000200000074,52,0,35993,0,19232,2344,12138,29255,0,195,9,1256,2
3,23,0x0000000200000058,52,0,36892,0,19232,1934,11429,32323,0,187,0,895,2
3,23,0x0000000200000043,52,0,40200,0,19232,2005,11857,35243,0,170,0,862,2
3,23,0x0000000200000115,54,0,43533,0,17808,1222,8557,35682,0,159,9,7192,2
3,23,0x0000000200000014,52,0,36593,0,19232,2083,12095,30709,0,169,0,874,2
3,23,0x0000000200000134,54,0,35746,0,17808,1215,8832,27354,0,150,0,5715,2
3,23,0x000000020000011c,54,0,49017,0,17808,2136,8502,41933,0,141,0,5683,2
3,23,0x0000000200000128,54,0,34956,0,17808,1324,8540,28277,0,141,0,5725,2
3,74,0x0000000100000006,0,1,39768,26690,0,2966,0,35393,640,539,14,0,2
3,74,0x000000010000000a,3,1,3328,748,0,1519,0,647,343,78,10,0,2
3,74,0x000000010000000c,5,1,4275,2620,0,1070,0,2558,1337,274,18,0,2
3,74,0x000000010000000c,5,1,4319,2635,0,1329,0,2430,1348,255,0,0,2
3,74,0x000000010000000c,5,1,4071,2606,0,925,0,2438,1341,228,0,0,2
3,74,0x000000010000002a,34,1,21586,4956,0,5800,0,12243,311,1337,22,0,2
3,74,0x000000010000002a,34,1,20544,4675,0,4639,0,13408,145,1216,0,0,2
3,74,0x000000010000001b,16,1,71894,7821,0,58996,0,5022,1890,10505,71,0,2
3,74,0x000000010000001f,20,1,27000,5255,0,5003,0,19190,332,1229,24,0,2
3,74,0x000000010000002e,38,1,2420,183,0,1192,0,319,615,82,10,0,2
3,74,0x000000010000002e,38,1,2264,162,0,778,0,775,594,69,0,0,2
3,74,0x0000000100000024,26,1,43482,3832,0,1000,0,1838,3458,241,10,0,2
3,74,0x0000000100000022,23,1,50468,3790,0,2192,0,22785,20612,526,11,0,2
3,74,0x0000000100000022,23,1,42483,3781,0,2219,0,20071,15277,511,0,0,2
3,74,0x000000010000002e,38,1,2218,162,0,995,0,737,240,70,3,0,2
3,74,0x0000000100000022,23,1,46109,3790,0,2010,0,22977,16604,510,0,0,2
3,74,0x000000010000002e,38,1,2474,162,0,835,0,900,622,63,0,0,2
3,74,0x000000010000002e,38,1,2958,162,0,982,0,1205,651,68,0,0,2
3,74,0x000000010000002e,38,1,1942,162,0,833,0,745,247,62,0,0,2
3,74,0x000000010000002e,38,1,2940,162,0,988,0,1192,643,62,0,0,2
3,74,0x0000000100000025,27,1,315525,5286,0,311020,0,1835,675,51249,34,0,2
3,74,0x000000010000002e,38,1,2109,180,0,1012,0,713,267,62,0,0,2
3,74,0x0000000100000025,27,1,314470,4866,0,310662,0,2228,726,51059,0,0,2
3,74,0x0000000100000018,13,1,1331962,96906,0,1223540,0,42867,41176,200926,46,0,2
3,74,0x0000000100000036,49,1,38860,19525,0,2320,0,1866,8284,969,16,0,2
3,74,0x0000000100000036,49,1,40182,19470,0,2848,0,2642,8815,827,0,0,2
3,74,0x0000000100000036,49,1,42064,19505,0,2394,0,1424,8102,761,0,0,2
3,74,0x0000000100000036,49,1,38277,19527,0,2372,0,2417,8179,753,0,0,2
3,74,0x0000000100000037,50,1,91887,20474,0,5264,0,30030,47824,2123,23,0,2
3,74,0x0000000100000037,50,1,88069,20554,0,5382,0,27152,47073,2032,0,0,2
3,74,0x0000000100000037,50,1,84567,20563,0,5017,0,24673,46600,2009,0,0,2
3,74,0x0000000100000038,51,1,632372,19525,0,624469,0,5189,3561,105251,27,0,2
3,74,0x0000000100000039,55,1,59049,20706,0,1981,0,36726,1209,482,13,0,2
3,74,0x0000000200000138,56,1,18284,7801,0,2657,0,13373,2571,229,17,0,2
3,75,0x0000000100000006,0,1,40099,26661,0,3009,0,35386,522,539,14,0,2
3,75,0x000000010000000a,3,1,3162,719,0,1349,0,705,394,78,10,0,2
3,75,0x000000010000000c,5,1,4444,2625,0,1073,0,2789,1340,274,18,0,2
3,75,0x000000010000000c,5,1,4423,2622,0,1166,0,2544,1352,255,0,0,2
3,75,0x000000010000000c,5,1,4150,2665,0,919,0,2582,1346,228,0,0,2
3,75,0x000000010000002a,34,1,21131,4784,0,5766,0,12313,300,1312,22,0,2
3,75,0x000000010000002a,34,1,20444,4675,0,4694,0,13506,146,1207,0,0,2
3,75,0x000000010000001b,16,1,71772,7638,0,58944,0,4786,2670,10456,71,0,2
3,75,0x000000010000001f,20,1,26794,5335,0,4919,0,18997,313,1225,22,0,2
3,75,0x000000010000002e,38,1,2373,261,0,1079,0,315,613,82,10,0,2
3,75,0x000000010000002e,38,1,2428,162,0,935,0,775,593,71,0,0,2
3,75,0x000000010000002e,38,1,2301,153,0,989,0,461,733,69,0,0,2
3,75,0x0000000100000022,23,1,48436,3790,0,2138,0,21782,19450,527,11,0,2
3,75,0x0000000100000022,23,1,37119,3781,0,2190,0,15613,14225,511,0,0,2
3,75,0x0000000100000022,23,1,40136,3781,0,1821,0,19193,14281,511,0,0,2
3,75,0x000000010000002e,38,1,1828,153,0,1105,0,343,239,66,0,0,2
3,75,0x0000000100000022,23,1,47882,3790,0,1757,0,24166,17393,510,0,0,2
3,75,0x000000010000002e,38,1,2731,162,0,1085,0,893,626,63,0,0,2
3,75,0x000000010000002e,38,1,1868,162,0,966,0,738,231,62,0,0,2
3,75,0x000000010000002e,38,1,2321,153,0,951,0,604,624,62,0,0,2
3,75,0x000000010000002e,38,1,1868,162,0,765,0,758,228,62,0,0,2
3,75,0x0000000100000025,27,1,315646,5269,0,311153,0,1893,670,51216,35,0,2
3,75,0x000000010000002e,38,1,1868,162,0,775,0,708,268,66,0,0,2
3,75,0x0000000100000025,27,1,314705,4866,0,310883,0,2161,736,51059,0,0,2
3,75,0x0000000100000018,13,1,1326766,96810,0,1223516,0,38626,41813,200967,52,0,2
3,75,0x0000000100000037,50,1,97603,20531,0,6195,0,34694,46710,2094,23,0,2
3,75,0x0000000100000037,50,1,88210,20515,0,5111,0,27843,46845,2032,0,0,2
3,75,0x0000000100000037,50,1,85973,20557,0,5257,0,25866,46036,2001,0,0,2
3,75,0x0000000100000038,51,1,632190,19547,0,624383,0,3618,3928,105255,31,0,2
3,75,0x0000000100000039,55,1,61629,20563,0,2001,0,39600,820,491,13,0,2
3,75,0x0000000200000138,56,1,17882,7806,0,2451,0,13431,2685,235,17,0,2
3,27,0x0000000100000008,2,0,27701,0,23996,1224,6313,15543,0,278,16,413,2
3,27,0x0000000100000008,2,0,26760,0,23996,1383,9036,21532,0,256,0,313,2
3,27,0x000000010000001d,18,0,43726,0,24304,1189,23732,38349,0,452,19,846,2
3,27,0x000000010000001d,18,0,40863,0,24304,1053,23678,34884,0,439,0,699,2
3,27,0x0000000100000015,10,0,88812,0,34272,2596,55667,87092,0,1266,15,4038,2
3,27,0x0000000100000024,25,0,42031,0,14688,1738,21646,40490,0,699,19,1432,2
3,27,0x0000000100000017,12,0,275232,0,117504,3902,172875,271280,0,2643,17,16207,2
3,27,0x0000000100000036,48,0,40220,0,20832,2153,17974,15742,0,695,35,19796,2
3,27,0x0000000100000036,48,0,40501,0,20832,1717,17919,18358,0,642,0,20087,2
3,27,0x0000000100000036,48,0,44406,0,20832,2270,17982,21320,0,611,0,19883,2
3,27,0x0000000100000036,48,0,40100,0,20832,1694,17836,17784,0,611,0,19475,2
3,27,0x0000000200000073,52,0,36673,0,19232,2057,12240,30192,0,195,9,1226,2
3,27,0x0000000200000057,52,0,39485,0,19232,1451,11660,34847,0,187,0,869,2
3,27,0x0000000200000042,52,0,39804,0,19232,1925,11235,35537,0,170,0,878,2
3,27,0x0000000200000105,54,0,44874,0,17808,2022,8483,37102,0,159,9,7228,2
3,27,0x0000000200000013,52,0,38086,0,19232,1796,12145,31871,0,169,0,878,2
3,27,0x0000000200000124,54,0,35295,0,17808,2335,8783,27867,0,150,0,5770,2
3,27,0x000000020000010c,54,0,47105,0,17808,2577,8467,39488,0,141,0,5757,2
3,27,0x0000000200000118,54,0,34861,0,17808,1308,8591,28053,0,141,0,5795,2
3,82,0x0000000100000006,0,1,40166,26381,0,2953,0,35315,133,539,14,0,2
3,82,0x000000010000000a,3,1,3422,789,0,1316,0,707,650,79,11,0,2
3,82,0x000000010000000c,5,1,4472,2678,0,1109,0,2680,1371,274,18,0,2
3,82,0x000000010000000c,5,1,4537,2586,0,1153,0,2605,1388,255,0,0,2
3,82,0x000000010000000c,5,1,3967,2577,0,916,0,2415,1349,228,0,0,2
3,82,0x000000010000002a,34,1,22799,4816,0,5744,0,14011,131,1314,22,0,2
3,82,0x000000010000002a,34,1,18971,4675,0,4775,0,11830,158,1216,0,0,2
3,82,0x000000010000002a,34,1,19287,4675,0,5242,0,11697,113,1149,0,0,2
3,82,0x000000010000001b,16,1,71408,7654,0,58680,0,4961,1911,10490,66,0,2
3,82,0x000000010000001f,20,1,27293,5332,0,5038,0,19504,307,1215,24,0,2
3,82,0x000000010000002e,38,1,2450,162,0,830,0,762,622,81,10,0,2
3,82,0x000000010000002e,38,1,1823,153,0,1059,0,343,260,71,0,0,2
3,82,0x0000000100000024,26,1,42462,3832,0,811,0,2003,3570,240,9,0,2
3,82,0x0000000100000022,23,1,42614,3790,0,2117,0,17727,17416,526,11,0,2
3,82,0x0000000100000022,23,1,45956,3790,0,1946,0,24601,14817,511,0,0,2
3,82,0x0000000100000022,23,1,35628,3787,0,2310,0,13470,14918,511,0,0,2
3,82,0x0000000100000025,27,1,315652,5283,0,310953,0,2605,672,51233,33,0,2
3,82,0x0000000100000025,27,1,314853,4858,0,311058,0,2212,685,51078,0,0,2
3,82,0x000000010000002e,38,1,2556,162,0,1072,0,795,659,66,3,0,2
3,82,0x0000000100000025,27,1,314726,4859,0,310886,0,1911,739,51051,0,0,2
3,82,0x0000000100000018,13,1,1325926,96910,0,1223624,0,37322,41482,201046,48,0,2
3,82,0x0000000100000036,49,1,38439,19470,0,2640,0,1869,7783,966,16,0,2
3,82,0x0000000100000036,49,1,38614,19546,0,2497,0,2138,8939,827,0,0,2
3,82,0x0000000100000036,49,1,42498,19452,0,2454,0,1835,9357,761,0,0,2
3,82,0x0000000100000036,49,1,38168,19470,0,2573,0,2379,8148,753,0,0,2
3,82,0x0000000100000037,50,1,100781,20518,0,6444,0,36493,48184,2116,23,0,2
3,82,0x0000000100000037,50,1,86038,20527,0,5088,0,25616,47140,2025,0,0,2
3,82,0x0000000100000037,50,1,81320,20500,0,5189,0,21350,46307,2009,0,0,2
3,82,0x0000000100000038,51,1,632159,19525,0,624288,0,5478,3539,105268,32,0,2
3,82,0x0000000100000039,55,1,65712,20560,0,2132,0,43144,847,482,13,0,2
3,82,0x0000000200000138,56,1,17727,7801,0,2289,0,13032,2841,230,19,0,2
3,83,0x0000000100000006,0,1,39738,26709,0,3011,0,35575,412,539,14,0,2
3,83,0x000000010000000a,3,1,3233,616,0,1254,0,714,722,78,10,0,2
3,83,0x000000010000000c,5,1,4597,2656,0,1065,0,2891,1380,274,18,0,2
3,83,0x000000010000000c,5,1,4557,2671,0,1174,0,2731,1381,255,0,0,2
3,83,0x000000010000000c,5,1,4177,2676,0,928,0,2519,1369,228,0,0,2
3,83,0x000000010000002a,34,1,22206,4799,0,5844,0,13570,130,1325,22,0,2
3,83,0x000000010000002a,34,1,18858,4675,0,4750,0,11677,160,1214,0,0,2
3,83,0x000000010000002a,34,1,18888,4675,0,4711,0,11697,113,1149,0,0,2
3,83,0x000000010000001b,16,1,71323,7505,0,58773,0,5018,2060,10476,72,0,2
3,83,0x000000010000001f,20,1,26480,5266,0,4912,0,18757,313,1235,22,0,2
3,83,0x000000010000002e,38,1,2140,216,0,833,0,319,663,81,10,0,2
3,83,0x000000010000002e,38,1,1804,153,0,1042,0,344,261,69,0,0,2
3,83,0x000000010000002e,38,1,1938,153,0,870,0,329,594,69,0,0,2
3,83,0x0000000100000022,23,1,42939,3790,0,2311,0,17542,17996,527,11,0,2
3,83,0x0000000100000022,23,1,32860,3781,0,1936,0,11350,14461,511,0,0,2
3,83,0x0000000100000022,23,1,43770,3781,0,2137,0,22411,14187,511,0,0,2
3,83,0x000000010000002e,38,1,2610,162,0,1044,0,1177,272,66,0,0,2
3,83,0x0000000100000022,23,1,45153,3790,0,2014,0,22565,16085,510,0,0,2
3,83,0x000000010000002e,38,1,1898,162,0,806,0,751,224,63,0,0,2
3,83,0x000000010000002e,38,1,2127,162,0,1017,0,734,259,62,0,0,2
3,83,0x000000010000002e,38,1,2348,153,0,977,0,787,603,62,0,0,2
3,83,0x000000010000002e,38,1,2194,162,0,1072,0,747,258,62,0,0,2
3,83,0x0000000100000025,27,1,315738,5253,0,310876,0,2318,664,51205,32,0,2
3,83,0x0000000100000018,13,1,1330330,96833,0,1223559,0,40779,42459,201002,47,0,2
3,83,0x0000000100000032,44,1,18880,294,0,17518,0,0,906,8186,9,0,2
3,83,0x0000000100000034,46,1,24432,5198,0,14365,0,2134,5531,2424,9,0,2
3,83,0x0000000100000034,46,1,18567,4240,0,11064,0,0,5373,3302,0,0,2
3,83,0x0000000100000034,46,1,95217,18028,0,15547,0,63167,5272,3866,0,0,2
3,83,0x0000000100000037,50,1,100420,20518,0,5311,0,37561,47686,2094,24,0,2
3,83,0x0000000100000037,50,1,83760,20527,0,5450,0,22996,47100,2032,0,0,2
3,83,0x0000000100000038,51,1,632312,19528,0,624474,0,3767,3600,105268,32,0,2
3,83,0x0000000100000039,55,1,67204,20560,0,2043,0,44722,893,481,13,0,2
3,83,0x0000000200000138,56,1,17506,7806,0,2138,0,12952,2731,227,19,0,2
3,83,0x0000000200000138,56,1,15979,7759,0,2153,0,9983,2066,222,0,0,2
