thread_id,core_id,task_id,func_id,core_type,pmu_total_cycles,pmu_idc_aic_vec_busy_o,cube_instr_busy,scalar_instr_busy,mte1_instr_busy,mte2_instr_busy,mte3_instr_busy,icache_req,icache_miss,pmu_fix_instr_busy,event_type
0,0,0x0000000100000007,2,0,27641,0,23996,1196,9209,22535,0,279,17,335,2
0,0,0x0000000100000014,10,0,97481,0,34272,3522,55363,94916,0,1256,14,3350,2
0,0,0x0000000100000016,12,0,359801,0,117504,4814,170215,353371,0,2606,17,17202,2
0,0,0x0000000100000027,29,0,41699,0,20832,2247,18036,16759,0,689,34,19851,2
0,0,0x0000000100000027,29,0,40895,0,20832,1924,17892,17836,0,658,0,19728,2
0,0,0x0000000100000027,29,0,42810,0,20832,1899,17949,20002,0,627,0,19933,2
0,0,0x0000000200000078,33,0,37461,0,19232,2630,12131,29509,0,178,9,1391,2
0,0,0x000000020000005c,33,0,37063,0,19232,1786,11706,31673,0,177,0,884,2
0,0,0x000000020000002a,33,0,38594,0,19232,1822,12088,34034,0,170,0,917,2
0,0,0x00000002000000ff,35,0,38996,0,17808,1154,8556,30642,0,150,8,7758,2
0,0,0x00000002000000dc,35,0,36075,0,17808,1723,8859,26005,0,141,0,5958,2
0,0,0x0000000200000126,35,0,36398,0,17808,2496,8757,27395,0,141,0,5748,2
0,0,0x0000000200000111,35,0,41041,0,17808,1021,8432,34272,0,141,0,5740,2
0,28,0x0000000100000006,1,1,10834,1852,0,1533,0,0,6523,151,9,0,2
0,28,0x0000000100000009,3,1,2911,605,0,840,0,715,797,78,10,0,2
0,28,0x000000010000000b,5,1,5020,2663,0,1414,0,2989,1384,289,18,0,2
0,28,0x000000010000000b,5,1,5031,2641,0,1146,0,3566,1395,262,0,0,2
0,28,0x000000010000000b,5,1,4524,2591,0,1140,0,2727,1384,217,0,0,2
0,28,0x000000010000000c,6,1,36030,28114,0,5747,0,25269,18971,1986,17,0,2
0,28,0x000000010000001f,21,1,3458,54,0,947,0,1563,860,57,8,0,2
0,28,0x000000010000001f,21,1,2863,54,0,714,0,1294,873,52,0,0,2
0,28,0x0000000100000021,23,1,79841,10186,0,59323,0,6428,2425,9806,62,0,2
0,28,0x0000000100000025,27,1,26472,4400,0,15676,0,0,8604,3304,13,0,2
0,28,0x0000000100000027,30,1,39803,19544,0,2916,0,968,9985,1026,18,0,2
0,28,0x0000000100000027,30,1,39001,19504,0,2361,0,1810,8172,874,0,0,2
0,28,0x0000000100000027,30,1,41001,19526,0,2619,0,1876,8869,772,0,0,2
0,28,0x0000000100000028,31,1,102832,20583,0,5231,0,41649,47786,2115,20,0,2
0,28,0x0000000100000028,31,1,85102,20506,0,5437,0,23624,47416,2019,0,0,2
0,28,0x0000000100000029,32,1,632175,19583,0,624195,0,5432,3452,105255,33,0,2
0,28,0x00000002000000bd,34,1,22795,8333,0,3268,0,7712,3547,841,21,0,2
0,28,0x00000002000000b4,34,1,21500,8196,0,2240,0,8845,3420,658,0,0,2
0,28,0x00000002000000b0,34,1,19726,8196,0,2422,0,7202,3101,610,0,0,2
0,28,0x000000010000002a,36,1,65782,20579,0,1703,0,44053,803,470,10,0,2
0,28,0x0000000200000130,37,1,19222,7780,0,2752,0,14008,2577,230,15,0,2
0,29,0x000000010000000e,7,1,16994,0,0,3290,0,8092,4346,166,22,0,2
0,29,0x0000000100000009,3,1,3375,726,0,1270,0,685,758,78,10,0,2
0,29,0x000000010000000b,5,1,4734,2602,0,1257,0,2867,1362,289,18,0,2
0,29,0x000000010000000b,5,1,5058,2655,0,1107,0,3432,1396,269,0,0,2
0,29,0x000000010000000b,5,1,4507,2644,0,1138,0,2780,1366,228,0,0,2
0,29,0x000000010000000c,6,1,35997,27835,0,5727,0,25185,19065,1999,17,0,2
0,29,0x000000010000001f,21,1,3197,54,0,955,0,1293,862,57,8,0,2
0,29,0x000000010000001f,21,1,2655,54,0,700,0,1280,712,52,0,0,2
0,29,0x0000000100000025,27,1,25474,4345,0,14682,0,0,8430,3292,13,0,2
0,29,0x0000000100000028,31,1,103098,20526,0,5312,0,41972,47559,2104,20,0,2
0,29,0x0000000100000028,31,1,85613,20529,0,6118,0,24248,47039,2009,0,0,2
0,29,0x0000000100000029,32,1,632228,19606,0,624234,0,3959,3747,105254,32,0,2
0,29,0x00000002000000ad,34,1,22479,8325,0,3420,0,7287,4141,840,21,0,2
0,29,0x00000002000000a4,34,1,21282,8196,0,2546,0,8677,3444,658,0,0,2
0,29,0x00000002000000a0,34,1,20686,8196,0,2424,0,7987,3274,610,0,0,2
0,29,0x000000010000002a,36,1,69731,20579,0,1771,0,47920,839,484,10,0,2
0,29,0x0000000200000130,37,1,18909,7794,0,2573,0,13678,2724,230,15,0,2
0,4,0x0000000100000007,2,0,27740,0,23996,1208,9499,22603,0,273,18,472,2
0,4,0x0000000100000014,10,0,97583,0,34272,3301,55285,95060,0,1250,14,5303,2
0,4,0x0000000100000016,12,0,351725,0,117504,4486,170598,345964,0,2608,17,17126,2
0,4,0x0000000100000027,29,0,42574,0,20832,2186,17998,17187,0,682,35,19634,2
0,4,0x0000000100000027,29,0,40748,0,20832,1897,17885,18080,0,650,0,19894,2
0,4,0x0000000100000027,29,0,41630,0,20832,1960,17814,19068,0,621,0,19433,2
0,4,0x0000000100000027,29,0,42666,0,20832,1679,18001,20706,0,611,0,19537,2
0,4,0x0000000200000075,33,0,36926,0,19232,3311,12207,28770,0,178,9,1491,2
0,4,0x000000020000005b,33,0,36339,0,19232,1297,11850,31748,0,177,0,893,2
0,4,0x0000000200000029,33,0,39133,0,19232,1579,12159,34140,0,177,0,922,2
0,4,0x000000020000000e,33,0,37873,0,19232,1901,11823,32569,0,170,0,916,2
0,4,0x00000002000000cd,35,0,37243,0,17808,1426,8442,26879,0,150,8,7766,2
0,4,0x00000002000000c9,35,0,34887,0,17808,1566,8722,26351,0,141,0,5854,2
0,4,0x00000002000000d3,35,0,39642,0,17808,1192,8531,32883,0,141,0,5977,2
0,36,0x000000010000000e,7,1,17367,0,0,3193,0,8697,4332,185,23,0,2
0,36,0x0000000100000009,3,1,2743,767,0,869,0,695,529,78,10,0,2
0,36,0x000000010000000b,5,1,4769,2586,0,1296,0,2855,1361,286,18,0,2
0,36,0x000000010000000b,5,1,4542,2597,0,1038,0,2863,1377,259,0,0,2
0,36,0x000000010000000b,5,1,4511,2584,0,1177,0,2726,1364,217,0,0,2
0,36,0x000000010000000c,6,1,36105,28165,0,5713,0,24550,19174,1994,17,0,2
0,36,0x000000010000001f,21,1,3432,54,0,1030,0,1530,788,59,8,0,2
0,36,0x000000010000001f,21,1,2867,54,0,777,0,1233,912,52,0,0,2
0,36,0x0000000100000025,27,1,74101,11875,0,18510,0,42720,6737,3311,14,0,2
0,36,0x0000000100000027,30,1,40239,19558,0,2761,0,664,10400,1005,18,0,2
0,36,0x0000000100000027,30,1,39122,19492,0,2610,0,2228,8430,881,0,0,2
0,36,0x0000000100000027,30,1,39398,19470,0,2315,0,1918,6951,769,0,0,2
0,36,0x0000000100000027,30,1,41188,19514,0,2755,0,2459,9616,759,0,0,2
0,36,0x0000000100000028,31,1,103589,20546,0,5543,0,42587,47472,2146,20,0,2
0,36,0x0000000100000028,31,1,86716,20500,0,5759,0,24884,47432,2010,0,0,2
0,36,0x0000000100000029,32,1,632297,19555,0,624310,0,5656,3451,105259,32,0,2
0,36,0x000000020000009d,34,1,22532,8305,0,3731,0,7306,4035,836,23,0,2
0,36,0x0000000200000094,34,1,21158,8196,0,2288,0,8527,3249,664,0,0,2
0,36,0x0000000200000090,34,1,21850,8196,0,2698,0,8631,3520,610,0,0,2
0,36,0x000000010000002a,36,1,61135,20579,0,1721,0,39334,802,456,10,0,2
0,36,0x0000000200000130,37,1,18917,7801,0,2708,0,13681,2891,223,15,0,2
0,37,0x000000010000000e,7,1,17213,0,0,3217,0,8092,4775,180,22,0,2
0,37,0x0000000100000009,3,1,2817,695,0,875,0,630,654,78,10,0,2
0,37,0x000000010000000b,5,1,4771,2647,0,1263,0,2872,1376,271,18,0,2
0,37,0x000000010000000b,5,1,5287,2605,0,1015,0,3099,1394,242,0,0,2
0,37,0x000000010000000b,5,1,4544,2630,0,1151,0,2810,1359,226,0,0,2
0,37,0x000000010000000c,6,1,35818,27741,0,5780,0,26153,19199,2006,17,0,2
0,37,0x000000010000001f,21,1,3409,54,0,1005,0,1494,822,57,8,0,2
0,37,0x000000010000001f,21,1,2731,54,0,781,0,1269,724,51,0,0,2
0,37,0x000000010000001f,21,1,3158,54,0,1174,0,1308,732,51,0,0,2
0,37,0x0000000100000025,27,1,26842,4423,0,19472,0,0,6928,3318,15,0,2
0,37,0x0000000100000028,31,1,102571,20514,0,5503,0,40496,47478,2097,20,0,2
0,37,0x0000000100000028,31,1,91090,20497,0,5431,0,28822,46862,2009,0,0,2
0,37,0x0000000100000029,32,1,632615,19575,0,624570,0,4433,3686,105249,32,0,2
0,37,0x00000002000000bc,34,1,20581,8305,0,2390,0,7075,3316,779,21,0,2
0,37,0x0000000200000084,34,1,21466,8196,0,2658,0,8341,3432,658,0,0,2
0,37,0x000000010000002a,36,1,69565,20701,0,1715,0,48053,883,477,10,0,2
0,37,0x0000000200000130,37,1,18775,7787,0,2835,0,13698,2906,222,15,0,2
0,8,0x0000000100000007,2,0,27693,0,23996,1540,8832,21531,0,273,18,727,2
0,8,0x0000000100000014,10,0,98616,0,34272,3517,54914,96130,0,1249,14,3406,2
0,8,0x0000000100000016,12,0,365028,0,117504,4543,169038,358485,0,2613,17,18794,2
0,8,0x0000000100000027,29,0,42141,0,20832,2028,17959,16989,0,697,35,19125,2
0,8,0x0000000100000027,29,0,40469,0,20832,2074,17901,18067,0,649,0,19223,2
0,8,0x0000000100000027,29,0,42157,0,20832,2004,17866,19933,0,626,0,19244,2
0,8,0x0000000100000027,29,0,42382,0,20832,2066,17811,20531,0,611,0,19281,2
0,8,0x0000000200000072,33,0,37112,0,19232,2439,12200,29000,0,178,9,1392,2
0,8,0x000000020000005a,33,0,37097,0,19232,2104,12120,31614,0,176,0,886,2
0,8,0x0000000200000028,33,0,39006,0,19232,1901,12088,34281,0,176,0,905,2
0,8,0x00000002000000ef,35,0,37241,0,17808,1212,8588,28652,0,157,8,7550,2
0,8,0x000000020000012c,35,0,36208,0,17808,2093,8870,26228,0,141,0,5663,2
0,8,0x0000000200000128,35,0,36797,0,17808,1561,8545,28444,0,141,0,5820,2
0,8,0x00000002000000c3,35,0,40649,0,17808,1256,8795,33876,0,141,0,5906,2
0,44,0x000000010000000e,7,1,16461,0,0,3141,0,8043,4271,186,23,0,2
0,44,0x0000000100000009,3,1,2613,703,0,827,0,687,438,78,10,0,2
0,44,0x000000010000000b,5,1,4472,2590,0,1242,0,2549,1375,277,18,0,2
0,44,0x000000010000000b,5,1,4961,2655,0,997,0,3457,1349,240,0,0,2
0,44,0x000000010000000b,5,1,4315,2552,0,1129,0,2469,1343,216,0,0,2
0,44,0x000000010000000c,6,1,34813,27687,0,5766,0,30250,18675,2004,17,0,2
0,44,0x000000010000001f,21,1,3336,54,0,979,0,1552,738,57,8,0,2
0,44,0x000000010000001f,21,1,2765,54,0,717,0,1222,882,52,0,0,2
0,44,0x000000010000001f,21,1,2987,54,0,1096,0,1285,667,49,0,0,2
0,44,0x0000000100000025,27,1,23988,4412,0,16207,0,0,6201,3310,13,0,2
0,44,0x0000000100000027,30,1,40186,19588,0,2908,0,736,11110,1001,19,0,2
0,44,0x0000000100000027,30,1,38238,19492,0,2166,0,1837,8760,883,0,0,2
0,44,0x0000000100000027,30,1,40336,19448,0,2523,0,2543,9127,760,0,0,2
0,44,0x0000000100000027,30,1,40107,19470,0,2098,0,2319,8933,750,0,0,2
0,44,0x0000000100000028,31,1,102230,20616,0,5562,0,39638,47540,2131,20,0,2
0,44,0x0000000100000028,31,1,88441,20526,0,5173,0,26675,46806,2010,0,0,2
0,44,0x0000000100000029,32,1,632986,19865,0,624693,0,5864,3930,105249,33,0,2
0,44,0x00000002000000ac,34,1,20777,8299,0,2591,0,7103,3490,841,22,0,2
0,44,0x000000010000002a,36,1,62860,20545,0,2055,0,40760,809,471,10,0,2
0,44,0x0000000200000130,37,1,18500,7808,0,2207,0,13917,2607,228,17,0,2
0,45,0x000000010000000e,7,1,16593,0,0,3101,0,7729,4735,172,22,0,2
0,45,0x0000000100000009,3,1,2562,528,0,809,0,650,633,78,10,0,2
0,45,0x000000010000000b,5,1,4585,2649,0,1233,0,2734,1363,289,18,0,2
0,45,0x000000010000000b,5,1,5133,2632,0,970,0,3511,1358,258,0,0,2
0,45,0x000000010000000b,5,1,4451,2657,0,1111,0,2671,1351,226,0,0,2
0,45,0x000000010000000c,6,1,35433,28233,0,5708,0,24152,18628,1982,17,0,2
0,45,0x000000010000001f,21,1,3216,54,0,1012,0,1320,814,59,8,0,2
0,45,0x000000010000001f,21,1,2660,54,0,718,0,1307,699,51,0,0,2
0,45,0x0000000100000025,27,1,76969,12603,0,18598,0,45379,5907,3372,13,0,2
0,45,0x0000000100000028,31,1,101840,20590,0,5342,0,39991,47706,2097,20,0,2
0,45,0x0000000100000028,31,1,91464,20540,0,5850,0,29161,46664,2001,0,0,2
0,45,0x0000000100000029,32,1,632289,19644,0,624220,0,4391,3756,105260,30,0,2
0,45,0x000000020000009c,34,1,21261,8366,0,2795,0,7317,3373,813,21,0,2
0,45,0x000000010000002a,36,1,62162,20579,0,1719,0,40315,841,471,10,0,2
0,45,0x0000000200000130,37,1,18696,7808,0,2439,0,13953,2656,215,16,0,2
0,12,0x0000000100000007,2,0,27736,0,23996,1535,8848,21633,0,278,16,697,2
0,12,0x0000000100000014,10,0,96840,0,34272,3021,55425,94594,0,1255,14,4884,2
0,12,0x0000000100000019,15,0,50514,0,17136,2489,26272,48588,0,826,27,2862,2
0,12,0x0000000100000016,12,0,358198,0,117504,4485,170008,351379,0,2613,17,17442,2
0,12,0x0000000100000027,29,0,42035,0,20832,2218,17986,16545,0,697,35,19434,2
0,12,0x0000000100000027,29,0,39947,0,20832,1928,17910,17884,0,657,0,19784,2
0,12,0x0000000100000027,29,0,41956,0,20832,2134,17868,19669,0,626,0,19727,2
0,12,0x0000000100000027,29,0,43482,0,20832,1731,17854,21483,0,611,0,19658,2
0,12,0x0000000200000071,33,0,36674,0,19232,2553,12142,28648,0,185,9,1188,2
0,12,0x0000000200000059,33,0,36513,0,19232,1701,11935,31989,0,176,0,892,2
0,12,0x000000020000004a,33,0,35909,0,19232,1845,12136,30349,0,169,0,893,2
0,12,0x0000000200000027,33,0,45322,0,19232,1497,10822,41489,0,169,0,893,2
0,12,0x00000002000000df,35,0,37283,0,17808,1340,8614,27370,0,149,8,7652,2
0,12,0x000000020000011c,35,0,35490,0,17808,1416,8784,27256,0,141,0,5712,2
0,12,0x0000000200000118,35,0,35276,0,17808,1735,8465,26781,0,141,0,5768,2
0,12,0x0000000200000122,35,0,38927,0,17808,1320,9044,32425,0,141,0,5792,2
0,52,0x000000010000000e,7,1,16559,0,0,3285,0,8250,4344,171,22,0,2
0,52,0x0000000100000009,3,1,2317,589,0,754,0,622,372,77,9,0,2
0,52,0x000000010000000b,5,1,4856,2574,0,1221,0,2749,1399,270,18,0,2
0,52,0x000000010000000b,5,1,4401,2583,0,950,0,2899,1343,238,0,0,2
0,52,0x000000010000000b,5,1,5229,2603,0,1104,0,3557,1368,216,0,0,2
0,52,0x000000010000000b,5,1,4503,2594,0,908,0,2776,1370,216,0,0,2
0,52,0x000000010000000c,6,1,35399,27385,0,5783,0,27816,19112,2022,17,0,2
0,52,0x000000010000001f,21,1,2899,54,0,678,0,1311,848,57,8,0,2
0,52,0x000000010000001f,21,1,2883,54,0,877,0,1350,714,52,0,0,2
0,52,0x0000000100000025,27,1,25587,4330,0,13308,0,0,9339,3289,13,0,2
0,52,0x0000000100000027,30,1,40304,19505,0,2904,0,711,9077,1009,17,0,2
0,52,0x0000000100000027,30,1,38055,19470,0,2324,0,2314,7556,871,0,0,2
0,52,0x0000000100000027,30,1,40172,19505,0,2465,0,2059,9732,760,0,0,2
0,52,0x0000000100000027,30,1,41682,19546,0,2060,0,2759,9448,750,0,0,2
0,52,0x0000000100000028,31,1,100949,20571,0,5721,0,37821,48062,2124,20,0,2
0,52,0x0000000100000028,31,1,84705,20508,0,5142,0,24066,47005,2010,0,0,2
0,52,0x0000000100000029,32,1,632338,19618,0,624418,0,4893,3570,105244,34,0,2
0,52,0x000000020000008c,34,1,21679,8353,0,2621,0,8250,3324,819,21,0,2
0,52,0x000000010000002a,36,1,65556,20563,0,2034,0,43503,833,485,10,0,2
0,52,0x0000000200000130,37,1,18277,7808,0,2402,0,13792,2779,223,16,0,2
0,53,0x000000010000000e,7,1,16642,0,0,3350,0,8351,4310,172,22,0,2
0,53,0x0000000100000009,3,1,2379,516,0,815,0,671,376,78,10,0,2
0,53,0x000000010000000b,5,1,4754,2663,0,1445,0,2824,1361,270,18,0,2
0,53,0x000000010000000b,5,1,5210,2615,0,1171,0,2883,1393,241,0,0,2
0,53,0x000000010000000b,5,1,5160,2610,0,1152,0,3482,1375,226,0,0,2
0,53,0x000000010000000b,5,1,4450,2673,0,904,0,2959,1383,216,0,0,2
0,53,0x000000010000000c,6,1,36491,28674,0,5849,0,25283,19085,1985,17,0,2
0,53,0x000000010000001f,21,1,3078,54,0,915,0,1295,811,57,8,0,2
0,53,0x000000010000001f,21,1,2884,54,0,906,0,1299,736,51,0,0,2
0,53,0x0000000100000025,27,1,25302,4361,0,12996,0,0,9197,3313,13,0,2
0,53,0x0000000100000028,31,1,101357,20549,0,5657,0,39642,47245,2111,20,0,2
0,53,0x0000000100000028,31,1,81722,20530,0,5183,0,21382,46511,2001,0,0,2
0,53,0x0000000100000029,32,1,632397,19697,0,624395,0,4202,3881,105241,30,0,2
0,53,0x000000010000002a,36,1,69378,20582,0,1748,0,47885,821,481,10,0,2
0,53,0x0000000200000130,37,1,18435,7808,0,2526,0,13413,2868,233,17,0,2
0,16,0x0000000100000007,2,0,27258,0,23996,1298,6306,15749,0,286,17,534,2
0,16,0x0000000100000014,10,0,97310,0,34272,3091,55184,95229,0,1235,14,3254,2
0,16,0x0000000100000019,15,0,51411,0,17136,2399,26815,49444,0,834,27,2987,2
0,16,0x0000000100000016,12,0,344132,0,117504,4472,170736,338637,0,2613,17,16363,2
0,16,0x0000000100000027,29,0,43234,0,20832,1799,17979,17868,0,679,35,19405,2
0,16,0x0000000100000027,29,0,39662,0,20832,2152,17929,17579,0,656,0,19352,2
0,16,0x0000000100000027,29,0,39220,0,20832,1694,17913,17377,0,626,0,19517,2
0,16,0x0000000100000027,29,0,41459,0,20832,3319,17938,16826,0,611,0,19008,2
0,16,0x0000000200000070,33,0,36520,0,19232,2174,12363,29692,0,178,9,1206,2
0,16,0x0000000200000058,33,0,37148,0,19232,2438,12091,31345,0,176,0,903,2
0,16,0x0000000200000049,33,0,34154,0,19232,1823,12365,28567,0,176,0,873,2
0,16,0x0000000200000026,33,0,45380,0,19232,1388,11596,41419,0,169,0,888,2
0,16,0x000000020000000d,33,0,34319,0,19232,1479,12113,28083,0,169,0,879,2
0,16,0x000000020000010c,35,0,38282,0,17808,2314,8689,27922,0,149,8,7316,2
0,16,0x0000000200000108,35,0,36615,0,17808,2857,8783,28425,0,141,0,5770,2
0,16,0x0000000200000112,35,0,39696,0,17808,1560,8746,32348,0,141,0,5741,2
0,60,0x000000010000000e,7,1,16098,0,0,2525,0,7834,4850,180,22,0,2
0,60,0x0000000100000009,3,1,2735,687,0,1102,0,639,318,78,10,0,2
0,60,0x000000010000000b,5,1,5383,2610,0,1084,0,3361,1371,266,18,0,2
0,60,0x000000010000000b,5,1,4310,2646,0,1196,0,2536,1382,238,0,0,2
0,60,0x000000010000000b,5,1,4326,2599,0,921,0,2664,1383,216,0,0,2
0,60,0x000000010000000b,5,1,4860,2562,0,1122,0,2959,1353,216,0,0,2
0,60,0x000000010000000c,6,1,35006,27322,0,5481,0,23840,18919,1999,17,0,2
0,60,0x000000010000001f,21,1,3748,54,0,1200,0,1593,889,59,8,0,2
0,60,0x000000010000001f,21,1,2783,54,0,879,0,1266,693,52,0,0,2
0,60,0x0000000100000025,27,1,79646,13214,0,17329,0,49886,5271,3454,13,0,2
0,60,0x0000000100000027,30,1,41210,19505,0,3062,0,1658,10293,1006,18,0,2
0,60,0x0000000100000027,30,1,37751,19492,0,2508,0,2020,8549,885,0,0,2
0,60,0x0000000100000027,30,1,37144,19492,0,2150,0,1374,7296,762,0,0,2
0,60,0x0000000100000027,30,1,39522,19470,0,2532,0,1560,8461,752,0,0,2
0,60,0x0000000100000028,31,1,100417,20544,0,5154,0,39527,47499,2129,20,0,2
0,60,0x0000000100000028,31,1,83756,20553,0,5577,0,21912,47109,2010,0,0,2
0,60,0x0000000100000029,32,1,632036,19597,0,624135,0,4700,4079,105265,34,0,2
0,60,0x000000010000002a,36,1,64639,20544,0,1941,0,42182,850,471,10,0,2
0,60,0x0000000200000130,37,1,18558,7808,0,2618,0,13263,2849,214,15,0,2
0,61,0x000000010000000e,7,1,16508,0,0,2750,0,8751,4116,180,22,0,2
0,61,0x0000000100000009,3,1,2809,580,0,1150,0,704,403,77,10,0,2
0,61,0x000000010000000b,5,1,5256,2644,0,1140,0,3393,1353,266,18,0,2
0,61,0x000000010000000b,5,1,4481,2647,0,1146,0,2629,1384,248,0,0,2
0,61,0x000000010000000b,5,1,4337,2597,0,894,0,2796,1393,226,0,0,2
0,61,0x000000010000000b,5,1,4920,2592,0,1126,0,2890,1343,216,0,0,2
0,61,0x000000010000000c,6,1,35504,27761,0,5426,0,24099,19077,1998,17,0,2
0,61,0x000000010000001f,21,1,3462,54,0,999,0,1621,785,57,8,0,2
0,61,0x000000010000001f,21,1,2715,54,0,840,0,1291,646,51,0,0,2
0,61,0x0000000100000025,27,1,24561,4357,0,16452,0,0,5428,3313,13,0,2
0,61,0x0000000100000028,31,1,95909,20571,0,5202,0,34700,47565,2111,20,0,2
0,61,0x0000000100000028,31,1,85299,20526,0,6090,0,22832,47215,2009,0,0,2
0,61,0x0000000100000029,32,1,631990,19596,0,624094,0,4528,3523,105245,30,0,2
0,61,0x000000010000002a,36,1,62529,20544,0,1866,0,40199,869,485,10,0,2
0,61,0x0000000200000130,37,1,18397,7808,0,2694,0,13488,2754,229,15,0,2
0,20,0x0000000100000007,2,0,27048,0,23996,1247,6306,15296,0,286,17,458,2
0,20,0x0000000100000014,10,0,97944,0,34272,3997,54837,94918,0,1235,14,3210,2
0,20,0x0000000100000014,10,0,88573,0,34272,3172,55939,86414,0,1235,0,3938,2
0,20,0x0000000100000016,12,0,344876,0,117504,4514,170077,339627,0,2608,17,16397,2
0,20,0x0000000100000016,12,0,272443,0,117504,4275,173607,269124,0,2589,0,14457,2
0,20,0x0000000100000027,29,0,40889,0,20832,2036,17899,17027,0,686,35,19712,2
0,20,0x0000000100000027,29,0,39832,0,20832,1956,18017,17814,0,649,0,19294,2
0,20,0x0000000100000027,29,0,40446,0,20832,1930,17963,17138,0,626,0,19443,2
0,20,0x0000000100000027,29,0,40997,0,20832,1925,17856,18864,0,611,0,19697,2
0,20,0x0000000100000027,29,0,43654,0,20832,2364,17892,20793,0,611,0,19365,2
0,20,0x000000020000006e,33,0,36412,0,19232,1767,12210,29506,0,178,9,1283,2
0,20,0x0000000200000057,33,0,38068,0,19232,1579,11785,33126,0,176,0,881,2
0,20,0x0000000200000048,33,0,34693,0,19232,1740,12214,29062,0,176,0,890,2
0,20,0x0000000200000025,33,0,44556,0,19232,1648,11443,40094,0,169,0,879,2
0,20,0x00000002000000cf,35,0,37168,0,17808,1349,8794,27597,0,149,8,7330,2
0,20,0x00000002000000fc,35,0,36400,0,17808,2077,8966,26400,0,141,0,5710,2
0,20,0x00000002000000f8,35,0,36063,0,17808,1676,8742,27415,0,141,0,5702,2
0,20,0x0000000200000102,35,0,38609,0,17808,1611,8817,31201,0,141,0,5745,2
0,68,0x000000010000000e,7,1,15956,0,0,2705,0,8081,4507,179,22,0,2
0,68,0x0000000100000009,3,1,2636,485,0,995,0,606,572,78,10,0,2
0,68,0x000000010000000b,5,1,5256,2624,0,1098,0,3279,1356,266,18,0,2
0,68,0x000000010000000b,5,1,4218,2589,0,1627,0,2457,1332,238,0,0,2
0,68,0x000000010000000b,5,1,4258,2553,0,943,0,2481,1353,216,0,0,2
0,68,0x000000010000000c,6,1,34350,27170,0,5408,0,26563,18697,2001,17,0,2
0,68,0x000000010000001f,21,1,3291,54,0,722,0,1724,783,57,8,0,2
0,68,0x000000010000001f,21,1,2678,54,0,847,0,1281,602,52,0,0,2
0,68,0x0000000100000025,27,1,24240,4416,0,15742,0,0,5715,3322,13,0,2
0,68,0x0000000100000025,27,1,23712,4240,0,17956,0,0,5244,3238,0,0,2
0,68,0x0000000100000027,30,1,38827,19562,0,2570,0,1854,9352,1001,16,0,2
0,68,0x0000000100000027,30,1,38078,19448,0,2339,0,2760,7821,894,0,0,2
0,68,0x0000000100000027,30,1,38345,19514,0,2234,0,1606,8202,760,0,0,2
0,68,0x0000000100000027,30,1,39125,19470,0,2507,0,2012,7389,750,0,0,2
0,68,0x0000000100000027,30,1,41536,19527,0,2097,0,2613,10263,750,0,0,2
0,68,0x0000000100000028,31,1,92506,20490,0,5839,0,29500,48256,2142,20,0,2
0,68,0x0000000100000028,31,1,87310,20492,0,5247,0,26986,46580,2010,0,0,2
0,68,0x0000000100000029,32,1,632189,19587,0,624287,0,4708,3622,105252,34,0,2
0,68,0x000000010000002a,36,1,64087,20563,0,1879,0,41956,812,485,10,0,2
0,68,0x0000000200000130,37,1,17952,7808,0,2690,0,13388,2538,222,16,0,2
0,68,0x0000000200000130,37,1,14355,7794,0,1596,0,10016,1977,208,0,0,2
0,69,0x000000010000000e,7,1,16032,0,0,2726,0,8400,4177,180,22,0,2
0,69,0x0000000100000009,3,1,2460,488,0,924,0,639,433,76,9,0,2
0,69,0x000000010000000b,5,1,5160,2663,0,1226,0,3326,1354,266,18,0,2
0,69,0x000000010000000b,5,1,4576,2648,0,1908,0,2534,1349,248,0,0,2
0,69,0x000000010000000b,5,1,4242,2634,0,905,0,2687,1342,226,0,0,2
0,69,0x000000010000000c,6,1,34213,26904,0,5422,0,22018,18761,2001,17,0,2
0,69,0x000000010000001f,21,1,3032,54,0,709,0,1519,743,59,8,0,2
0,69,0x000000010000001f,21,1,2830,54,0,901,0,1281,705,51,0,0,2
0,69,0x0000000100000025,27,1,84377,13950,0,17510,0,53460,5318,3534,13,0,2
0,69,0x0000000100000028,31,1,100958,20591,0,5498,0,38874,46778,2111,20,0,2
0,69,0x0000000100000028,31,1,86740,20551,0,5117,0,25164,47523,2009,0,0,2
0,69,0x0000000100000029,32,1,632233,19632,0,624321,0,3744,3569,105237,30,0,2
0,69,0x000000010000002a,36,1,64520,20687,0,1915,0,42220,857,471,10,0,2
0,69,0x0000000200000130,37,1,17738,7808,0,2439,0,12989,2788,215,16,0,2
0,69,0x0000000200000130,37,1,15074,7773,0,1597,0,9575,1992,199,0,0,2
0,24,0x0000000100000007,2,0,26853,0,23996,1123,6301,15146,0,287,18,568,2
0,24,0x0000000100000014,10,0,96116,0,34272,2901,55126,94094,0,1244,14,4207,2
0,24,0x0000000100000014,10,0,88487,0,34272,2689,55478,86674,0,1235,0,4897,2
0,24,0x0000000100000016,12,0,344115,0,117504,4349,170045,338925,0,2608,17,17220,2
0,24,0x0000000100000016,12,0,275125,0,117504,4266,172641,271529,0,2579,0,14500,2
0,24,0x0000000100000027,29,0,41351,0,20832,2354,17947,16781,0,686,35,19603,2
0,24,0x0000000100000027,29,0,41132,0,20832,1712,17925,18745,0,649,0,19459,2
0,24,0x0000000100000027,29,0,39610,0,20832,1709,18023,17130,0,626,0,19181,2
0,24,0x0000000100000027,29,0,42004,0,20832,1678,18011,19978,0,611,0,19215,2
0,24,0x0000000100000027,29,0,42582,0,20832,2638,17869,19461,0,611,0,19727,2
0,24,0x000000020000006c,33,0,36367,0,19232,1829,12143,29814,0,178,9,1422,2
0,24,0x0000000200000056,33,0,38277,0,19232,1317,12330,33516,0,177,0,880,2
0,24,0x0000000200000047,33,0,36574,0,19232,1294,11444,32361,0,177,0,885,2
0,24,0x0000000200000024,33,0,44610,0,19232,1690,11026,40469,0,170,0,903,2
0,24,0x000000020000000c,33,0,35819,0,19232,1446,12250,29672,0,170,0,882,2
0,24,0x00000002000000ec,35,0,36246,0,17808,1183,8456,27289,0,150,8,7468,2
0,24,0x00000002000000e8,35,0,35330,0,17808,2076,8599,26677,0,141,0,5832,2
0,24,0x00000002000000f2,35,0,39718,0,17808,1536,8595,32560,0,141,0,5689,2
0,76,0x000000010000000e,7,1,14684,0,0,2421,0,8009,3829,182,22,0,2
0,76,0x0000000100000009,3,1,2636,485,0,915,0,705,572,78,10,0,2
0,76,0x000000010000000b,5,1,4912,2561,0,1062,0,2858,1366,285,18,0,2
0,76,0x000000010000000b,5,1,4764,2572,0,1423,0,2844,1363,258,0,0,2
0,76,0x000000010000000b,5,1,3961,2598,0,883,0,2413,1344,217,0,0,2
0,76,0x000000010000000b,5,1,4247,2558,0,1087,0,2295,1348,216,0,0,2
0,76,0x000000010000000c,6,1,33802,26767,0,5162,0,27638,18895,1990,17,0,2
0,76,0x000000010000001f,21,1,3500,54,0,918,0,1712,790,57,8,0,2
0,76,0x000000010000001f,21,1,2663,54,0,825,0,1306,688,52,0,0,2
0,76,0x0000000100000025,27,1,27001,4409,0,18704,0,0,6469,3298,13,0,2
0,76,0x0000000100000025,27,1,97355,18028,0,21126,0,63722,5078,4017,0,0,2
0,76,0x0000000100000027,30,1,39537,19492,0,2867,0,2164,9185,1003,17,0,2
0,76,0x0000000100000027,30,1,39095,19527,0,2701,0,1579,8625,893,0,0,2
0,76,0x0000000100000027,30,1,37874,19492,0,2338,0,1826,7772,752,0,0,2
0,76,0x0000000100000027,30,1,40143,19492,0,2223,0,1897,9138,752,0,0,2
0,76,0x0000000100000027,30,1,40787,19492,0,4743,0,2829,9524,752,0,0,2
0,76,0x0000000100000028,31,1,100101,20553,0,5240,0,37073,48343,2151,20,0,2
0,76,0x0000000100000028,31,1,90419,20516,0,5685,0,28779,46857,2010,0,0,2
0,76,0x0000000100000029,32,1,632346,19553,0,624357,0,5067,3585,105235,30,0,2
0,76,0x000000010000002a,36,1,64017,20544,0,1887,0,41748,835,478,10,0,2
0,76,0x0000000200000130,37,1,18411,7808,0,2784,0,14056,2510,216,16,0,2
0,76,0x0000000200000130,37,1,17476,7808,0,2253,0,13426,2440,199,0,0,2
0,77,0x000000010000000e,7,1,15037,0,0,2252,0,8047,4320,183,22,0,2
0,77,0x0000000100000009,3,1,2491,487,0,918,0,682,444,78,10,0,2
0,77,0x000000010000000b,5,1,5073,2634,0,1203,0,3001,1359,285,18,0,2
0,77,0x000000010000000b,5,1,5038,2628,0,1175,0,2992,1353,268,0,0,2
0,77,0x000000010000000b,5,1,4423,2648,0,911,0,2515,1377,227,0,0,2
0,77,0x000000010000000b,5,1,4416,2621,0,1087,0,2377,1361,216,0,0,2
0,77,0x000000010000000c,6,1,33298,26211,0,5218,0,29213,18850,1997,17,0,2
0,77,0x000000010000001f,21,1,3268,54,0,1143,0,1395,662,57,8,0,2
0,77,0x000000010000001f,21,1,2868,54,0,917,0,1305,710,52,0,0,2
0,77,0x0000000100000025,27,1,24505,4454,0,15888,0,0,6122,3294,14,0,2
0,77,0x0000000100000025,27,1,21188,4240,0,14722,0,0,5225,3237,0,0,2
0,77,0x0000000100000028,31,1,101792,20540,0,5864,0,38773,47099,2117,20,0,2
0,77,0x0000000100000028,31,1,86824,20506,0,5095,0,25967,47281,2009,0,0,2
0,77,0x0000000100000029,32,1,632501,19548,0,624538,0,3789,3533,105238,30,0,2
0,77,0x000000010000002a,36,1,64855,20560,0,1827,0,42689,877,485,10,0,2
0,77,0x0000000200000130,37,1,18340,7808,0,2630,0,13652,2735,231,16,0,2
0,77,0x0000000200000130,37,1,17304,7808,0,1950,0,12935,2785,208,0,0,2
1,1,0x0000000100000007,2,0,27323,0,23996,962,7333,23314,0,279,17,537,2
1,1,0x000000010000001d,19,0,45714,0,24304,1637,23611,38640,0,476,18,915,2
1,1,0x0000000100000019,15,0,53166,0,17136,2904,26652,49323,0,844,25,3291,2
1,1,0x0000000100000016,12,0,355163,0,117504,3908,170215,351019,0,2602,17,16425,2
1,1,0x0000000100000027,29,0,41049,0,20832,2104,18057,17189,0,691,34,19615,2
1,1,0x0000000100000027,29,0,39536,0,20832,2098,18046,16497,0,650,0,19413,2
1,1,0x0000000100000027,29,0,44929,0,20832,1705,17905,22624,0,627,0,19473,2
1,1,0x0000000100000027,29,0,43759,0,20832,2886,17995,19991,0,611,0,19626,2
1,1,0x0000000100000027,29,0,43613,0,20832,1706,17867,21050,0,611,0,20270,2
1,1,0x000000020000007f,33,0,38082,0,19232,2459,11715,30703,0,178,9,1809,2
1,1,0x0000000200000068,33,0,38015,0,19232,1480,11958,33196,0,177,0,898,2
1,1,0x0000000200000038,33,0,36588,0,19232,2654,12362,31175,0,170,0,878,2
1,1,0x0000000200000023,33,0,41462,0,19232,1339,11894,37130,0,170,0,892,2
1,1,0x000000020000000b,33,0,35577,0,19232,2028,12005,29310,0,170,0,901,2
1,1,0x000000020000010d,35,0,38129,0,17808,1002,8571,29471,0,150,8,7881,2
1,1,0x0000000200000109,35,0,38298,0,17808,1682,8578,31410,0,141,0,5971,2
1,1,0x0000000200000105,35,0,35915,0,17808,1204,8433,28975,0,141,0,5796,2
1,1,0x0000000200000101,35,0,40705,0,17808,1506,8513,33667,0,141,0,5780,2
1,30,0x0000000100000005,0,1,41903,26276,0,3132,0,35194,300,549,17,0,2
1,30,0x0000000100000012,8,1,43162,2815,0,39799,0,316,676,6942,44,0,2
1,30,0x000000010000000a,4,1,21782,17930,0,1809,0,684,1857,246,20,0,2
1,30,0x000000010000001f,21,1,4172,54,0,1501,0,1355,816,60,9,0,2
1,30,0x000000010000001f,21,1,2977,54,0,1074,0,1096,826,52,0,0,2
1,30,0x0000000100000015,11,1,11446,7351,0,1819,0,3179,3041,572,34,0,2
1,30,0x0000000100000022,24,1,10402,336,0,3080,0,2743,1880,203,9,0,2
1,30,0x0000000100000025,27,1,21777,4507,0,14109,0,0,5601,3315,13,0,2
1,30,0x0000000100000025,27,1,23512,4240,0,17483,0,0,5556,3240,0,0,2
1,30,0x0000000100000017,13,1,1334841,96444,0,1223835,0,45170,42146,201325,52,0,2
1,30,0x0000000100000027,30,1,39449,19514,0,2570,0,2590,9566,965,19,0,2
1,30,0x0000000100000027,30,1,37449,19468,0,2155,0,1853,7598,869,0,0,2
1,30,0x0000000100000027,30,1,43197,19492,0,2300,0,4096,8982,772,0,0,2
1,30,0x0000000100000027,30,1,41420,19514,0,2096,0,2068,9195,761,0,0,2
1,30,0x0000000100000027,30,1,41930,19470,0,2855,0,3704,7027,761,0,0,2
1,30,0x0000000100000028,31,1,100194,20540,0,5514,0,36460,48476,2127,20,0,2
1,30,0x0000000100000028,31,1,84348,20544,0,5300,0,22721,47293,2019,0,0,2
1,30,0x0000000100000028,31,1,83049,20544,0,5454,0,22833,46180,2010,0,0,2
1,30,0x0000000100000029,32,1,634101,19978,0,624314,0,5486,3983,105258,33,0,2
1,30,0x00000002000000bf,34,1,23419,8332,0,2344,0,9138,3856,838,22,0,2
1,30,0x00000002000000b9,34,1,21343,8196,0,2420,0,8376,3559,647,0,0,2
1,30,0x00000002000000b3,34,1,20578,8196,0,2396,0,7265,3915,610,0,0,2
1,30,0x00000002000000b1,34,1,21073,8196,0,2951,0,7781,3325,610,0,0,2
1,30,0x000000010000002a,36,1,64569,20578,0,1923,0,42838,882,459,10,0,2
1,30,0x0000000200000130,37,1,19194,7801,0,2867,0,14252,2853,230,15,0,2
1,30,0x0000000200000130,37,1,17245,7808,0,2513,0,13483,2487,225,0,0,2
1,30,0x0000000200000130,37,1,17248,7808,0,2191,0,13061,2574,199,0,0,2
1,31,0x0000000100000005,0,1,41689,26347,0,2809,0,35867,885,542,17,0,2
1,31,0x0000000100000012,8,1,43000,2745,0,39823,0,350,700,6907,46,0,2
1,31,0x000000010000000a,4,1,21357,18100,0,1808,0,711,1382,239,20,0,2
1,31,0x000000010000001f,21,1,4077,54,0,1497,0,1349,885,60,9,0,2
1,31,0x000000010000001f,21,1,2810,54,0,868,0,1263,695,52,0,0,2
1,31,0x0000000100000015,11,1,11467,7344,0,1843,0,3286,3125,591,33,0,2
1,31,0x0000000100000025,27,1,51761,8370,0,15052,0,27782,5632,2905,14,0,2
1,31,0x0000000100000025,27,1,21862,4240,0,15741,0,0,5402,3298,0,0,2
1,31,0x0000000100000017,13,1,1333881,96443,0,1223716,0,45603,43104,201364,51,0,2
1,31,0x0000000100000028,31,1,101694,20553,0,5674,0,39348,47516,2095,20,0,2
1,31,0x0000000100000028,31,1,84767,20472,0,5348,0,23519,47032,2019,0,0,2
1,31,0x0000000100000028,31,1,83847,20506,0,5128,0,23636,46686,2002,0,0,2
1,31,0x0000000100000029,32,1,634225,19836,0,624398,0,4827,3710,105267,33,0,2
1,31,0x00000002000000af,34,1,23426,8542,0,2389,0,9370,3752,844,24,0,2
1,31,0x00000002000000a9,34,1,21166,8196,0,2448,0,8216,3464,653,0,0,2
1,31,0x0000000200000093,34,1,20590,8196,0,2173,0,7519,3872,610,0,0,2
1,31,0x00000002000000a1,34,1,21840,8196,0,2496,0,8556,3784,610,0,0,2
1,31,0x000000010000002a,36,1,62095,20593,0,1849,0,40703,871,459,10,0,2
1,31,0x0000000200000130,37,1,18927,7808,0,3184,0,14163,2878,224,16,0,2
1,31,0x0000000200000130,37,1,17254,7808,0,2385,0,13182,2794,222,0,0,2
1,31,0x0000000200000130,37,1,17113,7801,0,2076,0,12758,2757,199,0,0,2
1,5,0x0000000100000007,2,0,26893,0,23996,1019,7027,20568,0,279,17,654,2
1,5,0x000000010000001d,19,0,45763,0,24304,1544,23568,39307,0,468,18,964,2
1,5,0x0000000100000019,15,0,52440,0,17136,2813,26817,48646,0,852,26,4313,2
1,5,0x0000000100000016,12,0,352695,0,117504,3911,169836,347920,0,2609,17,18792,2
1,5,0x0000000100000027,29,0,41184,0,20832,2045,17924,16776,0,686,35,19318,2
1,5,0x0000000100000027,29,0,42222,0,20832,2126,18007,18892,0,649,0,19831,2
1,5,0x0000000100000027,29,0,44037,0,20832,1731,17925,21488,0,626,0,20186,2
1,5,0x0000000100000027,29,0,40074,0,20832,1890,17935,17480,0,611,0,19506,2
1,5,0x0000000100000027,29,0,43376,0,20832,1732,17879,21205,0,611,0,19308,2
1,5,0x000000020000007e,33,0,36259,0,19232,1903,12423,28281,0,178,9,1389,2
1,5,0x0000000200000067,33,0,39027,0,19232,1379,11445,34786,0,177,0,894,2
1,5,0x0000000200000037,33,0,38362,0,19232,1688,11924,33198,0,177,0,891,2
1,5,0x0000000200000022,33,0,42151,0,19232,1478,11684,38018,0,170,0,873,2
1,5,0x000000020000000a,33,0,35933,0,19232,1966,12120,29901,0,170,0,881,2
1,5,0x00000002000000fd,35,0,38713,0,17808,1212,8391,30078,0,150,8,7884,2
1,5,0x00000002000000f9,35,0,38618,0,17808,2020,8820,30996,0,141,0,6168,2
1,5,0x00000002000000f5,35,0,35547,0,17808,1284,8457,28544,0,141,0,5731,2
1,5,0x00000002000000f1,35,0,39205,0,17808,2074,8341,31445,0,141,0,5924,2
1,38,0x000000010000000e,7,1,16823,0,0,3441,0,8211,4018,187,21,0,2
1,38,0x0000000100000012,8,1,42786,2302,0,39901,0,332,656,7005,41,0,2
1,38,0x000000010000000a,4,1,21622,17916,0,1683,0,854,1987,246,20,0,2
1,38,0x000000010000001f,21,1,3856,54,0,1631,0,1281,715,60,8,0,2
1,38,0x000000010000001f,21,1,2940,54,0,950,0,1219,826,52,0,0,2
1,38,0x0000000100000015,11,1,11516,7435,0,1939,0,2959,3177,586,36,0,2
1,38,0x0000000100000025,27,1,22672,4431,0,14425,0,0,6327,3315,13,0,2
1,38,0x0000000100000025,27,1,108572,20140,0,18040,0,74474,5030,4251,0,0,2
1,38,0x0000000100000017,13,1,1335422,96505,0,1224026,0,43934,42711,201403,54,0,2
1,38,0x0000000100000027,30,1,39398,19482,0,2394,0,2304,9159,967,17,0,2
1,38,0x0000000100000027,30,1,40300,19448,0,2576,0,2213,6794,870,0,0,2
1,38,0x0000000100000027,30,1,42155,19505,0,2130,0,4196,8973,772,0,0,2
1,38,0x0000000100000027,30,1,38259,19470,0,2376,0,2055,8328,761,0,0,2
1,38,0x0000000100000027,30,1,41676,19538,0,2132,0,3351,10624,761,0,0,2
1,38,0x0000000100000028,31,1,99607,20532,0,5685,0,37199,46870,2133,20,0,2
1,38,0x0000000100000028,31,1,85196,20506,0,5088,0,24077,47087,2019,0,0,2
1,38,0x0000000100000028,31,1,82819,20523,0,5372,0,21475,46676,2010,0,0,2
1,38,0x0000000100000029,32,1,633506,19745,0,624218,0,5702,3597,105251,33,0,2
1,38,0x000000020000009f,34,1,23936,8415,0,2690,0,9520,3903,843,23,0,2
1,38,0x0000000200000099,34,1,21220,8196,0,2286,0,8197,3755,647,0,0,2
1,38,0x0000000200000091,34,1,20814,8196,0,2509,0,7488,3816,610,0,0,2
1,38,0x000000010000002a,36,1,62046,20594,0,1858,0,40750,817,459,10,0,2
1,38,0x0000000200000130,37,1,19513,7808,0,3409,0,14409,2687,224,16,0,2
1,38,0x0000000200000130,37,1,17106,7808,0,2201,0,13124,2780,222,0,0,2
1,38,0x0000000200000130,37,1,16870,7806,0,1887,0,12826,2448,198,0,0,2
1,39,0x000000010000000e,7,1,17282,0,0,3460,0,8133,4520,189,22,0,2
1,39,0x0000000100000012,8,1,42602,2398,0,39904,0,399,702,6937,42,0,2
1,39,0x000000010000000a,4,1,21201,17999,0,1573,0,809,1618,239,20,0,2
1,39,0x000000010000001f,21,1,3568,54,0,1457,0,1263,772,60,8,0,2
1,39,0x000000010000001f,21,1,2878,54,0,932,0,1316,686,52,0,0,2
1,39,0x0000000100000020,22,1,145969,41004,0,9759,0,97393,149,2578,10,0,2
1,39,0x0000000100000025,27,1,26448,4526,0,19135,0,0,6800,3312,13,0,2
1,39,0x0000000100000025,27,1,21627,4240,0,14896,0,0,5515,3235,0,0,2
1,39,0x0000000100000017,13,1,1336231,96418,0,1224295,0,44303,41762,201345,53,0,2
1,39,0x0000000100000028,31,1,97092,20544,0,5655,0,33379,48823,2095,20,0,2
1,39,0x0000000100000028,31,1,84668,20541,0,5312,0,23557,46881,2019,0,0,2
1,39,0x0000000100000028,31,1,81905,20544,0,5035,0,21437,46226,2002,0,0,2
1,39,0x0000000100000029,32,1,634181,19667,0,624459,0,4624,3475,105259,33,0,2
1,39,0x000000020000008f,34,1,23352,8362,0,2411,0,9417,3806,839,23,0,2
1,39,0x0000000200000089,34,1,21584,8196,0,2501,0,8193,3852,641,0,0,2
1,39,0x0000000200000081,34,1,20578,8196,0,2215,0,7673,3689,610,0,0,2
1,39,0x000000010000002a,36,1,63916,20563,0,2038,0,41865,851,459,10,0,2
1,39,0x0000000200000130,37,1,18969,7909,0,2453,0,13898,2772,231,15,0,2
1,39,0x0000000200000130,37,1,17240,7808,0,2380,0,12950,2835,225,0,0,2
1,39,0x0000000200000130,37,1,16472,7808,0,2225,0,12196,2743,198,0,0,2
1,9,0x0000000100000007,2,0,27377,0,23996,1293,6489,17659,0,279,17,836,2
1,9,0x000000010000001d,19,0,44943,0,24304,1499,23868,38209,0,468,19,886,2
1,9,0x0000000100000019,15,0,52993,0,17136,2807,26698,48480,0,833,26,5067,2
1,9,0x0000000100000014,10,0,88986,0,34272,2763,55287,86974,0,1244,14,5398,2
1,9,0x0000000100000016,12,0,358367,0,117504,4109,171479,354025,0,2615,17,16315,2
1,9,0x0000000100000027,29,0,41859,0,20832,2008,18008,18108,0,687,35,19390,2
1,9,0x0000000100000027,29,0,42169,0,20832,2116,17893,19196,0,657,0,19512,2
1,9,0x0000000100000027,29,0,42228,0,20832,1688,17963,20062,0,626,0,19297,2
1,9,0x0000000100000027,29,0,39774,0,20832,1916,18044,17588,0,611,0,19250,2
1,9,0x0000000100000027,29,0,41910,0,20832,1669,17922,19924,0,611,0,19436,2
1,9,0x000000020000007d,33,0,36192,0,19232,2138,12260,27900,0,178,9,1317,2
1,9,0x0000000200000066,33,0,39103,0,19232,1615,12008,33226,0,177,0,959,2
1,9,0x0000000200000053,33,0,37033,0,19232,2800,12251,29871,0,177,0,882,2
1,9,0x0000000200000036,33,0,38129,0,19232,1701,12073,33071,0,170,0,887,2
1,9,0x0000000200000021,33,0,42079,0,19232,2716,11585,37471,0,170,0,891,2
1,9,0x0000000200000009,33,0,34482,0,19232,1733,12141,29367,0,170,0,868,2
1,9,0x00000002000000ed,35,0,36758,0,17808,1248,8544,28246,0,150,8,7451,2
1,9,0x00000002000000e9,35,0,37614,0,17808,1232,8903,30627,0,141,0,5788,2
1,9,0x00000002000000e5,35,0,36870,0,17808,1440,8884,29424,0,141,0,5723,2
1,9,0x00000002000000e1,35,0,39970,0,17808,2586,8554,31839,0,141,0,5693,2
1,46,0x000000010000000e,7,1,16369,0,0,3348,0,7933,4022,187,21,0,2
1,46,0x0000000100000012,8,1,42473,2244,0,39896,0,305,612,6979,41,0,2
1,46,0x000000010000000a,4,1,21126,17895,0,1418,0,721,1821,246,20,0,2
1,46,0x000000010000001f,21,1,3522,54,0,1398,0,1338,724,60,8,0,2
1,46,0x000000010000001f,21,1,2982,54,0,888,0,1325,818,52,0,0,2
1,46,0x0000000100000020,22,1,148444,41025,0,9715,0,99896,103,2581,8,0,2
1,46,0x0000000100000025,27,1,58313,9013,0,17657,0,32177,5811,2978,14,0,2
1,46,0x0000000100000025,27,1,115456,22956,0,17497,0,78041,5391,4377,0,0,2
1,46,0x0000000100000017,13,1,1334667,96298,0,1224038,0,45112,41122,201408,51,0,2
1,46,0x0000000100000027,30,1,40070,19549,0,2405,0,2680,8797,950,18,0,2
1,46,0x0000000100000027,30,1,40231,19492,0,2391,0,1935,7697,864,0,0,2
1,46,0x0000000100000027,30,1,40423,19470,0,2070,0,2879,7858,763,0,0,2
1,46,0x0000000100000027,30,1,37875,19448,0,2515,0,1942,8388,752,0,0,2
1,46,0x0000000100000027,30,1,40088,19527,0,2073,0,2401,9657,752,0,0,2
1,46,0x0000000100000028,31,1,100684,20565,0,5736,0,37753,47548,2133,20,0,2
1,46,0x0000000100000028,31,1,82814,20548,0,5068,0,22065,46820,2019,0,0,2
1,46,0x0000000100000028,31,1,82026,20499,0,5476,0,21117,46070,2010,0,0,2
1,46,0x0000000100000029,32,1,633082,19589,0,624077,0,5736,3441,105238,31,0,2
1,46,0x00000002000000ae,34,1,20821,8317,0,2838,0,7067,3389,852,22,0,2
1,46,0x00000002000000b8,34,1,21526,8196,0,2295,0,8964,3285,647,0,0,2
1,46,0x000000010000002a,36,1,65766,20860,0,1955,0,44396,852,459,10,0,2
1,46,0x0000000200000130,37,1,18722,7808,0,2143,0,13724,2663,223,15,0,2
1,46,0x0000000200000130,37,1,17864,7808,0,2346,0,13752,2580,221,0,0,2
1,47,0x0000000100000012,8,1,42378,1630,0,40113,0,323,590,6874,48,0,2
1,47,0x000000010000000a,4,1,20581,17686,0,1977,0,670,1638,239,20,0,2
1,47,0x000000010000001f,21,1,3670,54,0,1448,0,1333,834,60,8,0,2
1,47,0x000000010000001f,21,1,2797,54,0,881,0,1308,641,52,0,0,2
1,47,0x0000000100000020,22,1,149402,41007,0,9746,0,100104,102,2558,10,0,2
1,47,0x0000000100000025,27,1,23581,4391,0,14893,0,0,6887,3297,15,0,2
1,47,0x0000000100000025,27,1,22853,4240,0,16563,0,0,5384,3232,0,0,2
1,47,0x0000000100000017,13,1,1333532,96427,0,1223623,0,45389,42081,201193,52,0,2
1,47,0x0000000100000028,31,1,100082,20557,0,5701,0,37886,47838,2089,20,0,2
1,47,0x0000000100000028,31,1,85730,20506,0,5099,0,25164,46705,2019,0,0,2
1,47,0x0000000100000029,32,1,633457,19633,0,624412,0,4644,3612,105243,31,0,2
1,47,0x000000020000009e,34,1,20595,8319,0,2948,0,7202,3201,840,22,0,2
1,47,0x00000002000000a8,34,1,21519,8196,0,2748,0,8441,3275,647,0,0,2
1,47,0x000000010000002a,36,1,67790,20628,0,1819,0,46275,797,459,10,0,2
1,47,0x0000000200000130,37,1,18905,7809,0,2208,0,13562,2798,230,15,0,2
1,47,0x0000000200000130,37,1,17546,7808,0,1940,0,13664,2677,225,0,0,2
1,13,0x0000000100000007,2,0,27426,0,23996,1379,7542,20991,0,280,18,508,2
1,13,0x000000010000001d,19,0,45180,0,24304,1487,23775,39149,0,474,18,929,2
1,13,0x0000000100000019,15,0,52858,0,17136,2822,26827,48579,0,844,25,4973,2
1,13,0x0000000100000014,10,0,89251,0,34272,2804,55063,87123,0,1243,14,5757,2
1,13,0x0000000100000016,12,0,354740,0,117504,4071,171051,349884,0,2618,17,17110,2
1,13,0x0000000100000027,29,0,41401,0,20832,1968,17970,18271,0,694,35,19201,2
1,13,0x0000000100000027,29,0,41283,0,20832,2099,17888,18586,0,658,0,19923,2
1,13,0x0000000100000027,29,0,43598,0,20832,1661,17945,21172,0,627,0,20051,2
1,13,0x0000000100000027,29,0,40386,0,20832,2125,17887,17776,0,611,0,19675,2
1,13,0x0000000100000027,29,0,42190,0,20832,1666,17897,20154,0,611,0,19964,2
1,13,0x000000020000007b,33,0,36616,0,19232,2094,12352,28034,0,185,9,1373,2
1,13,0x0000000200000065,33,0,37563,0,19232,1567,12057,32041,0,176,0,881,2
1,13,0x0000000200000052,33,0,36030,0,19232,2343,12165,30046,0,169,0,877,2
1,13,0x0000000200000035,33,0,37523,0,19232,1386,11084,33119,0,169,0,869,2
1,13,0x0000000200000020,33,0,43343,0,19232,2069,11809,38253,0,169,0,901,2
1,13,0x0000000200000008,33,0,34842,0,19232,1556,11971,28848,0,169,0,889,2
1,13,0x00000002000000dd,35,0,37388,0,17808,1489,8483,28350,0,149,8,7471,2
1,13,0x00000002000000d9,35,0,37521,0,17808,1146,8475,31284,0,141,0,5912,2
1,13,0x00000002000000d5,35,0,35226,0,17808,1173,8568,27523,0,141,0,5770,2
1,13,0x00000002000000d1,35,0,39808,0,17808,1062,8410,33271,0,141,0,5678,2
1,54,0x000000010000000a,4,1,20409,16773,0,1774,0,670,1835,257,24,0,2
1,54,0x000000010000001f,21,1,3551,54,0,1361,0,1300,807,60,8,0,2
1,54,0x000000010000001f,21,1,2994,54,0,960,0,1303,798,52,0,0,2
1,54,0x000000010000001f,21,1,3184,54,0,1358,0,1266,634,52,0,0,2
1,54,0x000000010000001a,16,1,67099,5309,0,59099,0,3611,2084,10713,72,0,2
1,54,0x0000000100000025,27,1,24267,4425,0,16722,0,0,5528,3309,13,0,2
1,54,0x0000000100000025,27,1,113601,20844,0,20604,0,78045,5211,4331,0,0,2
1,54,0x0000000100000017,13,1,1334739,96431,0,1223800,0,45675,42692,201109,49,0,2
1,54,0x0000000100000027,30,1,39944,19527,0,2654,0,2655,8645,975,20,0,2
1,54,0x0000000100000027,30,1,39189,19505,0,2152,0,1656,8336,856,0,0,2
1,54,0x0000000100000027,30,1,41930,19527,0,2323,0,2234,7539,763,0,0,2
1,54,0x0000000100000027,30,1,38228,19505,0,2093,0,2075,8510,752,0,0,2
1,54,0x0000000100000027,30,1,40602,19492,0,2874,0,2442,9687,752,0,0,2
1,54,0x0000000100000028,31,1,96492,20540,0,5464,0,33651,47807,2107,20,0,2
1,54,0x0000000100000028,31,1,90482,20557,0,5312,0,28643,47042,2019,0,0,2
1,54,0x0000000100000028,31,1,84664,20489,0,5005,0,24427,46499,2010,0,0,2
1,54,0x0000000100000029,32,1,633710,19552,0,624569,0,5633,3431,105262,33,0,2
1,54,0x0000000200000098,34,1,20920,8314,0,2370,0,7538,3580,835,22,0,2
1,54,0x000000010000002a,36,1,64447,20594,0,2014,0,42623,828,466,10,0,2
1,54,0x0000000200000130,37,1,18195,7801,0,2275,0,13474,2481,218,15,0,2
1,54,0x0000000200000130,37,1,17662,7808,0,2028,0,13358,2833,222,0,0,2
1,55,0x000000010000000a,4,1,20206,16811,0,1765,0,670,1636,250,24,0,2
1,55,0x000000010000001f,21,1,3429,54,0,1220,0,1274,845,60,8,0,2
1,55,0x000000010000001f,21,1,3011,54,0,953,0,1317,809,51,0,0,2
1,55,0x000000010000001f,21,1,3256,54,0,1329,0,1334,667,51,0,0,2
1,55,0x000000010000001a,16,1,66957,5271,0,59075,0,3379,2015,10596,70,0,2
1,55,0x0000000100000025,27,1,64634,9675,0,17606,0,36518,5882,3057,13,0,2
1,55,0x0000000100000025,27,1,20909,4240,0,14243,0,0,5429,3317,0,0,2
1,55,0x0000000100000017,13,1,1334882,96256,0,1223767,0,45751,42008,201057,48,0,2
1,55,0x0000000100000028,31,1,96332,20599,0,5550,0,33995,47797,2093,20,0,2
1,55,0x0000000100000028,31,1,90403,20564,0,5111,0,29260,46952,2019,0,0,2
1,55,0x0000000100000028,31,1,85503,20523,0,5242,0,24801,46732,2002,0,0,2
1,55,0x0000000100000029,32,1,634041,19548,0,624255,0,3654,3938,105248,29,0,2
1,55,0x0000000200000088,34,1,21897,8316,0,2700,0,8372,3294,832,23,0,2
1,55,0x000000010000002a,36,1,63689,20578,0,1525,0,42792,837,466,10,0,2
1,55,0x0000000200000130,37,1,18511,7805,0,2386,0,13135,2718,224,16,0,2
1,55,0x0000000200000130,37,1,17302,7808,0,1665,0,13191,2870,222,0,0,2
1,17,0x0000000100000007,2,0,27428,0,23996,1138,8694,21515,0,279,17,652,2
1,17,0x000000010000001d,19,0,46034,0,24304,1300,23608,39759,0,473,19,883,2
1,17,0x0000000100000019,15,0,52297,0,17136,2754,26912,49089,0,840,28,4027,2
1,17,0x0000000100000014,10,0,88831,0,34272,2719,55301,87033,0,1243,14,4054,2
1,17,0x0000000100000016,12,0,340847,0,117504,4044,170451,335493,0,2610,17,17819,2
1,17,0x0000000100000016,12,0,274040,0,117504,4073,173306,270988,0,2590,0,14418,2
1,17,0x0000000100000027,29,0,40911,0,20832,1809,17953,16723,0,679,35,19703,2
1,17,0x0000000100000027,29,0,41293,0,20832,1890,18032,18578,0,649,0,19639,2
1,17,0x0000000100000027,29,0,40288,0,20832,1710,17913,18825,0,626,0,19550,2
1,17,0x0000000100000027,29,0,40888,0,20832,1975,17977,18247,0,611,0,20080,2
1,17,0x0000000100000027,29,0,44036,0,20832,1719,17873,22089,0,611,0,19345,2
1,17,0x0000000200000079,33,0,36624,0,19232,2240,12014,29703,0,179,10,1520,2
1,17,0x0000000200000064,33,0,36080,0,19232,1682,11452,31914,0,176,0,894,2
1,17,0x0000000200000051,33,0,36954,0,19232,1842,12304,30944,0,176,0,864,2
1,17,0x0000000200000034,33,0,37725,0,19232,1596,11423,33472,0,169,0,893,2
1,17,0x000000020000001f,33,0,43788,0,19232,1832,11267,38917,0,169,0,882,2
1,17,0x0000000200000010,33,0,35208,0,19232,1786,11994,28743,0,169,0,880,2
1,17,0x0000000200000000,33,0,34218,0,19232,1259,12343,28362,0,169,0,894,2
1,17,0x00000002000000cc,35,0,36967,0,17808,969,8626,27640,0,149,8,7462,2
1,17,0x00000002000000d8,35,0,35107,0,17808,1334,8672,26793,0,141,0,5834,2
1,17,0x00000002000000c5,35,0,36282,0,17808,1190,8564,29173,0,141,0,5767,2
1,17,0x00000002000000c1,35,0,38501,0,17808,1632,8575,30925,0,141,0,5700,2
1,62,0x000000010000000a,4,1,21062,17351,0,1734,0,642,1625,257,24,0,2
1,62,0x000000010000001f,21,1,4577,54,0,2139,0,1449,875,60,8,0,2
1,62,0x000000010000001f,21,1,3127,54,0,907,0,1438,829,52,0,0,2
1,62,0x000000010000001f,21,1,3256,54,0,1296,0,1323,687,52,0,0,2
1,62,0x000000010000001f,21,1,2786,54,0,700,0,1495,644,46,0,0,2
1,62,0x0000000100000020,22,1,137261,40414,0,9739,0,88571,308,2547,8,0,2
1,62,0x0000000100000025,27,1,25073,4374,0,15624,0,0,7074,3325,13,0,2
1,62,0x0000000100000025,27,1,24119,4240,0,14315,0,0,8533,3236,0,0,2
1,62,0x0000000100000017,13,1,1333459,96788,0,1223643,0,44496,42797,201270,49,0,2
1,62,0x0000000100000027,30,1,38960,19525,0,2509,0,2026,9672,992,19,0,2
1,62,0x0000000100000027,30,1,39268,19448,0,2140,0,1869,7735,858,0,0,2
1,62,0x0000000100000027,30,1,38473,19503,0,2374,0,1762,8321,761,0,0,2
1,62,0x0000000100000027,30,1,38588,19524,0,2086,0,2248,8798,750,0,0,2
1,62,0x0000000100000027,30,1,42259,19536,0,2407,0,2624,11003,750,0,0,2
1,62,0x0000000100000028,31,1,98162,20549,0,5620,0,35729,47909,2141,20,0,2
1,62,0x0000000100000028,31,1,88451,20565,0,5247,0,27175,46409,2019,0,0,2
1,62,0x0000000100000028,31,1,83119,20497,0,5171,0,23132,46734,2010,0,0,2
1,62,0x0000000100000029,32,1,634470,20731,0,624355,0,6187,3708,105267,33,0,2
1,62,0x000000010000002a,36,1,62643,20544,0,1783,0,40555,822,481,10,0,2
1,62,0x0000000200000130,37,1,18403,7808,0,2491,0,13597,2537,226,15,0,2
1,62,0x0000000200000130,37,1,17875,7808,0,2379,0,13880,2692,225,0,0,2
1,63,0x000000010000000a,4,1,21400,17365,0,1708,0,655,1927,250,24,0,2
1,63,0x000000010000001f,21,1,4375,54,0,2135,0,1462,836,60,8,0,2
1,63,0x000000010000001f,21,1,3016,54,0,878,0,1513,676,51,0,0,2
1,63,0x000000010000001f,21,1,3164,54,0,1140,0,1386,639,51,0,0,2
1,63,0x000000010000001f,21,1,2698,54,0,687,0,1435,635,46,0,0,2
1,63,0x0000000100000020,22,1,135157,40419,0,9614,0,86891,149,2548,10,0,2
1,63,0x0000000100000025,27,1,23735,4432,0,14714,0,0,6712,3334,13,0,2
1,63,0x0000000100000025,27,1,23487,4240,0,13404,0,0,8466,3232,0,0,2
1,63,0x0000000100000017,13,1,1333987,96403,0,1223602,0,44069,41609,201179,48,0,2
1,63,0x0000000100000028,31,1,98943,20553,0,5517,0,37259,47184,2103,20,0,2
1,63,0x0000000100000028,31,1,89972,20508,0,5089,0,28049,47045,2019,0,0,2
1,63,0x0000000100000028,31,1,83983,20490,0,5760,0,22771,46651,2002,0,0,2
1,63,0x0000000100000029,32,1,633953,20580,0,624175,0,5027,4071,105252,29,0,2
1,63,0x000000010000002a,36,1,64442,20582,0,2107,0,42578,836,481,10,0,2
1,63,0x0000000200000130,37,1,18107,7808,0,2062,0,13151,2730,231,15,0,2
1,63,0x0000000200000130,37,1,17807,7806,0,2349,0,13611,2800,225,0,0,2
1,21,0x0000000100000007,2,0,27501,0,23996,1406,6320,15231,0,287,18,705,2
1,21,0x000000010000001d,19,0,45065,0,24304,1510,23373,39160,0,474,19,1125,2
1,21,0x0000000100000019,15,0,52636,0,17136,2687,26982,49404,0,838,26,3126,2
1,21,0x0000000100000014,10,0,89673,0,34272,2859,55444,87819,0,1235,14,3422,2
1,21,0x0000000100000016,12,0,348647,0,117504,4100,170513,344767,0,2601,17,16660,2
1,21,0x0000000100000027,29,0,40114,0,20832,2000,18008,16698,0,694,35,19954,2
1,21,0x0000000100000027,29,0,40186,0,20832,2131,17937,17465,0,657,0,19196,2
1,21,0x0000000100000027,29,0,39561,0,20832,1683,17980,17725,0,620,0,19404,2
1,21,0x0000000100000027,29,0,39707,0,20832,1926,17960,17961,0,611,0,19277,2
1,21,0x0000000100000027,29,0,43817,0,20832,1711,17872,21482,0,611,0,19446,2
1,21,0x0000000200000077,33,0,39179,0,19232,2503,11468,31894,0,178,9,1421,2
1,21,0x0000000200000063,33,0,37448,0,19232,1358,12149,32193,0,176,0,879,2
1,21,0x0000000200000050,33,0,37418,0,19232,1786,12101,31992,0,169,0,890,2
1,21,0x0000000200000033,33,0,37876,0,19232,1384,12143,32685,0,169,0,886,2
1,21,0x000000020000001e,33,0,43284,0,19232,3166,11067,38723,0,169,0,888,2
1,21,0x000000020000010f,35,0,36456,0,17808,1092,8629,27064,0,149,8,7366,2
1,21,0x000000020000012e,35,0,35582,0,17808,1355,8991,27114,0,141,0,5765,2
1,21,0x000000020000012a,35,0,34165,0,17808,1083,8853,25618,0,141,0,5674,2
1,21,0x00000002000000c8,35,0,35362,0,17808,1727,8682,26125,0,141,0,5701,2
1,21,0x0000000200000124,35,0,36131,0,17808,1602,8876,28324,0,141,0,5636,2
1,21,0x0000000200000120,35,0,40044,0,17808,2704,8587,31920,0,141,0,6125,2
1,70,0x000000010000000a,4,1,20801,17295,0,1632,0,656,1587,257,24,0,2
1,70,0x000000010000001f,21,1,4010,54,0,2009,0,1469,710,60,8,0,2
1,70,0x000000010000001f,21,1,3061,54,0,880,0,1435,804,52,0,0,2
1,70,0x000000010000001f,21,1,2870,54,0,938,0,1356,646,52,0,0,2
1,70,0x000000010000001f,21,1,2769,54,0,698,0,1465,667,46,0,0,2
1,70,0x0000000100000020,22,1,137161,40492,0,9292,0,89270,151,2549,8,0,2
1,70,0x0000000100000025,27,1,68208,10450,0,17005,0,40538,5272,3122,13,0,2
1,70,0x0000000100000025,27,1,19805,4240,0,13097,0,0,5258,3315,0,0,2
1,70,0x0000000100000017,13,1,1331327,96556,0,1223754,0,40053,42357,201246,48,0,2
1,70,0x0000000100000027,30,1,38232,19492,0,2617,0,2021,7542,1008,20,0,2
1,70,0x0000000100000027,30,1,38281,19470,0,2187,0,2106,8130,876,0,0,2
1,70,0x0000000100000027,30,1,37660,19470,0,2375,0,3027,8879,779,0,0,2
1,70,0x0000000100000027,30,1,37823,19470,0,2094,0,2394,8347,768,0,0,2
1,70,0x0000000100000027,30,1,42074,19527,0,3274,0,2900,9790,768,0,0,2
1,70,0x0000000100000028,31,1,96281,20535,0,5522,0,34107,48246,2141,20,0,2
1,70,0x0000000100000028,31,1,89382,20562,0,5346,0,28347,46353,2019,0,0,2
1,70,0x0000000100000028,31,1,80831,20508,0,5241,0,20403,46469,2010,0,0,2
1,70,0x0000000100000029,32,1,633533,20364,0,624487,0,5877,3655,105267,33,0,2
1,70,0x000000010000002a,36,1,60359,20544,0,1759,0,38214,796,481,10,0,2
1,70,0x0000000200000130,37,1,18875,7808,0,2829,0,13614,2892,218,15,0,2
1,70,0x0000000200000130,37,1,17276,7807,0,1955,0,13166,2603,222,0,0,2
1,71,0x000000010000000a,4,1,20935,17481,0,1577,0,621,1785,250,24,0,2
1,71,0x000000010000001f,21,1,3725,54,0,1839,0,1274,792,60,8,0,2
1,71,0x000000010000001f,21,1,2970,54,0,918,0,1445,675,51,0,0,2
1,71,0x000000010000001f,21,1,2840,54,0,890,0,1368,641,51,0,0,2
1,71,0x000000010000001f,21,1,2835,54,0,721,0,1510,667,46,0,0,2
1,71,0x0000000100000020,22,1,137473,40417,0,9210,0,89197,333,2546,10,0,2
1,71,0x0000000100000025,27,1,23579,4413,0,15080,0,0,5569,3327,13,0,2
1,71,0x0000000100000025,27,1,113846,21548,0,18996,0,77750,5372,4395,0,0,2
1,71,0x0000000100000017,13,1,1333470,96614,0,1223862,0,43591,40831,201227,48,0,2
1,71,0x0000000100000028,31,1,96630,20575,0,5351,0,35136,47121,2103,20,0,2
1,71,0x0000000100000028,31,1,85980,20583,0,5137,0,26091,46373,2019,0,0,2
1,71,0x0000000100000028,31,1,83883,20478,0,5378,0,23102,46380,2002,0,0,2
1,71,0x0000000100000029,32,1,633015,20027,0,624209,0,4374,3661,105252,29,0,2
1,71,0x000000010000002a,36,1,63468,20691,0,2164,0,41044,833,488,10,0,2
1,71,0x0000000200000130,37,1,18622,7808,0,2866,0,13895,2812,224,16,0,2
1,71,0x0000000200000130,37,1,17321,7803,0,1890,0,13120,2825,222,0,0,2
1,25,0x0000000100000007,2,0,27295,0,23996,1356,6298,15489,0,280,18,578,2
1,25,0x000000010000001d,19,0,45068,0,24304,1388,23228,38852,0,480,19,1075,2
1,25,0x0000000100000019,15,0,52234,0,17136,2517,26446,49432,0,845,26,4100,2
1,25,0x0000000100000014,10,0,89492,0,34272,2707,55409,87694,0,1243,14,4420,2
1,25,0x0000000100000016,12,0,354012,0,117504,4081,169234,349513,0,2603,17,17526,2
1,25,0x0000000100000027,29,0,42550,0,20832,2188,17933,18097,0,686,35,19537,2
1,25,0x0000000100000027,29,0,40511,0,20832,1925,17973,17667,0,650,0,19501,2
1,25,0x0000000100000027,29,0,42402,0,20832,2055,17934,19745,0,627,0,19967,2
1,25,0x0000000100000027,29,0,40599,0,20832,1737,17842,18955,0,611,0,19620,2
1,25,0x0000000100000027,29,0,43398,0,20832,1979,17948,20633,0,611,0,19434,2
1,25,0x000000020000006f,33,0,39375,0,19232,2235,11318,33420,0,179,10,1489,2
1,25,0x000000020000005d,33,0,35137,0,19232,1641,12045,29240,0,176,0,880,2
1,25,0x0000000200000032,33,0,37258,0,19232,1736,11908,32023,0,169,0,906,2
1,25,0x000000020000001d,33,0,42974,0,19232,2075,11284,38108,0,169,0,876,2
1,25,0x000000020000000f,33,0,36144,0,19232,1569,11698,31232,0,169,0,914,2
1,25,0x000000020000011e,35,0,38692,0,17808,1359,8297,29366,0,149,8,7715,2
1,25,0x000000020000011a,35,0,34631,0,17808,1178,8637,25291,0,141,0,5750,2
1,25,0x0000000200000127,35,0,34958,0,17808,1456,8579,26866,0,141,0,5743,2
1,25,0x0000000200000114,35,0,36339,0,17808,1479,8836,28766,0,141,0,5885,2
1,25,0x0000000200000110,35,0,40024,0,17808,2429,8723,30838,0,141,0,5762,2
1,78,0x000000010000000a,4,1,20568,16837,0,2436,0,671,2069,257,24,0,2
1,78,0x000000010000001f,21,1,3695,54,0,1656,0,1311,799,60,8,0,2
1,78,0x000000010000001f,21,1,3124,54,0,923,0,1449,808,52,0,0,2
1,78,0x000000010000001f,21,1,2960,54,0,982,0,1393,645,52,0,0,2
1,78,0x000000010000001f,21,1,2881,54,0,731,0,1512,700,46,0,0,2
1,78,0x0000000100000020,22,1,141819,40428,0,8991,0,94348,331,2549,8,0,2
1,78,0x0000000100000025,27,1,25122,4428,0,17672,0,0,5332,3332,13,0,2
1,78,0x0000000100000025,27,1,20154,4240,0,12347,0,0,5974,3243,0,0,2
1,78,0x0000000100000025,27,1,121645,23660,0,20748,0,84096,5082,4643,0,0,2
1,78,0x0000000100000017,13,1,1334423,96528,0,1223740,0,47317,43728,201287,49,0,2
1,78,0x0000000100000027,30,1,40480,19496,0,2388,0,2168,9195,993,20,0,2
1,78,0x0000000100000027,30,1,38635,19448,0,2603,0,1849,8565,858,0,0,2
1,78,0x0000000100000027,30,1,40330,19514,0,2092,0,2175,8689,761,0,0,2
1,78,0x0000000100000027,30,1,38920,19470,0,2624,0,2034,8657,750,0,0,2
1,78,0x0000000100000027,30,1,41469,19504,0,2092,0,3148,9160,750,0,0,2
1,78,0x0000000100000028,31,1,102563,20544,0,5327,0,39085,48200,2141,20,0,2
1,78,0x0000000100000028,31,1,85300,20544,0,5140,0,24855,47010,2019,0,0,2
1,78,0x0000000100000028,31,1,84332,20526,0,5870,0,22967,46673,2010,0,0,2
1,78,0x0000000100000029,32,1,634693,19530,0,624277,0,5591,3373,105267,33,0,2
1,78,0x000000010000002a,36,1,59672,20720,0,2097,0,37693,908,481,10,0,2
1,78,0x0000000200000130,37,1,18403,7808,0,2818,0,13778,2788,220,17,0,2
1,78,0x0000000200000130,37,1,17816,7808,0,2370,0,13642,2557,222,0,0,2
1,79,0x000000010000000a,4,1,20633,16811,0,2385,0,609,2123,250,24,0,2
1,79,0x000000010000001f,21,1,3602,54,0,1566,0,1242,864,60,8,0,2
1,79,0x000000010000001f,21,1,2953,54,0,960,0,1381,675,51,0,0,2
1,79,0x000000010000001f,21,1,3125,54,0,945,0,1551,695,51,0,0,2
1,79,0x000000010000001f,21,1,2927,54,0,901,0,1530,688,46,0,0,2
1,79,0x0000000100000025,27,1,72725,11175,0,18152,0,42514,5307,3217,14,0,2
1,79,0x0000000100000025,27,1,21195,4240,0,14700,0,0,5245,3327,0,0,2
1,79,0x0000000100000017,13,1,1335561,96785,0,1223813,0,44707,42459,201256,53,0,2
1,79,0x0000000100000028,31,1,104028,20590,0,5288,0,41793,47529,2103,20,0,2
1,79,0x0000000100000028,31,1,86819,20518,0,5387,0,26158,46848,2026,0,0,2
1,79,0x0000000100000028,31,1,90606,20482,0,5008,0,30048,46755,2002,0,0,2
1,79,0x0000000100000029,32,1,634931,19532,0,624458,0,3764,3793,105252,29,0,2
1,79,0x000000010000002a,36,1,63824,20744,0,1859,0,42036,863,488,10,0,2
1,79,0x0000000200000130,37,1,18414,7808,0,2753,0,13557,2914,223,15,0,2
1,79,0x0000000200000130,37,1,17587,7808,0,2052,0,13225,2807,222,0,0,2
2,2,0x0000000100000007,2,0,28831,0,23996,1638,7407,23759,0,271,16,1045,2
2,2,0x000000010000001d,19,0,44344,0,24304,1235,23636,38477,0,481,19,733,2
2,2,0x0000000100000019,15,0,51028,0,17136,2417,27052,49192,0,853,27,2897,2
2,2,0x0000000100000014,10,0,89168,0,34272,2725,55442,87429,0,1244,14,3110,2
2,2,0x0000000100000016,12,0,355275,0,117504,4436,169539,348931,0,2595,17,16891,2
2,2,0x0000000100000027,29,0,43597,0,20832,2543,17936,18242,0,678,34,19717,2
2,2,0x0000000100000027,29,0,39577,0,20832,1880,17928,16285,0,655,0,19363,2
2,2,0x0000000100000027,29,0,42839,0,20832,1917,17883,20031,0,625,0,19657,2
2,2,0x0000000100000027,29,0,41263,0,20832,1679,18015,19173,0,611,0,19610,2
2,2,0x0000000100000027,29,0,40231,0,20832,1893,18000,17673,0,611,0,19281,2
2,2,0x0000000200000044,33,0,38625,0,19232,1576,11860,32896,0,178,9,1043,2
2,2,0x000000020000001c,33,0,41319,0,19232,1705,12039,36496,0,177,0,862,2
2,2,0x000000020000010e,35,0,37049,0,17808,1067,8347,27350,0,150,8,7799,2
2,2,0x000000020000010a,35,0,37082,0,17808,1542,8685,29642,0,141,0,5789,2
2,2,0x0000000200000116,35,0,35922,0,17808,1245,8726,27981,0,141,0,6047,2
2,2,0x0000000200000113,35,0,36374,0,17808,1183,8728,29132,0,141,0,5756,2
2,32,0x0000000100000013,9,1,53994,14630,0,3101,0,0,34679,715,8,0,2
2,32,0x0000000100000009,3,1,2752,737,0,951,0,743,391,77,10,0,2
2,32,0x000000010000000b,5,1,5787,2923,0,1771,0,2030,1374,280,18,0,2
2,32,0x000000010000001f,21,1,3514,54,0,1076,0,1484,852,60,8,0,2
2,32,0x000000010000001f,21,1,3039,54,0,1148,0,1270,667,52,0,0,2
2,32,0x0000000100000015,11,1,13526,7796,0,3230,0,3290,2852,565,34,0,2
2,32,0x0000000100000025,27,1,85671,14732,0,16353,0,55513,5124,3617,14,0,2
2,32,0x0000000100000025,27,1,20269,4240,0,13577,0,0,5311,3294,0,0,2
2,32,0x0000000100000017,13,1,1336823,96878,0,1224569,0,46877,41645,201328,47,0,2
2,32,0x0000000100000027,30,1,41530,19492,0,2752,0,3465,9503,966,20,0,2
2,32,0x0000000100000027,30,1,38023,19505,0,2367,0,2311,8189,873,0,0,2
2,32,0x0000000100000027,30,1,40712,19580,0,2075,0,2359,10853,762,0,0,2
2,32,0x0000000100000027,30,1,39700,19492,0,2772,0,2305,9193,751,0,0,2
2,32,0x0000000100000027,30,1,38251,19478,0,2076,0,1910,8601,751,0,0,2
2,32,0x0000000100000028,31,1,99720,20553,0,5464,0,36889,48699,2119,20,0,2
2,32,0x0000000100000028,31,1,87962,20562,0,5078,0,26666,47716,2019,0,0,2
2,32,0x0000000100000029,32,1,635989,20582,0,625700,0,6741,3406,105271,33,0,2
2,32,0x00000002000000ba,34,1,23335,8319,0,2616,0,9416,3619,831,23,0,2
2,32,0x00000002000000b6,34,1,23767,8196,0,3921,0,10635,3513,653,0,0,2
2,32,0x000000010000002a,36,1,64861,20797,0,2710,0,42010,829,459,10,0,2
2,32,0x0000000200000130,37,1,19601,7994,0,3263,0,13476,2630,223,15,0,2
2,32,0x0000000200000130,37,1,16700,7808,0,1983,0,12905,2554,214,0,0,2
2,32,0x0000000200000130,37,1,16422,7808,0,2148,0,12463,2395,191,0,0,2
2,33,0x0000000100000018,14,1,19002,5205,0,2134,0,0,10751,287,10,0,2
2,33,0x0000000100000024,26,1,324923,10022,0,313682,0,1530,1148,52423,29,0,2
2,33,0x000000010000001f,21,1,3514,54,0,1213,0,1381,831,59,8,0,2
2,33,0x000000010000001f,21,1,2843,54,0,918,0,1335,639,51,0,0,2
2,33,0x0000000100000015,11,1,13122,8085,0,3418,0,3324,2436,576,35,0,2
2,33,0x0000000100000025,27,1,22361,4418,0,15115,0,0,5719,3335,13,0,2
2,33,0x0000000100000025,27,1,19903,4240,0,12887,0,0,5214,3248,0,0,2
2,33,0x0000000100000017,13,1,1335972,96630,0,1223977,0,47355,42463,201079,41,0,2
2,33,0x0000000100000028,31,1,103488,20565,0,5581,0,40524,47627,2103,20,0,2
2,33,0x0000000100000028,31,1,89718,20565,0,5003,0,28787,46978,2019,0,0,2
2,33,0x0000000100000029,32,1,635695,20553,0,625412,0,5780,3721,105271,33,0,2
2,33,0x00000002000000aa,34,1,21655,8310,0,2416,0,8760,3411,830,22,0,2
2,33,0x00000002000000a6,34,1,24446,8196,0,3528,0,10499,3365,641,0,0,2
2,33,0x000000010000002a,36,1,62213,20913,0,2707,0,39114,889,466,10,0,2
2,33,0x0000000200000130,37,1,19454,8015,0,3125,0,13457,2721,229,15,0,2
2,33,0x0000000200000130,37,1,16626,7808,0,1818,0,12748,2719,225,0,0,2
2,33,0x0000000200000130,37,1,16370,7808,0,1986,0,12082,2714,199,0,0,2
2,6,0x0000000100000007,2,0,28364,0,23996,1689,7619,23178,0,271,16,750,2
2,6,0x000000010000001d,19,0,44479,0,24304,1239,23656,38513,0,474,19,730,2
2,6,0x0000000100000019,15,0,50334,0,17136,2444,27031,48098,0,846,26,4241,2
2,6,0x0000000100000014,10,0,88848,0,34272,2725,55235,86860,0,1244,14,5147,2
2,6,0x0000000100000016,12,0,353428,0,117504,4507,169792,346615,0,2595,17,18057,2
2,6,0x0000000100000027,29,0,43764,0,20832,2503,17895,18570,0,678,34,19578,2
2,6,0x0000000100000027,29,0,39748,0,20832,1899,17983,16715,0,648,0,19569,2
2,6,0x0000000100000027,29,0,44033,0,20832,1949,17952,21509,0,625,0,19416,2
2,6,0x0000000100000027,29,0,40214,0,20832,1720,17945,18312,0,611,0,19640,2
2,6,0x0000000100000027,29,0,39975,0,20832,1868,17918,17880,0,611,0,19303,2
2,6,0x0000000200000043,33,0,39876,0,19232,1391,12182,34253,0,178,9,1004,2
2,6,0x000000020000001b,33,0,43571,0,19232,2066,11778,38687,0,177,0,881,2
2,6,0x00000002000000fe,35,0,37956,0,17808,1015,8500,29139,0,150,8,7702,2
2,6,0x00000002000000fa,35,0,36791,0,17808,1393,8720,29309,0,141,0,5888,2
2,6,0x0000000200000106,35,0,35883,0,17808,1595,8867,27980,0,141,0,5722,2
2,6,0x0000000200000103,35,0,35661,0,17808,1297,8568,28229,0,141,0,5778,2
2,40,0x000000010000001c,18,1,6597,1072,0,1279,0,0,3719,116,13,0,2
2,40,0x0000000100000024,26,1,324623,9737,0,313698,0,1467,1131,52422,29,0,2
2,40,0x000000010000001f,21,1,3455,54,0,1184,0,1469,729,59,8,0,2
2,40,0x000000010000001f,21,1,3053,54,0,883,0,1515,696,52,0,0,2
2,40,0x000000010000001f,21,1,2796,54,0,920,0,1274,655,52,0,0,2
2,40,0x0000000100000015,11,1,13282,7716,0,3195,0,3363,2849,567,35,0,2
2,40,0x0000000100000025,27,1,23297,4399,0,15486,0,0,6221,3329,13,0,2
2,40,0x0000000100000025,27,1,112275,22252,0,18614,0,76086,5341,4492,0,0,2
2,40,0x0000000100000017,13,1,1336212,97281,0,1224555,0,41257,40659,201414,41,0,2
2,40,0x0000000100000027,30,1,41514,19492,0,2673,0,3138,10115,981,19,0,2
2,40,0x0000000100000027,30,1,38228,19503,0,2342,0,1706,7769,871,0,0,2
2,40,0x0000000100000027,30,1,41897,19448,0,2076,0,3103,9009,770,0,0,2
2,40,0x0000000100000027,30,1,38815,19470,0,2355,0,2197,8740,759,0,0,2
2,40,0x0000000100000027,30,1,37917,19451,0,2066,0,1666,7453,759,0,0,2
2,40,0x0000000100000028,31,1,103702,20545,0,5481,0,42164,47004,2141,20,0,2
2,40,0x0000000100000028,31,1,88142,20518,0,5105,0,27478,46718,2019,0,0,2
2,40,0x0000000100000029,32,1,635769,20619,0,624815,0,7088,3578,105258,31,0,2
2,40,0x0000000100000029,32,1,631274,19287,0,624030,0,5157,3558,105199,0,0,2
2,40,0x000000020000009a,34,1,22138,8307,0,2964,0,8328,3480,836,23,0,2
2,40,0x0000000200000096,34,1,25499,8196,0,3495,0,11578,3381,647,0,0,2
2,40,0x000000010000002a,36,1,64960,20853,0,2794,0,42405,799,459,10,0,2
2,40,0x0000000200000130,37,1,18896,8034,0,3480,0,13672,2438,224,16,0,2
2,40,0x0000000200000130,37,1,18081,7794,0,2281,0,13702,2700,222,0,0,2
2,40,0x0000000200000130,37,1,17352,7801,0,2291,0,13581,2437,199,0,0,2
2,41,0x000000010000001e,20,1,9523,380,0,6966,0,0,870,622,14,0,2
2,41,0x0000000100000012,8,1,46683,3575,0,41273,0,370,673,6886,46,0,2
2,41,0x0000000100000009,3,1,3582,814,0,1697,0,684,424,78,10,0,2
2,41,0x000000010000000b,5,1,5393,3058,0,1388,0,1986,1380,285,18,0,2
2,41,0x000000010000001f,21,1,3532,54,0,917,0,1713,821,58,8,0,2
2,41,0x000000010000001f,21,1,3077,54,0,1092,0,1376,654,52,0,0,2
2,41,0x000000010000001f,21,1,2824,54,0,929,0,1315,638,52,0,0,2
2,41,0x0000000100000015,11,1,12866,7859,0,3183,0,3231,2802,585,36,0,2
2,41,0x0000000100000025,27,1,92150,15402,0,20218,0,59648,5912,3700,14,0,2
2,41,0x0000000100000017,13,1,1328596,97023,0,1224077,0,34915,41577,200982,46,0,2
2,41,0x0000000100000028,31,1,96344,20582,0,5435,0,33172,48022,2103,20,0,2
2,41,0x0000000100000028,31,1,87073,20557,0,5039,0,26721,47153,2019,0,0,2
2,41,0x0000000100000029,32,1,635482,20507,0,624515,0,5202,3698,105255,31,0,2
2,41,0x0000000100000029,32,1,631212,19287,0,623996,0,4740,3416,105191,0,0,2
2,41,0x000000020000008a,34,1,21723,8317,0,2662,0,8068,3291,856,23,0,2
2,41,0x0000000200000086,34,1,24300,8196,0,2913,0,10717,3476,647,0,0,2
2,41,0x000000010000002a,36,1,64519,20907,0,2707,0,41719,825,459,10,0,2
2,41,0x0000000200000130,37,1,18856,7999,0,3141,0,13442,2676,222,15,0,2
2,41,0x0000000200000130,37,1,17796,7801,0,2275,0,13432,2709,221,0,0,2
2,41,0x0000000200000130,37,1,17306,7801,0,2143,0,13264,2675,198,0,0,2
2,10,0x0000000100000007,2,0,28906,0,23996,1787,7354,23204,0,271,16,949,2
2,10,0x0000000100000007,2,0,26389,0,23996,929,6298,15210,0,277,0,578,2
2,10,0x000000010000001d,19,0,45755,0,24304,1064,23573,39762,0,481,19,729,2
2,10,0x0000000100000019,15,0,51241,0,17136,2460,26778,49241,0,834,27,2775,2
2,10,0x0000000100000014,10,0,89026,0,34272,2757,55522,87231,0,1244,14,3240,2
2,10,0x0000000100000016,12,0,345243,0,117504,4472,167555,338422,0,2595,17,18788,2
2,10,0x0000000100000027,29,0,43674,0,20832,2239,18034,19275,0,685,34,19460,2
2,10,0x0000000100000027,29,0,40006,0,20832,1879,17927,17073,0,648,0,19427,2
2,10,0x0000000100000027,29,0,43872,0,20832,2004,17880,21338,0,625,0,19710,2
2,10,0x0000000100000027,29,0,40446,0,20832,1650,18022,18046,0,611,0,19246,2
2,10,0x0000000100000027,29,0,40390,0,20832,1884,17885,17959,0,611,0,19571,2
2,10,0x0000000200000042,33,0,36209,0,19232,1673,12345,29252,0,178,9,1461,2
2,10,0x000000020000001a,33,0,40026,0,19232,2238,12177,34507,0,177,0,907,2
2,10,0x00000002000000ee,35,0,37775,0,17808,1199,8493,28886,0,150,8,7698,2
2,10,0x00000002000000ea,35,0,37086,0,17808,1445,8665,29158,0,141,0,5846,2
2,10,0x00000002000000f6,35,0,36038,0,17808,1056,8838,29073,0,141,0,5777,2
2,10,0x00000002000000f3,35,0,37922,0,17808,1567,8603,29971,0,141,0,6026,2
2,48,0x0000000100000023,25,1,956426,12568,0,922998,0,0,51830,496894,13,0,2
2,48,0x0000000100000025,27,1,22357,4441,0,12384,0,0,7569,3321,13,0,2
2,48,0x0000000100000025,27,1,19857,4240,0,12137,0,0,5759,3246,0,0,2
2,48,0x0000000100000025,27,1,121705,24364,0,17610,0,82679,5381,4733,0,0,2
2,48,0x0000000100000017,13,1,1333680,96698,0,1224527,0,46355,42881,201514,44,0,2
2,48,0x0000000100000027,30,1,41621,19492,0,2333,0,1884,9146,983,19,0,2
2,48,0x0000000100000027,30,1,38615,19470,0,2351,0,2077,8938,874,0,0,2
2,48,0x0000000100000027,30,1,41962,19514,0,2081,0,2643,9962,763,0,0,2
2,48,0x0000000100000027,30,1,38842,19471,0,2340,0,1951,8265,752,0,0,2
2,48,0x0000000100000027,30,1,38443,19448,0,2071,0,1901,7868,752,0,0,2
2,48,0x0000000100000028,31,1,100974,20572,0,5528,0,39344,46747,2125,20,0,2
2,48,0x0000000100000028,31,1,86144,20527,0,5088,0,25453,47140,2019,0,0,2
2,48,0x0000000100000029,32,1,635559,20587,0,625431,0,6719,3716,105253,29,0,2
2,48,0x0000000100000029,32,1,631290,19287,0,624081,0,5119,3619,105199,0,0,2
2,48,0x00000002000000b5,34,1,21005,8290,0,2574,0,6936,4008,842,23,0,2
2,48,0x000000010000002a,36,1,60835,20804,0,2696,0,39004,836,459,10,0,2
2,48,0x0000000200000130,37,1,19006,7808,0,3596,0,13596,2314,223,15,0,2
2,48,0x0000000200000130,37,1,17341,7794,0,1816,0,13501,2636,222,0,0,2
2,48,0x0000000200000130,37,1,17620,7801,0,2268,0,13354,2808,198,0,0,2
2,49,0x0000000100000012,8,1,46012,3648,0,40484,0,520,672,6890,49,0,2
2,49,0x000000010000000b,5,1,5333,2853,0,1500,0,2014,1532,285,18,0,2
2,49,0x000000010000001f,21,1,3792,54,0,1620,0,1298,796,58,8,0,2
2,49,0x000000010000001f,21,1,3077,54,0,981,0,1465,703,52,0,0,2
2,49,0x000000010000001f,21,1,3057,54,0,983,0,1319,811,52,0,0,2
2,49,0x0000000100000015,11,1,12613,8021,0,3196,0,3288,2462,596,36,0,2
2,49,0x0000000100000025,27,1,23620,4362,0,13379,0,0,8021,3315,13,0,2
2,49,0x0000000100000025,27,1,20553,4240,0,13348,0,0,5346,3238,0,0,2
2,49,0x0000000100000017,13,1,1334617,96778,0,1224226,0,46070,41853,201280,47,0,2
2,49,0x0000000100000028,31,1,99292,20574,0,5309,0,36526,48026,2103,20,0,2
2,49,0x0000000100000028,31,1,90712,20523,0,5340,0,28996,46823,2019,0,0,2
2,49,0x0000000100000029,32,1,635124,20526,0,624567,0,5751,3728,105250,29,0,2
2,49,0x0000000100000029,32,1,631515,19287,0,624316,0,3982,3821,105199,0,0,2
2,49,0x00000002000000a5,34,1,20696,8294,0,2648,0,7228,3712,851,22,0,2
2,49,0x000000010000002a,36,1,67777,20847,0,2679,0,45365,804,459,10,0,2
2,49,0x0000000200000130,37,1,18935,7808,0,2777,0,13398,2828,231,15,0,2
2,49,0x0000000200000130,37,1,17556,7801,0,1911,0,13286,2806,225,0,0,2
2,49,0x0000000200000130,37,1,17148,7801,0,1908,0,13141,2728,199,0,0,2
2,14,0x0000000100000007,2,0,28381,0,23996,1717,7534,22501,0,273,18,563,2
2,14,0x0000000100000007,2,0,26537,0,23996,1110,8950,21504,0,277,0,313,2
2,14,0x000000010000001d,19,0,44157,0,24304,901,23618,38842,0,482,19,874,2
2,14,0x0000000100000019,15,0,50561,0,17136,2488,27025,48643,0,846,26,3205,2
2,14,0x0000000100000016,12,0,339541,0,117504,4509,170280,333758,0,2599,17,16585,2
2,14,0x0000000100000027,29,0,43151,0,20832,2359,17916,18325,0,686,35,19937,2
2,14,0x0000000100000027,29,0,39802,0,20832,1892,17954,16857,0,648,0,19292,2
2,14,0x0000000100000027,29,0,43506,0,20832,2267,17911,20275,0,625,0,19534,2
2,14,0x0000000100000027,29,0,42742,0,20832,1695,17872,20040,0,611,0,19888,2
2,14,0x0000000100000027,29,0,39861,0,20832,1884,17870,17813,0,611,0,19596,2
2,14,0x0000000200000041,33,0,38882,0,19232,2510,12175,31399,0,178,9,1347,2
2,14,0x0000000200000019,33,0,40885,0,19232,1897,11854,35323,0,177,0,899,2
2,14,0x00000002000000de,35,0,37773,0,17808,1024,8613,28331,0,150,8,7497,2
2,14,0x00000002000000da,35,0,36669,0,17808,1231,8863,29397,0,141,0,5802,2
2,14,0x00000002000000e6,35,0,35955,0,17808,1136,8530,28502,0,141,0,5743,2
2,14,0x00000002000000e3,35,0,37915,0,17808,1285,8740,30857,0,141,0,5719,2
2,56,0x0000000100000012,8,1,46165,3261,0,41313,0,764,761,6879,49,0,2
2,56,0x000000010000000b,5,1,5946,2845,0,1488,0,3343,1525,285,18,0,2
2,56,0x000000010000001f,21,1,3727,54,0,1403,0,1484,779,58,8,0,2
2,56,0x000000010000001f,21,1,3331,54,0,1295,0,1470,643,52,0,0,2
2,56,0x000000010000001f,21,1,3005,54,0,733,0,1515,833,52,0,0,2
2,56,0x0000000100000015,11,1,13082,7753,0,2976,0,3437,2873,572,35,0,2
2,56,0x0000000100000025,27,1,95594,16063,0,19579,0,63123,5301,3785,14,0,2
2,56,0x0000000100000025,27,1,20779,4240,0,14291,0,0,5142,3285,0,0,2
2,56,0x0000000100000017,13,1,1337828,97218,0,1223933,0,48814,42445,201316,47,0,2
2,56,0x0000000100000027,30,1,41130,19492,0,2783,0,1814,9910,960,19,0,2
2,56,0x0000000100000027,30,1,37950,19470,0,2200,0,2340,7921,870,0,0,2
2,56,0x0000000100000027,30,1,41576,19492,0,2587,0,2113,9928,763,0,0,2
2,56,0x0000000100000027,30,1,40815,19527,0,2115,0,3328,9927,752,0,0,2
2,56,0x0000000100000027,30,1,37999,19485,0,2543,0,2507,8322,752,0,0,2
2,56,0x0000000100000028,31,1,104623,20557,0,5151,0,42337,47090,2135,20,0,2
2,56,0x0000000100000028,31,1,87599,20472,0,5340,0,26627,47198,2019,0,0,2
2,56,0x0000000100000029,32,1,636711,21168,0,625236,0,6126,4257,105242,29,0,2
2,56,0x0000000100000029,32,1,631491,19287,0,624290,0,4980,3469,105199,0,0,2
2,56,0x0000000200000095,34,1,21786,8308,0,2476,0,7991,3599,850,22,0,2
2,56,0x000000010000002a,36,1,66418,20720,0,2276,0,44001,870,459,10,0,2
2,56,0x0000000200000130,37,1,19137,7994,0,2824,0,13151,2823,223,15,0,2
2,56,0x0000000200000130,37,1,17515,7808,0,2646,0,13553,2465,222,0,0,2
2,56,0x0000000200000130,37,1,17658,7808,0,1882,0,13787,2569,199,0,0,2
2,57,0x0000000100000012,8,1,45766,3214,0,41302,0,758,523,6863,50,0,2
2,57,0x000000010000000b,5,1,5897,2795,0,1503,0,3520,1423,285,18,0,2
2,57,0x000000010000001f,21,1,3397,54,0,1231,0,1357,742,60,8,0,2
2,57,0x000000010000001f,21,1,3257,54,0,1050,0,1574,707,52,0,0,2
2,57,0x000000010000001f,21,1,2801,54,0,726,0,1474,677,52,0,0,2
2,57,0x0000000100000015,11,1,12929,7704,0,2913,0,3545,2872,585,36,0,2
2,57,0x0000000100000025,27,1,21813,4383,0,15262,0,0,5250,3314,13,0,2
2,57,0x0000000100000025,27,1,95927,18732,0,19647,0,62884,5429,4098,0,0,2
2,57,0x0000000100000017,13,1,1336291,96894,0,1224070,0,47502,42634,201340,49,0,2
2,57,0x0000000100000028,31,1,103355,20554,0,5933,0,40199,48562,2095,20,0,2
2,57,0x0000000100000028,31,1,88956,20526,0,5125,0,27757,47014,2019,0,0,2
2,57,0x0000000100000029,32,1,636695,21095,0,625190,0,5391,3778,105250,29,0,2
2,57,0x0000000100000029,32,1,631254,19287,0,624051,0,4731,3608,105199,0,0,2
2,57,0x0000000200000085,34,1,20869,8314,0,2720,0,7241,3254,852,24,0,2
2,57,0x000000010000002a,36,1,66633,20644,0,2210,0,44629,825,459,10,0,2
2,57,0x0000000200000130,37,1,18870,7810,0,3060,0,13280,2535,223,15,0,2
2,57,0x0000000200000130,37,1,17336,7801,0,2344,0,13429,2712,222,0,0,2
2,57,0x0000000200000130,37,1,17578,7801,0,1727,0,13348,2842,199,0,0,2
2,18,0x0000000100000007,2,0,28339,0,23996,1699,7888,21445,0,273,18,611,2
2,18,0x0000000100000007,2,0,26494,0,23996,1099,8818,21443,0,276,0,267,2
2,18,0x000000010000001d,19,0,45563,0,24304,1111,23787,39541,0,473,19,872,2
2,18,0x0000000100000019,15,0,50977,0,17136,2409,27736,49162,0,847,28,2825,2
2,18,0x0000000100000016,12,0,332435,0,117504,4379,168096,327190,0,2598,17,16340,2
2,18,0x0000000100000016,12,0,270943,0,117504,4481,172081,267385,0,2587,0,14440,2
2,18,0x0000000100000027,29,0,41249,0,20832,2078,17950,17173,0,685,34,19729,2
2,18,0x0000000100000027,29,0,40828,0,20832,1894,17979,17166,0,650,0,19781,2
2,18,0x0000000100000027,29,0,41573,0,20832,2102,17951,19000,0,627,0,19704,2
2,18,0x0000000100000027,29,0,42111,0,20832,1905,17870,19273,0,611,0,19322,2
2,18,0x0000000100000027,29,0,39968,0,20832,1685,17922,18040,0,611,0,19224,2
2,18,0x0000000200000040,33,0,39163,0,19232,2249,12168,31762,0,178,9,1371,2
2,18,0x0000000200000018,33,0,39890,0,19232,1988,12090,34781,0,176,0,880,2
2,18,0x00000002000000ce,35,0,37386,0,17808,1572,8581,27459,0,149,8,7426,2
2,18,0x00000002000000ca,35,0,35808,0,17808,1127,8743,28063,0,141,0,5756,2
2,18,0x0000000200000117,35,0,35352,0,17808,1551,8508,26248,0,141,0,5774,2
2,18,0x0000000200000104,35,0,35438,0,17808,1037,8313,27948,0,141,0,5694,2
2,18,0x0000000200000100,35,0,42288,0,17808,2806,8725,33766,0,141,0,5676,2
2,64,0x0000000100000012,8,1,45402,3204,0,40841,0,790,571,6993,48,0,2
2,64,0x000000010000000b,5,1,5595,2899,0,1326,0,3418,1519,286,18,0,2
2,64,0x000000010000001f,21,1,3272,54,0,1059,0,1337,819,59,8,0,2
2,64,0x000000010000001f,21,1,2994,54,0,926,0,1442,682,52,0,0,2
2,64,0x000000010000001f,21,1,2923,54,0,672,0,1490,820,52,0,0,2
2,64,0x0000000100000015,11,1,12938,7605,0,3092,0,3399,2933,582,34,0,2
2,64,0x0000000100000025,27,1,24095,4385,0,17650,0,0,5433,3305,13,0,2
2,64,0x0000000100000025,27,1,24029,4240,0,17280,0,0,6341,3238,0,0,2
2,64,0x0000000100000025,27,1,20759,4240,0,14279,0,0,5158,3236,0,0,2
2,64,0x0000000100000017,13,1,1336534,97302,0,1223929,0,46436,40949,201387,48,0,2
2,64,0x0000000100000027,30,1,39252,19492,0,2516,0,1484,8026,961,19,0,2
2,64,0x0000000100000027,30,1,38939,19470,0,2330,0,1993,8904,860,0,0,2
2,64,0x0000000100000027,30,1,39606,19470,0,2393,0,2410,8461,761,0,0,2
2,64,0x0000000100000027,30,1,40227,19514,0,2528,0,2558,9745,750,0,0,2
2,64,0x0000000100000027,30,1,38110,19503,0,2098,0,2406,9199,750,0,0,2
2,64,0x0000000100000028,31,1,102639,20554,0,5442,0,42108,46958,2127,20,0,2
2,64,0x0000000100000028,31,1,91948,20536,0,5117,0,30480,46828,2019,0,0,2
2,64,0x0000000100000029,32,1,636517,21317,0,625105,0,5702,3508,105256,33,0,2
2,64,0x0000000100000029,32,1,631228,19287,0,624029,0,4032,3631,105199,0,0,2
2,64,0x000000010000002a,36,1,65382,20602,0,2415,0,43435,818,467,10,0,2
2,64,0x0000000200000130,37,1,19114,7952,0,2972,0,13833,3171,226,16,0,2
2,64,0x0000000200000130,37,1,17246,7801,0,2244,0,13074,2691,225,0,0,2
2,64,0x0000000200000130,37,1,17371,7801,0,1412,0,13247,2873,191,0,0,2
2,65,0x0000000100000012,8,1,45413,3139,0,40815,0,780,566,6916,49,0,2
2,65,0x000000010000000b,5,1,5563,2764,0,1268,0,3504,1449,286,18,0,2
2,65,0x000000010000001f,21,1,3066,54,0,903,0,1390,719,57,8,0,2
2,65,0x000000010000001f,21,1,2968,54,0,871,0,1487,674,51,0,0,2
2,65,0x000000010000001f,21,1,2779,54,0,680,0,1470,690,51,0,0,2
2,65,0x000000010000001f,21,1,2961,54,0,856,0,1526,643,46,0,0,2
2,65,0x0000000100000015,11,1,13007,7659,0,2812,0,3366,3259,595,37,0,2
2,65,0x0000000100000025,27,1,104940,16780,0,20879,0,70516,6028,3857,14,0,2
2,65,0x0000000100000017,13,1,1334622,96961,0,1223814,0,45169,41744,201401,52,0,2
2,65,0x0000000100000028,31,1,94651,20509,0,5563,0,33151,47799,2095,20,0,2
2,65,0x0000000100000028,31,1,85718,20536,0,5081,0,26155,45790,2019,0,0,2
2,65,0x0000000100000028,31,1,77505,20467,0,5629,0,17215,46277,2002,0,0,2
2,65,0x0000000100000029,32,1,636501,21696,0,625176,0,4687,3832,105249,29,0,2
2,65,0x0000000100000029,32,1,631347,19287,0,624156,0,3938,3451,105195,0,0,2
2,65,0x000000010000002a,36,1,60127,20598,0,2183,0,38629,830,474,10,0,2
2,65,0x0000000200000130,37,1,18976,7987,0,2975,0,13808,3120,222,15,0,2
2,65,0x0000000200000130,37,1,16924,7801,0,1898,0,12872,2759,222,0,0,2
2,65,0x0000000200000130,37,1,17167,7808,0,1747,0,12927,2840,191,0,0,2
2,22,0x0000000100000007,2,0,28471,0,23996,1715,8097,21514,0,273,18,619,2
2,22,0x0000000100000007,2,0,26648,0,23996,1170,8697,21438,0,276,0,272,2
2,22,0x000000010000001d,19,0,44167,0,24304,1260,23531,38670,0,480,19,866,2
2,22,0x000000010000001d,19,0,39748,0,24304,998,23566,34200,0,452,0,734,2
2,22,0x0000000100000019,15,0,50842,0,17136,2479,27123,48793,0,846,27,3940,2
2,22,0x0000000100000016,12,0,355538,0,117504,4389,170650,350563,0,2606,17,16505,2
2,22,0x0000000100000027,29,0,43866,0,20832,2190,17900,19875,0,685,34,19988,2
2,22,0x0000000100000027,29,0,40484,0,20832,1955,17954,17317,0,650,0,19553,2
2,22,0x0000000100000027,29,0,42651,0,20832,2472,18003,18854,0,627,0,19338,2
2,22,0x0000000100000027,29,0,41312,0,20832,1711,17876,19181,0,611,0,19539,2
2,22,0x0000000100000027,29,0,42056,0,20832,1988,17884,19315,0,611,0,19535,2
2,22,0x000000020000003f,33,0,40932,0,19232,1529,11192,35469,0,178,9,1305,2
2,22,0x0000000200000017,33,0,43269,0,19232,1996,11193,38278,0,176,0,892,2
2,22,0x000000020000012d,35,0,37672,0,17808,1181,8619,29007,0,149,8,7614,2
2,22,0x000000020000012b,35,0,37266,0,17808,1430,9069,28527,0,141,0,5837,2
2,22,0x0000000200000107,35,0,35645,0,17808,1163,8571,26946,0,141,0,5806,2
2,22,0x00000002000000f4,35,0,36873,0,17808,2137,8528,28662,0,141,0,5961,2
2,22,0x00000002000000f0,35,0,40700,0,17808,1085,8576,34317,0,141,0,5677,2
2,72,0x0000000100000012,8,1,45296,3382,0,40599,0,756,710,7033,50,0,2
2,72,0x000000010000000b,5,1,5339,2681,0,1221,0,3295,1503,286,18,0,2
2,72,0x000000010000001f,21,1,3070,54,0,973,0,1365,678,57,8,0,2
2,72,0x000000010000001f,21,1,3081,54,0,937,0,1517,665,52,0,0,2
2,72,0x000000010000001f,21,1,2815,54,0,603,0,1433,823,52,0,0,2
2,72,0x000000010000001f,21,1,2836,54,0,789,0,1412,683,46,0,0,2
2,72,0x0000000100000015,11,1,12298,7854,0,2499,0,3536,3065,608,36,0,2
2,72,0x0000000100000025,27,1,24645,4400,0,16473,0,0,6828,3321,13,0,2
2,72,0x0000000100000025,27,1,21989,4240,0,15362,0,0,5467,3239,0,0,2
2,72,0x0000000100000025,27,1,132577,25068,0,21877,0,92275,5448,4810,0,0,2
2,72,0x0000000100000017,13,1,1336167,97299,0,1223707,0,48101,42039,201232,51,0,2
2,72,0x0000000100000027,30,1,41856,19525,0,2502,0,1720,10946,965,18,0,2
2,72,0x0000000100000027,30,1,38466,19525,0,2316,0,2307,8248,861,0,0,2
2,72,0x0000000100000027,30,1,40719,19503,0,3336,0,2266,10343,761,0,0,2
2,72,0x0000000100000027,30,1,39204,19470,0,2056,0,2375,9640,750,0,0,2
2,72,0x0000000100000027,30,1,40045,19470,0,2340,0,2300,8125,750,0,0,2
2,72,0x0000000100000028,31,1,93549,20536,0,5203,0,31649,48097,2141,20,0,2
2,72,0x0000000100000028,31,1,82645,20499,0,5254,0,23047,46246,2019,0,0,2
2,72,0x0000000100000028,31,1,86321,20536,0,5027,0,25366,46600,2010,0,0,2
2,72,0x0000000100000029,32,1,636151,21336,0,625102,0,5979,4471,105256,33,0,2
2,72,0x000000010000002a,36,1,63470,20610,0,2176,0,41524,809,467,10,0,2
2,72,0x0000000200000130,37,1,18605,7904,0,2530,0,13515,2854,219,16,0,2
2,72,0x0000000200000130,37,1,17342,7808,0,2203,0,13598,2438,222,0,0,2
2,72,0x0000000200000130,37,1,17616,7808,0,2431,0,13585,2482,191,0,0,2
2,73,0x0000000100000012,8,1,44996,3216,0,40477,0,517,587,6933,50,0,2
2,73,0x000000010000000b,5,1,5436,2652,0,1257,0,3475,1371,286,18,0,2
2,73,0x000000010000001f,21,1,3048,54,0,882,0,1424,705,59,8,0,2
2,73,0x000000010000001f,21,1,3005,54,0,828,0,1497,707,51,0,0,2
2,73,0x000000010000001f,21,1,2868,54,0,847,0,1395,671,51,0,0,2
2,73,0x000000010000001f,21,1,2949,54,0,838,0,1494,666,46,0,0,2
2,73,0x0000000100000015,11,1,12214,7679,0,2255,0,3523,3028,621,37,0,2
2,73,0x0000000100000025,27,1,25558,4428,0,17975,0,0,6927,3303,13,0,2
2,73,0x0000000100000025,27,1,101109,19436,0,21768,0,67291,5495,4166,0,0,2
2,73,0x0000000100000017,13,1,1333930,96368,0,1223874,0,46044,42585,201149,53,0,2
2,73,0x0000000100000028,31,1,96269,20536,0,5871,0,33625,46879,2103,20,0,2
2,73,0x0000000100000028,31,1,83414,20499,0,5228,0,23899,46086,2019,0,0,2
2,73,0x0000000100000028,31,1,85285,20590,0,5100,0,24033,46933,2002,0,0,2
2,73,0x0000000100000029,32,1,635955,21238,0,625146,0,5629,3931,105249,29,0,2
2,73,0x000000010000002a,36,1,59929,20703,0,1984,0,37882,845,474,10,0,2
2,73,0x0000000200000130,37,1,18546,7801,0,2283,0,13167,3056,223,15,0,2
2,73,0x0000000200000130,37,1,17192,7808,0,1913,0,13182,2814,221,0,0,2
2,73,0x0000000200000130,37,1,17447,7808,0,2312,0,13379,2605,191,0,0,2
2,26,0x0000000100000007,2,0,28130,0,23996,1685,8118,22607,0,273,18,632,2
2,26,0x000000010000001d,19,0,45461,0,24304,1391,23636,39657,0,480,19,891,2
2,26,0x000000010000001d,19,0,39680,0,24304,1023,23616,34255,0,452,0,752,2
2,26,0x0000000100000019,15,0,50561,0,17136,2427,27150,48646,0,847,28,3956,2
2,26,0x0000000100000016,12,0,348832,0,117504,4331,170773,343542,0,2618,17,16902,2
2,26,0x0000000100000027,29,0,43348,0,20832,2300,17887,19185,0,687,35,20233,2
2,26,0x0000000100000027,29,0,39883,0,20832,2093,17914,16296,0,658,0,19867,2
2,26,0x0000000100000027,29,0,39667,0,20832,2046,17922,17142,0,627,0,19370,2
2,26,0x0000000100000027,29,0,41767,0,20832,1736,17849,19604,0,611,0,19881,2
2,26,0x0000000100000027,29,0,41965,0,20832,2242,17869,18959,0,611,0,19801,2
2,26,0x0000000100000027,29,0,41434,0,20832,1735,17829,19314,0,611,0,19725,2
2,26,0x000000020000003e,33,0,40824,0,19232,1869,11523,35692,0,185,9,1355,2
2,26,0x0000000200000016,33,0,43019,0,19232,2399,10900,38605,0,176,0,883,2
2,26,0x000000020000011d,35,0,37635,0,17808,1340,8681,28752,0,149,8,7595,2
2,26,0x000000020000011b,35,0,37101,0,17808,1096,9132,29213,0,141,0,5807,2
2,26,0x00000002000000f7,35,0,35499,0,17808,1403,8524,26747,0,141,0,5713,2
2,26,0x00000002000000e4,35,0,36057,0,17808,1192,8872,28661,0,141,0,5731,2
2,26,0x00000002000000e0,35,0,40468,0,17808,1845,8768,33679,0,141,0,5656,2
2,80,0x0000000100000012,8,1,44677,2887,0,40382,0,424,538,7063,49,0,2
2,80,0x000000010000000b,5,1,5134,2572,0,1298,0,2706,1527,286,18,0,2
2,80,0x000000010000001f,21,1,3542,54,0,1268,0,1491,678,57,8,0,2
2,80,0x000000010000001f,21,1,3204,54,0,906,0,1498,839,52,0,0,2
2,80,0x000000010000001f,21,1,2977,54,0,844,0,1490,684,52,0,0,2
2,80,0x000000010000001f,21,1,2896,54,0,827,0,1478,633,46,0,0,2
2,80,0x0000000100000015,11,1,12411,7645,0,2315,0,3470,3363,609,35,0,2
2,80,0x0000000100000025,27,1,106190,17492,0,20416,0,71989,5103,3931,13,0,2
2,80,0x0000000100000025,27,1,21525,4240,0,14100,0,0,6165,3315,0,0,2
2,80,0x0000000100000017,13,1,1333788,96553,0,1223856,0,44998,42428,201226,52,0,2
2,80,0x0000000100000027,30,1,41396,19524,0,2890,0,1961,9797,970,19,0,2
2,80,0x0000000100000027,30,1,38152,19492,0,2909,0,1884,8408,861,0,0,2
2,80,0x0000000100000027,30,1,37944,19448,0,2335,0,2327,7579,761,0,0,2
2,80,0x0000000100000027,30,1,40044,19470,0,4575,0,2105,7898,750,0,0,2
2,80,0x0000000100000027,30,1,40031,19560,0,3321,0,2062,8580,750,0,0,2
2,80,0x0000000100000027,30,1,39472,19470,0,2685,0,2247,8867,750,0,0,2
2,80,0x0000000100000028,31,1,103299,20538,0,6830,0,39252,48032,2141,20,0,2
2,80,0x0000000100000028,31,1,91820,20518,0,5542,0,30020,47263,2019,0,0,2
2,80,0x0000000100000029,32,1,635913,21441,0,625164,0,5933,3544,105257,33,0,2
2,80,0x000000010000002a,36,1,64477,20584,0,1897,0,42674,823,467,10,0,2
2,80,0x0000000200000130,37,1,18427,7803,0,2105,0,13438,2594,222,19,0,2
2,80,0x0000000200000130,37,1,17146,7808,0,1865,0,12852,2758,222,0,0,2
2,80,0x0000000200000130,37,1,17198,7808,0,2080,0,12987,2752,191,0,0,2
2,81,0x0000000100000012,8,1,44605,3091,0,40323,0,538,563,6973,51,0,2
2,81,0x000000010000000b,5,1,5443,2676,0,1448,0,2955,1388,286,18,0,2
2,81,0x000000010000001f,21,1,3381,54,0,1115,0,1425,689,59,8,0,2
2,81,0x000000010000001f,21,1,2968,54,0,856,0,1484,664,51,0,0,2
2,81,0x000000010000001f,21,1,3028,54,0,861,0,1489,717,51,0,0,2
2,81,0x000000010000001f,21,1,2726,54,0,873,0,1473,657,46,0,0,2
2,81,0x0000000100000015,11,1,11850,7738,0,2146,0,3431,2872,623,37,0,2
2,81,0x0000000100000025,27,1,22912,4410,0,15886,0,0,5461,3324,13,0,2
2,81,0x0000000100000025,27,1,23902,4240,0,17213,0,0,5900,3238,0,0,2
2,81,0x0000000100000025,27,1,23023,4240,0,16029,0,0,6078,3237,0,0,2
2,81,0x0000000100000017,13,1,1334076,96745,0,1223779,0,45610,41525,201098,53,0,2
2,81,0x0000000100000028,31,1,104575,20523,0,5350,0,41773,47501,2103,20,0,2
2,81,0x0000000100000028,31,1,92581,20523,0,5445,0,31444,47043,2019,0,0,2
2,81,0x0000000100000029,32,1,634605,20718,0,625055,0,4842,3833,105250,29,0,2
2,81,0x000000010000002a,36,1,60367,20560,0,2013,0,38038,838,474,10,0,2
2,81,0x0000000200000130,37,1,18127,7808,0,2197,0,13210,2795,231,15,0,2
2,81,0x0000000200000130,37,1,16977,7808,0,1677,0,12558,2829,225,0,0,2
2,81,0x0000000200000130,37,1,16852,7808,0,1694,0,12725,2847,191,0,0,2
3,3,0x0000000100000007,2,0,27037,0,23996,1281,8847,21579,0,273,18,321,2
3,3,0x0000000100000014,10,0,98072,0,34272,3403,55541,95233,0,1250,14,3627,2
3,3,0x0000000100000016,12,0,354615,0,117504,4468,170919,348904,0,2607,17,16724,2
3,3,0x0000000100000027,29,0,45230,0,20832,2278,17984,21319,0,686,34,19584,2
3,3,0x0000000100000027,29,0,40711,0,20832,2051,17863,18176,0,650,0,20036,2
3,3,0x0000000100000027,29,0,44565,0,20832,2341,17881,21655,0,627,0,19543,2
3,3,0x0000000100000027,29,0,39724,0,20832,1700,17967,16957,0,611,0,19255,2
3,3,0x000000020000007c,33,0,35711,0,19232,1928,12363,28315,0,186,10,1310,2
3,3,0x000000020000006a,33,0,37025,0,19232,1621,11983,31727,0,177,0,893,2
3,3,0x0000000200000055,33,0,40986,0,19232,1978,11585,36329,0,177,0,904,2
3,3,0x0000000200000046,33,0,35273,0,19232,1321,12193,29551,0,170,0,884,2
3,3,0x0000000200000031,33,0,35715,0,19232,1647,12179,29606,0,170,0,904,2
3,3,0x0000000200000015,33,0,33862,0,19232,1800,12193,28218,0,170,0,887,2
3,3,0x0000000200000007,33,0,37773,0,19232,1641,11628,32651,0,170,0,884,2
3,3,0x000000020000010b,35,0,38958,0,17808,1262,8588,31611,0,150,8,7703,2
3,3,0x00000002000000d6,35,0,38085,0,17808,1605,8655,30120,0,141,0,5826,2
3,3,0x00000002000000e2,35,0,41648,0,17808,1186,8542,35262,0,141,0,5760,2
3,34,0x0000000100000005,0,1,41343,26602,0,2958,0,35682,984,542,17,0,2
3,34,0x000000010000000a,4,1,20345,16908,0,2043,0,627,2115,253,20,0,2
3,34,0x000000010000000b,5,1,4490,2616,0,1231,0,2654,1349,280,18,0,2
3,34,0x000000010000000b,5,1,4475,2586,0,1011,0,2479,1378,253,0,0,2
3,34,0x000000010000000b,5,1,4951,2589,0,1266,0,2883,1371,217,0,0,2
3,34,0x000000010000000c,6,1,34369,27160,0,5181,0,22698,18875,2001,17,0,2
3,34,0x000000010000001f,21,1,3331,54,0,1054,0,1426,779,57,8,0,2
3,34,0x000000010000001a,16,1,71855,8006,0,59442,0,5017,2059,10438,71,0,2
3,34,0x000000010000001b,17,1,110777,0,0,9492,0,61347,43934,994,4,0,2
3,34,0x0000000100000025,27,1,23804,5219,0,11025,0,2752,6721,2453,13,0,2
3,34,0x0000000100000025,27,1,133192,25772,0,18431,0,92386,5154,4738,0,0,2
3,34,0x0000000100000017,13,1,1326378,96307,0,1223439,0,40002,42909,200931,48,0,2
3,34,0x0000000100000027,30,1,43284,19470,0,2686,0,2913,8356,969,19,0,2
3,34,0x0000000100000027,30,1,38689,19492,0,2192,0,1740,8571,868,0,0,2
3,34,0x0000000100000027,30,1,42666,19470,0,2347,0,2406,7987,770,0,0,2
3,34,0x0000000100000027,30,1,37675,19478,0,2103,0,1619,7870,759,0,0,2
3,34,0x0000000100000028,31,1,99987,20540,0,5446,0,38506,47427,2087,20,0,2
3,34,0x0000000100000028,31,1,83775,20497,0,5089,0,23348,47143,2019,0,0,2
3,34,0x0000000100000029,32,1,632515,19611,0,624355,0,5613,3405,105263,33,0,2
3,34,0x00000002000000be,34,1,20439,8319,0,2452,0,7049,3403,840,22,0,2
3,34,0x000000020000008d,34,1,20545,8196,0,2492,0,7282,3791,653,0,0,2
3,34,0x00000002000000bb,34,1,21624,8196,0,2375,0,8465,3709,610,0,0,2
3,34,0x00000002000000b7,34,1,22077,8196,0,3514,0,7832,3701,610,0,0,2
3,34,0x00000002000000a3,34,1,21666,8196,0,2327,0,8701,3632,610,0,0,2
3,34,0x0000000200000080,34,1,20427,8196,0,2423,0,7885,3118,610,0,0,2
3,34,0x000000010000002a,36,1,60820,20563,0,2413,0,37990,806,466,10,0,2
3,34,0x0000000200000130,37,1,19048,7808,0,2565,0,14129,2441,225,15,0,2
3,34,0x0000000200000130,37,1,16253,7808,0,2057,0,12301,2359,222,0,0,2
3,35,0x0000000100000005,0,1,41141,26657,0,2941,0,35837,809,542,17,0,2
3,35,0x000000010000000a,4,1,19745,16800,0,1608,0,667,1620,246,20,0,2
3,35,0x000000010000000b,5,1,4732,2671,0,1234,0,2622,1356,280,18,0,2
3,35,0x000000010000000b,5,1,4822,2597,0,996,0,2869,1359,263,0,0,2
3,35,0x000000010000000b,5,1,5017,2592,0,1115,0,3039,1353,227,0,0,2
3,35,0x000000010000000c,6,1,33769,26609,0,5202,0,21989,18982,1981,17,0,2
3,35,0x000000010000001f,21,1,3026,54,0,900,0,1247,808,59,8,0,2
3,35,0x000000010000001a,16,1,71547,7330,0,59137,0,5430,1931,10372,70,0,2
3,35,0x0000000100000026,28,1,5738,514,0,1182,0,2048,1343,58,9,0,2
3,35,0x0000000100000025,27,1,25419,4769,0,16232,0,0,6770,3300,15,0,2
3,35,0x0000000100000025,27,1,21366,4240,0,15048,0,0,5260,3236,0,0,2
3,35,0x0000000100000017,13,1,1326280,96821,0,1223399,0,36799,41571,200908,46,0,2
3,35,0x0000000100000028,31,1,99883,20527,0,5369,0,38557,47350,2081,20,0,2
3,35,0x0000000100000028,31,1,83902,20473,0,5084,0,23834,46808,2019,0,0,2
3,35,0x0000000100000029,32,1,632736,19589,0,624584,0,3619,3846,105267,33,0,2
3,35,0x000000020000008e,34,1,19699,8320,0,2438,0,6942,3168,842,23,0,2
3,35,0x00000002000000ab,34,1,21845,8196,0,3341,0,7899,3617,647,0,0,2
3,35,0x00000002000000a7,34,1,20633,8196,0,2217,0,7814,3580,610,0,0,2
3,35,0x0000000200000083,34,1,22295,8196,0,2455,0,8959,3776,610,0,0,2
3,35,0x000000010000002a,36,1,64709,20579,0,1795,0,42254,801,466,10,0,2
3,35,0x0000000200000130,37,1,18892,7801,0,2459,0,13940,2821,230,15,0,2
3,35,0x0000000200000130,37,1,16109,7808,0,1772,0,12036,2655,225,0,0,2
3,7,0x0000000100000007,2,0,26844,0,23996,1079,8909,21716,0,272,17,314,2
3,7,0x0000000100000014,10,0,97514,0,34272,3273,55226,94812,0,1236,14,5281,2
3,7,0x0000000100000016,12,0,349998,0,117504,4190,170257,344727,0,2601,17,16525,2
3,7,0x0000000100000027,29,0,42856,0,20832,2392,17927,18962,0,694,35,19909,2
3,7,0x0000000100000027,29,0,41312,0,20832,2065,17959,18921,0,644,0,19470,2
3,7,0x0000000100000027,29,0,43331,0,20832,1991,17861,21069,0,621,0,19562,2
3,7,0x0000000100000027,29,0,39177,0,20832,1700,18058,17175,0,611,0,19306,2
3,7,0x000000020000007a,33,0,35969,0,19232,1987,12073,28964,0,185,9,1267,2
3,7,0x0000000200000069,33,0,35629,0,19232,1472,11922,30528,0,177,0,875,2
3,7,0x0000000200000054,33,0,40423,0,19232,1778,11314,36189,0,170,0,893,2
3,7,0x0000000200000045,33,0,34245,0,19232,1302,11964,29226,0,170,0,881,2
3,7,0x0000000200000030,33,0,38155,0,19232,1834,12169,31645,0,170,0,884,2
3,7,0x0000000200000014,33,0,34409,0,19232,1800,12188,28283,0,170,0,884,2
3,7,0x0000000200000006,33,0,36546,0,19232,1854,12412,30766,0,170,0,915,2
3,7,0x00000002000000fb,35,0,37587,0,17808,1059,8740,29664,0,150,8,7448,2
3,7,0x00000002000000c6,35,0,37029,0,17808,1625,8566,29235,0,141,0,5765,2
3,7,0x00000002000000d2,35,0,41249,0,17808,1557,8469,34704,0,141,0,5844,2
3,42,0x0000000100000005,0,1,41534,26496,0,2889,0,34836,790,549,17,0,2
3,42,0x000000010000000b,5,1,4294,2587,0,1164,0,2317,1499,286,18,0,2
3,42,0x000000010000000b,5,1,4887,2559,0,1170,0,2677,1360,253,0,0,2
3,42,0x000000010000000b,5,1,4483,2558,0,991,0,2348,1367,217,0,0,2
3,42,0x000000010000001f,21,1,3654,54,0,1257,0,1541,807,59,8,0,2
3,42,0x000000010000001a,16,1,71358,7839,0,58875,0,4217,2736,10452,73,0,2
3,42,0x0000000100000026,28,1,5416,516,0,949,0,1891,1372,58,9,0,2
3,42,0x0000000100000025,27,1,23034,4793,0,14171,0,0,6114,3303,13,0,2
3,42,0x0000000100000025,27,1,21755,4240,0,15495,0,0,5221,3237,0,0,2
3,42,0x0000000100000017,13,1,1323857,96550,0,1223378,0,36988,42729,200934,46,0,2
3,42,0x0000000100000027,30,1,40892,19470,0,2627,0,2254,7610,981,20,0,2
3,42,0x0000000100000027,30,1,39320,19459,0,2155,0,2049,8108,860,0,0,2
3,42,0x0000000100000027,30,1,41338,19492,0,2526,0,2538,7861,770,0,0,2
3,42,0x0000000100000027,30,1,37196,19470,0,2088,0,1241,7989,759,0,0,2
3,42,0x0000000100000028,31,1,99751,20535,0,6997,0,36793,46385,2095,20,0,2
3,42,0x0000000100000028,31,1,86290,20541,0,5042,0,24347,46943,2019,0,0,2
3,42,0x0000000100000029,32,1,632357,19601,0,624449,0,5557,3553,105263,33,0,2
3,42,0x000000020000009b,34,1,22999,8317,0,2374,0,8968,4034,834,20,0,2
3,42,0x0000000200000097,34,1,21289,8196,0,2835,0,7545,3921,647,0,0,2
3,42,0x00000002000000b2,34,1,21140,8196,0,2949,0,7769,3286,610,0,0,2
3,42,0x000000010000002a,36,1,63671,20563,0,2179,0,41317,823,466,10,0,2
3,42,0x0000000200000130,37,1,18526,7808,0,2239,0,13746,2910,232,15,0,2
3,42,0x0000000200000130,37,1,16596,7801,0,2489,0,12203,2634,225,0,0,2
3,43,0x0000000100000005,0,1,40859,26794,0,2928,0,35769,642,542,17,0,2
3,43,0x000000010000000b,5,1,4713,2645,0,1319,0,2444,1351,286,18,0,2
3,43,0x000000010000000b,5,1,4924,2615,0,1144,0,2842,1361,263,0,0,2
3,43,0x000000010000000b,5,1,4831,2531,0,964,0,2812,1353,227,0,0,2
3,43,0x000000010000001f,21,1,3443,54,0,1033,0,1523,837,59,8,0,2
3,43,0x000000010000001a,16,1,71124,7489,0,58724,0,4710,2009,10357,71,0,2
3,43,0x0000000100000026,28,1,5217,535,0,945,0,2187,1092,58,9,0,2
3,43,0x0000000100000025,27,1,28583,5861,0,12348,0,7365,6178,2579,13,0,2
3,43,0x0000000100000025,27,1,138509,26476,0,18595,0,96882,5061,4811,0,0,2
3,43,0x0000000100000017,13,1,1324738,96434,0,1223471,0,36560,41728,200904,49,0,2
3,43,0x0000000100000028,31,1,92778,20506,0,5584,0,30440,47608,2081,20,0,2
3,43,0x0000000100000028,31,1,92874,20506,0,5059,0,30612,47045,2019,0,0,2
3,43,0x0000000100000029,32,1,632319,19649,0,624362,0,3969,3942,105267,33,0,2
3,43,0x000000020000008b,34,1,22577,8390,0,2359,0,8918,3891,845,22,0,2
3,43,0x0000000200000087,34,1,21381,8196,0,2704,0,7807,3881,654,0,0,2
3,43,0x00000002000000a2,34,1,20275,8196,0,2395,0,7570,3309,610,0,0,2
3,43,0x000000010000002a,36,1,63037,20579,0,2408,0,40572,828,466,10,0,2
3,43,0x0000000200000130,37,1,18214,7808,0,2035,0,13822,2592,224,16,0,2
3,43,0x0000000200000130,37,1,16225,7794,0,2238,0,12180,2596,222,0,0,2
3,11,0x0000000100000007,2,0,27070,0,23996,1362,8832,21499,0,273,18,305,2
3,11,0x0000000100000014,10,0,96612,0,34272,3144,55355,94207,0,1244,14,5090,2
3,11,0x0000000100000016,12,0,346885,0,117504,4109,170378,340506,0,2596,17,18154,2
3,11,0x0000000100000027,29,0,42006,0,20832,2130,17953,18402,0,686,35,19542,2
3,11,0x0000000100000027,29,0,40895,0,20832,2174,17887,18241,0,650,0,19533,2
3,11,0x0000000100000027,29,0,42474,0,20832,1674,17940,20335,0,627,0,19184,2
3,11,0x0000000100000027,29,0,40246,0,20832,2202,17996,17315,0,611,0,19380,2
3,11,0x0000000200000076,33,0,36846,0,19232,1566,11389,31308,0,186,10,1307,2
3,11,0x0000000200000062,33,0,35967,0,19232,3032,12253,29489,0,177,0,864,2
3,11,0x000000020000004f,33,0,37141,0,19232,1236,11108,32981,0,170,0,876,2
3,11,0x000000020000003d,33,0,35497,0,19232,1915,11933,30332,0,170,0,902,2
3,11,0x000000020000002f,33,0,35203,0,19232,1311,11256,30735,0,170,0,914,2
3,11,0x0000000200000013,33,0,36022,0,19232,2603,12372,28556,0,170,0,871,2
3,11,0x0000000200000005,33,0,35375,0,19232,1456,11335,30910,0,170,0,939,2
3,11,0x00000002000000eb,35,0,39495,0,17808,1298,8365,31853,0,150,8,7563,2
3,11,0x0000000200000125,35,0,36511,0,17808,999,8927,29617,0,141,0,5674,2
3,11,0x00000002000000c2,35,0,40267,0,17808,1763,8643,33551,0,141,0,5711,2
3,50,0x0000000100000005,0,1,41936,26569,0,3012,0,35676,687,549,17,0,2
3,50,0x000000010000000b,5,1,5142,2617,0,1149,0,2840,1479,289,18,0,2
3,50,0x000000010000000b,5,1,4753,2582,0,1124,0,2728,1335,258,0,0,2
3,50,0x000000010000000b,5,1,4474,2558,0,953,0,2392,1332,217,0,0,2
3,50,0x000000010000001f,21,1,3425,54,0,1019,0,1579,771,59,8,0,2
3,50,0x000000010000001a,16,1,70748,7469,0,58793,0,4529,1955,10446,73,0,2
3,50,0x0000000100000026,28,1,5304,516,0,965,0,2384,1299,58,9,0,2
3,50,0x0000000100000025,27,1,25598,4809,0,16932,0,0,6821,3309,13,0,2
3,50,0x0000000100000025,27,1,23143,4277,0,14396,0,861,7766,3270,0,0,2
3,50,0x0000000100000027,30,1,40033,19504,0,2393,0,2051,9165,1010,20,0,2
3,50,0x0000000100000027,30,1,38898,19505,0,2574,0,1811,8448,870,0,0,2
3,50,0x0000000100000027,30,1,40480,19470,0,2201,0,2960,8130,762,0,0,2
3,50,0x0000000100000027,30,1,38288,19448,0,2588,0,1607,7582,761,0,0,2
3,50,0x0000000100000028,31,1,95647,20544,0,5207,0,33369,47413,2093,20,0,2
3,50,0x0000000100000028,31,1,89897,20544,0,5454,0,27990,46779,2019,0,0,2
3,50,0x0000000100000029,32,1,632052,19594,0,624120,0,5288,3247,105255,33,0,2
3,50,0x0000000200000092,34,1,21344,8309,0,2656,0,7638,3473,830,22,0,2
3,50,0x000000010000002a,36,1,61897,20547,0,1797,0,40067,836,477,10,0,2
3,50,0x0000000200000130,37,1,18130,7808,0,2733,0,13800,2383,225,16,0,2
3,50,0x0000000200000130,37,1,16114,7808,0,1785,0,12436,2317,216,0,0,2
3,51,0x0000000100000005,0,1,41778,26465,0,3005,0,35828,859,542,17,0,2
3,51,0x000000010000000b,5,1,4888,2602,0,1149,0,2946,1487,289,18,0,2
3,51,0x000000010000000b,5,1,4976,2597,0,1136,0,2874,1338,268,0,0,2
3,51,0x000000010000000b,5,1,4579,2591,0,963,0,2601,1354,227,0,0,2
3,51,0x000000010000001f,21,1,3149,54,0,915,0,1371,818,59,8,0,2
3,51,0x000000010000001a,16,1,70466,7421,0,58850,0,4030,1873,10387,71,0,2
3,51,0x0000000100000026,28,1,4548,535,0,746,0,1883,1245,58,9,0,2
3,51,0x0000000100000025,27,1,22970,4731,0,14031,0,0,6351,3302,15,0,2
3,51,0x0000000100000025,27,1,23341,4240,0,14006,0,0,7915,3237,0,0,2
3,51,0x0000000100000028,31,1,97679,20489,0,5309,0,36317,46783,2089,20,0,2
3,51,0x0000000100000028,31,1,84519,20507,0,5307,0,24506,46383,2018,0,0,2
3,51,0x0000000100000029,32,1,632021,19572,0,624107,0,3634,3663,105258,33,0,2
3,51,0x0000000200000082,34,1,22413,8304,0,2821,0,8712,3529,832,23,0,2
3,51,0x000000010000002a,36,1,59710,20638,0,1870,0,37640,820,484,10,0,2
3,51,0x0000000200000130,37,1,17991,7808,0,2438,0,13525,2410,223,16,0,2
3,51,0x0000000200000130,37,1,15922,7808,0,1520,0,11910,2610,216,0,0,2
3,51,0x0000000200000130,37,1,15728,7759,0,1894,0,10126,2113,199,0,0,2
3,15,0x0000000100000007,2,0,26869,0,23996,1036,6298,15362,0,271,16,526,2
3,15,0x0000000100000014,10,0,97536,0,34272,3404,54695,94931,0,1244,14,3485,2
3,15,0x0000000100000016,12,0,346761,0,117504,4430,170627,341338,0,2602,17,16577,2
3,15,0x0000000100000027,29,0,44337,0,20832,2177,17948,20491,0,686,35,20084,2
3,15,0x0000000100000027,29,0,39607,0,20832,1967,17916,17263,0,650,0,19089,2
3,15,0x0000000100000027,29,0,41056,0,20832,1883,17895,17312,0,627,0,19443,2
3,15,0x0000000100000027,29,0,39538,0,20832,2222,17858,16946,0,611,0,19304,2
3,15,0x0000000200000074,33,0,37576,0,19232,2978,12424,29062,0,185,9,1343,2
3,15,0x0000000200000061,33,0,36545,0,19232,2061,12331,30018,0,177,0,900,2
3,15,0x000000020000004e,33,0,37711,0,19232,2604,11411,31661,0,177,0,876,2
3,15,0x000000020000003c,33,0,36484,0,19232,1673,12162,30813,0,170,0,902,2
3,15,0x000000020000002e,33,0,36550,0,19232,1900,11530,31502,0,170,0,907,2
3,15,0x0000000200000012,33,0,34344,0,19232,1539,12332,28080,0,170,0,867,2
3,15,0x0000000200000004,33,0,35766,0,19232,1573,11920,30928,0,170,0,906,2
3,15,0x00000002000000db,35,0,38336,0,17808,1209,8721,30539,0,150,8,7514,2
3,15,0x0000000200000115,35,0,36233,0,17808,1566,8765,28169,0,141,0,5688,2
3,15,0x0000000200000121,35,0,41112,0,17808,1687,8744,34389,0,141,0,5711,2
3,58,0x0000000100000005,0,1,40729,26352,0,2585,0,34717,673,542,17,0,2
3,58,0x000000010000000b,5,1,6044,2606,0,1538,0,3956,1349,289,18,0,2
3,58,0x000000010000000b,5,1,4348,2639,0,1009,0,2707,1358,258,0,0,2
3,58,0x000000010000000b,5,1,4404,2600,0,1138,0,2667,1347,217,0,0,2
3,58,0x000000010000001f,21,1,3884,54,0,1162,0,1887,763,59,8,0,2
3,58,0x000000010000001a,16,1,70733,7012,0,59283,0,4671,2073,10466,73,0,2
3,58,0x0000000100000026,28,1,4497,514,0,750,0,1657,1165,58,9,0,2
3,58,0x0000000100000025,27,1,38169,6431,0,17341,0,12561,5537,2686,13,0,2
3,58,0x0000000100000027,30,1,42059,19526,0,2743,0,2511,9286,1011,19,0,2
3,58,0x0000000100000027,30,1,38143,19470,0,2564,0,1888,8697,876,0,0,2
3,58,0x0000000100000027,30,1,38767,19526,0,2267,0,2025,9599,762,0,0,2
3,58,0x0000000100000027,30,1,38053,19448,0,2472,0,2019,7607,761,0,0,2
3,58,0x0000000100000028,31,1,99008,20548,0,5212,0,36273,47357,2111,20,0,2
3,58,0x0000000100000028,31,1,96523,20531,0,5461,0,34883,47006,2019,0,0,2
3,58,0x0000000100000029,32,1,632419,19548,0,624343,0,5555,3510,105255,33,0,2
3,58,0x000000010000002a,36,1,60923,20544,0,2150,0,37984,832,464,10,0,2
3,58,0x0000000200000130,37,1,18027,7808,0,2619,0,13735,2561,217,15,0,2
3,58,0x0000000200000130,37,1,17527,7808,0,2385,0,13358,2602,207,0,0,2
3,59,0x0000000100000005,0,1,40596,26712,0,2488,0,35251,598,542,17,0,2
3,59,0x000000010000000b,5,1,5807,2613,0,1341,0,3798,1540,289,18,0,2
3,59,0x000000010000000b,5,1,4529,2655,0,994,0,2974,1357,268,0,0,2
3,59,0x000000010000000b,5,1,4498,2634,0,1126,0,2778,1357,227,0,0,2
3,59,0x000000010000001f,21,1,3843,54,0,1116,0,1798,836,59,8,0,2
3,59,0x000000010000001a,16,1,70633,6952,0,59506,0,4229,2043,10401,71,0,2
3,59,0x0000000100000026,28,1,4711,516,0,837,0,1994,992,58,9,0,2
3,59,0x0000000100000025,27,1,23678,4661,0,15500,0,0,5750,3302,15,0,2
3,59,0x0000000100000028,31,1,97135,20526,0,5268,0,35736,47564,2092,20,0,2
3,59,0x0000000100000028,31,1,94589,20508,0,5316,0,33233,47111,2018,0,0,2
3,59,0x0000000100000029,32,1,632484,19737,0,624312,0,4576,3488,105245,31,0,2
3,59,0x000000010000002a,36,1,63437,20544,0,2025,0,40771,825,485,10,0,2
3,59,0x0000000200000130,37,1,18124,7808,0,2512,0,13634,2832,222,15,0,2
3,59,0x0000000200000130,37,1,17427,7808,0,2312,0,13267,2671,216,0,0,2
3,59,0x0000000200000130,37,1,15987,7759,0,2052,0,10319,2264,198,0,0,2
3,19,0x0000000100000007,2,0,26612,0,23996,995,6298,15457,0,273,18,378,2
3,19,0x0000000100000014,10,0,95637,0,34272,3390,55538,93073,0,1244,14,4119,2
3,19,0x0000000100000016,12,0,348101,0,117504,4770,171199,342539,0,2608,17,17211,2
3,19,0x0000000100000027,29,0,42910,0,20832,2185,18017,19268,0,686,35,19770,2
3,19,0x0000000100000027,29,0,40022,0,20832,1951,17914,17545,0,651,0,19228,2
3,19,0x0000000100000027,29,0,39733,0,20832,1895,17867,17877,0,621,0,19794,2
3,19,0x0000000100000027,29,0,42817,0,20832,1654,17764,20899,0,611,0,19641,2
3,19,0x0000000200000073,33,0,37279,0,19232,2007,12255,29266,0,185,9,1425,2
3,19,0x0000000200000060,33,0,34818,0,19232,1700,12148,29151,0,177,0,892,2
3,19,0x000000020000004d,33,0,37522,0,19232,2570,11112,31822,0,177,0,886,2
3,19,0x000000020000003b,33,0,36967,0,19232,1773,11895,31175,0,170,0,884,2
3,19,0x000000020000002d,33,0,36577,0,19232,1948,11989,30505,0,170,0,911,2
3,19,0x000000020000012f,35,0,37869,0,17808,1119,8955,27301,0,150,8,7469,2
3,19,0x0000000200000003,33,0,35550,0,19232,2038,12116,30404,0,169,0,888,2
3,19,0x00000002000000cb,35,0,36674,0,17808,1083,8561,28907,0,142,0,5850,2
3,19,0x00000002000000e7,35,0,36653,0,17808,1844,8703,27398,0,141,0,5793,2
3,19,0x00000002000000d4,35,0,35047,0,17808,1361,8519,27779,0,141,0,5746,2
3,19,0x00000002000000d0,35,0,39556,0,17808,2636,8588,29717,0,141,0,5699,2
3,66,0x0000000100000005,0,1,39280,26459,0,2475,0,34910,607,549,17,0,2
3,66,0x000000010000000b,5,1,5631,2589,0,1393,0,3594,1544,289,18,0,2
3,66,0x000000010000000b,5,1,4682,2615,0,1011,0,3133,1359,258,0,0,2
3,66,0x000000010000000b,5,1,4265,2653,0,1110,0,2588,1344,217,0,0,2
3,66,0x000000010000000b,5,1,4208,2664,0,915,0,2684,1376,216,0,0,2
3,66,0x000000010000001f,21,1,3916,54,0,1336,0,1764,734,59,8,0,2
3,66,0x000000010000001a,16,1,70159,6932,0,58953,0,4490,2111,10492,72,0,2
3,66,0x0000000100000026,28,1,4443,516,0,896,0,1449,1142,58,9,0,2
3,66,0x0000000100000025,27,1,26076,4648,0,18261,0,0,6679,3305,13,0,2
3,66,0x0000000100000027,30,1,41109,19492,0,2940,0,2492,8808,1008,20,0,2
3,66,0x0000000100000027,30,1,38158,19480,0,2702,0,2074,8161,863,0,0,2
3,66,0x0000000100000027,30,1,37979,19492,0,2285,0,1735,7290,752,0,0,2
3,66,0x0000000100000027,30,1,40912,19484,0,2675,0,3175,7323,752,0,0,2
3,66,0x0000000100000028,31,1,95745,20526,0,5711,0,34271,46884,2106,20,0,2
3,66,0x0000000100000028,31,1,83908,20528,0,5123,0,22945,46688,2019,0,0,2
3,66,0x0000000100000029,32,1,632806,19610,0,624572,0,6102,3631,105237,29,0,2
3,66,0x000000010000002a,36,1,62871,20544,0,1875,0,40601,830,478,10,0,2
3,66,0x0000000200000130,37,1,18445,7801,0,2651,0,13263,2825,224,15,0,2
3,66,0x0000000200000130,37,1,16818,7808,0,1806,0,12834,2642,215,0,0,2
3,66,0x0000000200000130,37,1,17676,7808,0,2248,0,13725,2485,199,0,0,2
3,67,0x0000000100000005,0,1,39607,26800,0,2603,0,35365,423,542,17,0,2
3,67,0x000000010000000b,5,1,5666,2646,0,1553,0,3447,1366,289,18,0,2
3,67,0x000000010000000b,5,1,4497,2614,0,971,0,3062,1341,268,0,0,2
3,67,0x000000010000000b,5,1,4223,2617,0,1134,0,2023,1335,227,0,0,2
3,67,0x000000010000000b,5,1,4220,2637,0,885,0,2632,1347,216,0,0,2
3,67,0x000000010000000b,5,1,4588,2684,0,1173,0,2924,1364,216,0,0,2
3,67,0x000000010000001f,21,1,3467,54,0,899,0,1712,787,59,8,0,2
3,67,0x000000010000001a,16,1,70322,6713,0,59162,0,4617,1984,10394,70,0,2
3,67,0x0000000100000025,27,1,43362,7171,0,17707,0,17449,5940,2766,13,0,2
3,67,0x0000000100000028,31,1,96749,20557,0,5433,0,34993,47904,2097,20,0,2
3,67,0x0000000100000028,31,1,84530,20506,0,5146,0,23706,46726,2018,0,0,2
3,67,0x0000000100000029,32,1,632817,19896,0,624481,0,5152,3578,105240,29,0,2
3,67,0x000000010000002a,36,1,64934,20544,0,1820,0,42786,818,471,10,0,2
3,67,0x0000000200000130,37,1,18076,7801,0,2539,0,13434,2492,216,16,0,2
3,67,0x0000000200000130,37,1,16807,7808,0,1702,0,12575,2927,207,0,0,2
3,67,0x0000000200000130,37,1,17656,7808,0,2124,0,13325,2773,199,0,0,2
3,23,0x0000000100000007,2,0,27012,0,23996,1511,6298,15026,0,273,18,323,2
3,23,0x0000000100000014,10,0,97322,0,34272,3120,55262,95129,0,1244,14,3321,2
3,23,0x0000000100000016,12,0,345752,0,117504,5287,170368,339908,0,2608,17,16512,2
3,23,0x0000000100000027,29,0,44948,0,20832,2091,17905,21220,0,685,34,19219,2
3,23,0x0000000100000027,29,0,40567,0,20832,2209,17894,17383,0,651,0,19312,2
3,23,0x0000000100000027,29,0,40159,0,20832,1666,17924,18383,0,621,0,19472,2
3,23,0x0000000100000027,29,0,43389,0,20832,2522,17851,20339,0,611,0,19492,2
3,23,0x000000020000006d,33,0,36067,0,19232,1642,12144,29013,0,192,9,1379,2
3,23,0x000000020000005f,33,0,35866,0,19232,1542,11453,31309,0,177,0,889,2
3,23,0x000000020000004c,33,0,34569,0,19232,1788,12257,28939,0,170,0,880,2
3,23,0x000000020000003a,33,0,37668,0,19232,1825,12313,32237,0,170,0,885,2
3,23,0x000000020000002c,33,0,35203,0,19232,1342,11443,30931,0,170,0,923,2
3,23,0x0000000200000011,33,0,34726,0,19232,2015,12346,27780,0,170,0,890,2
3,23,0x0000000200000002,33,0,35710,0,19232,1620,11913,30246,0,170,0,858,2
3,23,0x0000000200000129,35,0,38915,0,17808,2430,8392,29301,0,150,8,7531,2
3,23,0x00000002000000d7,35,0,36189,0,17808,1099,8827,27615,0,141,0,5807,2
3,23,0x00000002000000c4,35,0,35627,0,17808,1436,8838,27344,0,141,0,5723,2
3,23,0x00000002000000c0,35,0,36008,0,17808,1165,8824,28292,0,141,0,5671,2
3,74,0x0000000100000005,0,1,39651,26296,0,2492,0,34543,778,549,17,0,2
3,74,0x000000010000000b,5,1,5980,2615,0,1585,0,3708,1354,289,18,0,2
3,74,0x000000010000000b,5,1,4443,2583,0,996,0,2783,1359,258,0,0,2
3,74,0x000000010000000b,5,1,4163,2615,0,1090,0,2509,1348,217,0,0,2
3,74,0x000000010000000b,5,1,4082,2604,0,894,0,2498,1354,216,0,0,2
3,74,0x000000010000000b,5,1,4781,2562,0,1093,0,2932,1342,216,0,0,2
3,74,0x000000010000001f,21,1,3420,54,0,856,0,1728,762,59,8,0,2
3,74,0x000000010000001a,16,1,70338,7131,0,59072,0,4315,2667,10504,71,0,2
3,74,0x0000000100000025,27,1,25473,4728,0,15472,0,0,8164,3296,13,0,2
3,74,0x0000000100000027,30,1,43495,19525,0,4740,0,2184,8431,1008,20,0,2
3,74,0x0000000100000027,30,1,38389,19503,0,2415,0,1615,8143,863,0,0,2
3,74,0x0000000100000027,30,1,38809,19525,0,2293,0,2172,7970,752,0,0,2
3,74,0x0000000100000027,30,1,41279,19470,0,2616,0,2833,10516,752,0,0,2
3,74,0x0000000100000028,31,1,95019,20545,0,5438,0,32569,47881,2111,20,0,2
3,74,0x0000000100000028,31,1,86086,20530,0,5088,0,25249,46558,2019,0,0,2
3,74,0x0000000100000029,32,1,632416,19560,0,624446,0,6166,3631,105237,29,0,2
3,74,0x000000010000002a,36,1,62377,20560,0,1866,0,39987,826,478,10,0,2
3,74,0x0000000200000130,37,1,18024,7801,0,2389,0,13278,2706,225,16,0,2
3,74,0x0000000200000130,37,1,17037,7808,0,1969,0,13217,2469,216,0,0,2
3,74,0x0000000200000130,37,1,17540,7808,0,1992,0,13036,2747,199,0,0,2
3,75,0x0000000100000005,0,1,39883,26763,0,2602,0,35391,144,542,17,0,2
3,75,0x000000010000000b,5,1,5541,2596,0,1382,0,3490,1504,289,18,0,2
3,75,0x000000010000000b,5,1,4391,2635,0,996,0,2842,1341,268,0,0,2
3,75,0x000000010000000b,5,1,4434,2621,0,1108,0,2610,1357,227,0,0,2
3,75,0x000000010000000b,5,1,4162,2630,0,893,0,2678,1343,216,0,0,2
3,75,0x000000010000000b,5,1,4940,2593,0,1103,0,2951,1345,216,0,0,2
3,75,0x000000010000001f,21,1,3387,54,0,790,0,1758,770,59,8,0,2
3,75,0x000000010000001a,16,1,70187,6841,0,58977,0,4608,1879,10403,70,0,2
3,75,0x0000000100000025,27,1,26087,4528,0,16079,0,0,8525,3298,15,0,2
3,75,0x0000000100000028,31,1,97567,20548,0,5451,0,35472,46703,2092,20,0,2
3,75,0x0000000100000028,31,1,85445,20531,0,5118,0,24347,46504,2018,0,0,2
3,75,0x0000000100000029,32,1,632500,19677,0,624427,0,3973,3985,105240,29,0,2
3,75,0x000000010000002a,36,1,65483,20544,0,1917,0,43163,828,485,10,0,2
3,75,0x0000000200000130,37,1,17897,7801,0,2180,0,12921,2883,223,16,0,2
3,75,0x0000000200000130,37,1,17095,7808,0,1928,0,13017,2802,216,0,0,2
3,75,0x0000000200000130,37,1,17299,7801,0,1793,0,13063,2820,199,0,0,2
3,27,0x0000000100000007,2,0,26755,0,23996,1224,6301,15242,0,273,18,314,2
3,27,0x0000000100000014,10,0,95797,0,34272,3268,54947,93426,0,1244,14,4104,2
3,27,0x0000000100000016,12,0,345983,0,117504,4284,170501,341498,0,2621,17,17591,2
3,27,0x0000000100000027,29,0,42147,0,20832,2237,17885,18488,0,693,34,19859,2
3,27,0x0000000100000027,29,0,40628,0,20832,2013,18078,17153,0,644,0,19715,2
3,27,0x0000000100000027,29,0,41457,0,20832,1962,17926,18961,0,621,0,19639,2
3,27,0x0000000100000027,29,0,42095,0,20832,1712,17805,20198,0,611,0,19766,2
3,27,0x000000020000006b,33,0,35491,0,19232,1816,12033,28527,0,192,9,1435,2
3,27,0x000000020000005e,33,0,36376,0,19232,1735,12090,29616,0,177,0,879,2
3,27,0x000000020000004b,33,0,34774,0,19232,1908,12390,28081,0,170,0,897,2
3,27,0x0000000200000039,33,0,36180,0,19232,1464,12032,30859,0,170,0,879,2
3,27,0x000000020000002b,33,0,36249,0,19232,1633,11889,30700,0,170,0,918,2
3,27,0x000000020000011f,35,0,37409,0,17808,1099,8658,28043,0,150,8,7629,2
3,27,0x0000000200000001,33,0,36186,0,19232,2336,12206,28964,0,169,0,872,2
3,27,0x0000000200000119,35,0,36474,0,17808,1382,8848,28703,0,142,0,5792,2
3,27,0x00000002000000c7,35,0,35568,0,17808,1359,8689,27369,0,141,0,5786,2
3,27,0x0000000200000123,35,0,37102,0,17808,1327,8880,29255,0,141,0,5745,2
3,82,0x0000000100000005,0,1,39829,26469,0,2710,0,35161,864,549,17,0,2
3,82,0x000000010000000b,5,1,5402,2602,0,1260,0,3501,1353,289,18,0,2
3,82,0x000000010000000b,5,1,4679,2622,0,1162,0,2789,1378,252,0,0,2
3,82,0x000000010000000b,5,1,4090,2676,0,981,0,2473,1358,217,0,0,2
3,82,0x000000010000000b,5,1,4197,2613,0,1133,0,2431,1387,216,0,0,2
3,82,0x000000010000000b,5,1,4385,2558,0,894,0,2537,1352,216,0,0,2
3,82,0x000000010000001f,21,1,3692,54,0,1118,0,1709,777,59,8,0,2
3,82,0x000000010000001a,16,1,69724,6706,0,58874,0,4279,2053,10499,73,0,2
3,82,0x0000000100000025,27,1,45424,7655,0,15515,0,22361,5347,2846,13,0,2
3,82,0x0000000100000027,30,1,39872,19542,0,2717,0,2275,9233,1005,20,0,2
3,82,0x0000000100000027,30,1,39117,19448,0,2606,0,2146,7914,869,0,0,2
3,82,0x0000000100000027,30,1,39078,19548,0,2088,0,1766,8585,762,0,0,2
3,82,0x0000000100000027,30,1,40634,19508,0,2821,0,3548,10585,752,0,0,2
3,82,0x0000000100000028,31,1,96634,20518,0,5358,0,32747,48710,2111,20,0,2
3,82,0x0000000100000028,31,1,82697,20464,0,5338,0,21479,46812,2019,0,0,2
3,82,0x0000000100000029,32,1,632329,19559,0,624322,0,5771,3788,105237,29,0,2
3,82,0x000000010000002a,36,1,65212,20579,0,2269,0,42658,800,464,10,0,2
3,82,0x0000000200000130,37,1,18207,7808,0,2707,0,13840,2547,217,15,0,2
3,82,0x0000000200000130,37,1,17283,7808,0,2092,0,12826,2852,207,0,0,2
3,82,0x0000000200000130,37,1,17545,7794,0,2482,0,13680,2523,199,0,0,2
3,83,0x0000000100000005,0,1,40033,26642,0,2695,0,35740,635,542,17,0,2
3,83,0x000000010000000b,5,1,5138,2611,0,1053,0,3337,1556,289,18,0,2
3,83,0x000000010000000b,5,1,4649,2621,0,1179,0,2933,1361,262,0,0,2
3,83,0x000000010000000b,5,1,4292,2617,0,978,0,2555,1352,227,0,0,2
3,83,0x000000010000000b,5,1,4463,2674,0,1133,0,2530,1367,216,0,0,2
3,83,0x000000010000000b,5,1,4598,2592,0,923,0,2647,1353,216,0,0,2
3,83,0x000000010000001f,21,1,3713,54,0,1013,0,1753,856,59,8,0,2
3,83,0x000000010000001a,16,1,69557,6833,0,58909,0,4468,1888,10509,69,0,2
3,83,0x0000000100000025,27,1,24639,4496,0,17333,0,0,5978,3316,15,0,2
3,83,0x0000000100000028,31,1,99332,20536,0,5548,0,36464,47503,2092,20,0,2
3,83,0x0000000100000028,31,1,91351,20558,0,5409,0,29742,47049,2018,0,0,2
3,83,0x0000000100000029,32,1,632314,19605,0,624268,0,4757,3586,105235,29,0,2
3,83,0x000000010000002a,36,1,66400,20560,0,2020,0,44312,821,485,10,0,2
3,83,0x0000000200000130,37,1,18189,7808,0,2555,0,13547,2805,223,16,0,2
3,83,0x0000000200000130,37,1,17045,7808,0,1975,0,12816,2697,216,0,0,2
3,83,0x0000000200000130,37,1,17516,7808,0,2343,0,13624,2787,199,0,0,2
