thread_id,core_id,task_id,func_id,core_type,pmu_total_cycles,pmu_idc_aic_vec_busy_o,cube_instr_busy,scalar_instr_busy,mte1_instr_busy,mte2_instr_busy,mte3_instr_busy,icache_req,icache_miss,pmu_fix_instr_busy,event_type
0,0,0x0000000100000006,2,0,27087,0,23996,1228,8862,21541,0,294,18,517,2
0,0,0x0000000100000018,15,0,62155,0,17136,3335,26153,56995,0,834,27,3971,2
0,0,0x0000000100000018,15,0,49528,0,17136,2333,27205,48101,0,787,0,2878,2
0,0,0x0000000100000015,12,0,318194,0,117504,4504,163454,311938,0,2619,17,18887,2
0,0,0x0000000100000021,24,0,41718,0,20832,2168,17984,16294,0,687,35,19841,2
0,0,0x0000000100000021,24,0,40877,0,20832,2112,17915,18116,0,646,0,19696,2
0,0,0x0000000100000021,24,0,42083,0,20832,1716,17950,20191,0,624,0,19932,2
0,0,0x000000020000010e,30,0,38381,0,17808,1422,8403,28283,0,165,12,7659,2
0,0,0x00000002000000dc,30,0,36194,0,17808,2188,8743,26341,0,155,0,5787,2
0,0,0x00000002000000fd,30,0,44036,0,17808,1597,8529,36969,0,142,0,5903,2
0,0,0x000000020000011a,30,0,35322,0,17808,1057,8741,27140,0,141,0,5726,2
0,0,0x00000002000000f6,30,0,35922,0,17808,1022,8681,28070,0,141,0,5707,2
0,0,0x0000000200000111,30,0,37462,0,17808,1784,8304,30190,0,141,0,5862,2
0,28,0x000000010000000d,7,1,14802,0,0,2104,0,8014,4313,191,23,0,2
0,28,0x000000010000001e,21,1,324796,9454,0,314245,0,1394,1635,52400,24,0,2
0,28,0x000000010000001f,22,1,29267,4451,0,21734,0,0,7630,3306,8,0,2
0,28,0x000000010000001f,22,1,113410,21548,0,22696,0,77581,5068,4397,0,0,2
0,28,0x0000000100000021,25,1,39828,19518,0,2608,0,2094,9594,983,17,0,2
0,28,0x0000000100000021,25,1,38930,19487,0,2196,0,2104,9199,878,0,0,2
0,28,0x0000000100000021,25,1,40191,19548,0,2224,0,1839,9123,767,0,0,2
0,28,0x0000000100000022,26,1,92350,20493,0,5665,0,26714,48642,2054,22,0,2
0,28,0x0000000100000022,26,1,89681,20544,0,5204,0,28950,47338,2017,0,0,2
0,28,0x0000000100000023,27,1,632037,19540,0,624152,0,5521,3664,105240,25,0,2
0,28,0x0000000100000023,27,1,631293,19287,0,624053,0,5227,3807,105192,0,0,2
0,28,0x00000002000000b0,29,1,21557,8329,0,2400,0,7423,3734,839,18,0,2
0,28,0x0000000100000024,31,1,61039,20579,0,1858,0,38270,854,483,13,0,2
0,28,0x0000000200000130,32,1,18410,7801,0,2270,0,13538,2796,215,15,0,2
0,28,0x0000000200000130,32,1,15442,7759,0,2088,0,9665,2073,199,0,0,2
0,29,0x000000010000000d,7,1,14893,0,0,2160,0,8240,4112,189,22,0,2
0,29,0x000000010000001e,21,1,325179,9475,0,314367,0,1379,1613,52436,24,0,2
0,29,0x000000010000001f,22,1,63620,8408,0,28074,0,31850,6946,2846,8,0,2
0,29,0x000000010000001f,22,1,23657,4240,0,16778,0,0,6150,3303,0,0,2
0,29,0x0000000100000022,26,1,93706,20540,0,5442,0,31928,46737,2075,22,0,2
0,29,0x0000000100000022,26,1,88490,20498,0,5720,0,27473,47166,2019,0,0,2
0,29,0x0000000100000023,27,1,632157,19541,0,624192,0,4489,4126,105235,25,0,2
0,29,0x0000000100000023,27,1,631486,19287,0,624241,0,5646,3822,105184,0,0,2
0,29,0x00000002000000a0,29,1,21221,8381,0,2413,0,7309,3571,816,17,0,2
0,29,0x0000000100000024,31,1,62439,20563,0,2220,0,39680,843,482,12,0,2
0,29,0x0000000200000130,32,1,18233,7806,0,2191,0,13809,2724,223,15,0,2
0,29,0x0000000200000130,32,1,15737,7752,0,1994,0,9197,1959,207,0,0,2
0,4,0x0000000100000006,2,0,27096,0,23996,1214,8965,21698,0,294,18,478,2
0,4,0x0000000100000018,15,0,63823,0,17136,3317,25768,58567,0,834,27,3521,2
0,4,0x0000000100000018,15,0,50559,0,17136,2418,26762,48922,0,787,0,2850,2
0,4,0x0000000100000015,12,0,326955,0,117504,4768,169897,321677,0,2625,17,17124,2
0,4,0x0000000100000021,24,0,40895,0,20832,2097,17982,17121,0,695,35,19581,2
0,4,0x0000000100000021,24,0,42217,0,20832,1907,17913,20084,0,647,0,19791,2
0,4,0x0000000100000021,24,0,43683,0,20832,1747,17884,21455,0,632,0,19867,2
0,4,0x0000000100000021,24,0,41100,0,20832,1893,17884,18718,0,613,0,19366,2
0,4,0x0000000200000036,28,0,35832,0,19232,1500,12383,28766,0,192,8,1445,2
0,4,0x0000000200000020,28,0,35941,0,19232,2941,12402,29941,0,178,0,901,2
0,4,0x0000000200000018,28,0,44345,0,19232,1649,11949,39152,0,170,0,930,2
0,4,0x0000000200000005,28,0,35079,0,19232,1660,12102,29602,0,170,0,907,2
0,4,0x00000002000000e7,30,0,39049,0,17808,1195,8649,30182,0,165,11,7743,2
0,4,0x0000000200000112,30,0,36343,0,17808,1255,8494,29427,0,150,0,5771,2
0,36,0x000000010000000d,7,1,14250,0,0,1798,0,8325,3724,182,23,0,2
0,36,0x0000000100000011,8,1,47842,4287,0,41724,0,425,527,6829,42,0,2
0,36,0x000000010000000a,5,1,6317,2869,0,1570,0,3283,1584,269,16,0,2
0,36,0x000000010000001f,22,1,32352,4660,0,22449,0,0,10293,3320,8,0,2
0,36,0x000000010000001f,22,1,20354,4240,0,13097,0,0,5544,3273,0,0,2
0,36,0x0000000100000021,25,1,39036,19492,0,2810,0,1827,8931,976,18,0,2
0,36,0x0000000100000021,25,1,40053,19551,0,2443,0,1709,10992,851,0,0,2
0,36,0x0000000100000021,25,1,41756,19526,0,2129,0,1957,8072,782,0,0,2
0,36,0x0000000100000021,25,1,38830,19470,0,2334,0,2402,7651,771,0,0,2
0,36,0x0000000100000022,26,1,96748,20576,0,5363,0,33529,48408,2064,23,0,2
0,36,0x0000000100000022,26,1,92956,20563,0,5141,0,31011,47298,2026,0,0,2
0,36,0x0000000100000023,27,1,632050,19505,0,624125,0,5473,3586,105244,25,0,2
0,36,0x0000000100000023,27,1,631285,19287,0,624043,0,4978,3668,105192,0,0,2
0,36,0x0000000200000090,29,1,24161,8313,0,2855,0,10204,3661,818,17,0,2
0,36,0x0000000100000024,31,1,62912,20560,0,1788,0,40336,859,485,16,0,2
0,36,0x0000000200000130,32,1,18514,7806,0,2423,0,13885,2502,207,15,0,2
0,36,0x0000000200000130,32,1,15159,7780,0,1523,0,11020,2057,206,0,0,2
0,37,0x0000000100000012,9,1,52513,14434,0,2066,0,0,34761,708,8,0,2
0,37,0x0000000100000011,8,1,48086,4256,0,41874,0,367,519,6860,47,0,2
0,37,0x000000010000000a,5,1,6203,2813,0,1582,0,3456,1480,269,16,0,2
0,37,0x000000010000000a,5,1,5113,2594,0,1486,0,2768,1380,254,0,0,2
0,37,0x000000010000001f,22,1,30857,4383,0,21184,0,0,10626,3315,8,0,2
0,37,0x000000010000001f,22,1,119001,22252,0,22692,0,81888,5269,4488,0,0,2
0,37,0x0000000100000022,26,1,94864,20575,0,5433,0,32596,48020,2064,22,0,2
0,37,0x0000000100000022,26,1,93326,20540,0,5341,0,30961,47133,2010,0,0,2
0,37,0x0000000100000023,27,1,632183,19495,0,624240,0,3811,3831,105262,25,0,2
0,37,0x0000000100000023,27,1,631497,19287,0,624253,0,5806,3700,105195,0,0,2
0,37,0x0000000200000080,29,1,24118,8335,0,2441,0,10126,3931,820,18,0,2
0,37,0x0000000100000024,31,1,61935,20564,0,2091,0,38893,873,493,13,0,2
0,37,0x0000000200000130,32,1,18007,7801,0,1835,0,13472,2744,230,15,0,2
0,37,0x0000000200000130,32,1,16557,7773,0,1782,0,11733,2023,221,0,0,2
0,8,0x0000000100000006,2,0,27863,0,23996,1588,8765,21586,0,294,18,747,2
0,8,0x0000000100000018,15,0,63370,0,17136,3312,25948,58187,0,822,27,3761,2
0,8,0x0000000100000018,15,0,49688,0,17136,2400,26965,47698,0,793,0,4466,2
0,8,0x0000000100000015,12,0,326585,0,117504,4487,169486,320917,0,2632,17,18117,2
0,8,0x0000000100000021,24,0,41219,0,20832,2264,17998,17029,0,695,35,19682,2
0,8,0x0000000100000021,24,0,41406,0,20832,2020,17869,18475,0,654,0,19943,2
0,8,0x0000000100000021,24,0,43611,0,20832,1949,17996,21277,0,632,0,19495,2
0,8,0x0000000100000021,24,0,40172,0,20832,1888,18009,17657,0,613,0,19455,2
0,8,0x00000002000000fe,30,0,38226,0,17808,1677,8458,27450,0,165,12,7540,2
0,8,0x000000020000001f,28,0,39270,0,19232,1729,11522,33930,0,193,8,1244,2
0,8,0x0000000200000017,28,0,49427,0,19232,2223,10930,44773,0,178,0,888,2
0,8,0x000000020000010a,30,0,36952,0,17808,2038,8807,27840,0,155,0,5690,2
0,8,0x00000002000000e6,30,0,36910,0,17808,3514,8640,27145,0,142,0,5706,2
0,8,0x0000000200000102,30,0,37115,0,17808,1715,8480,29443,0,141,0,5739,2
0,44,0x0000000100000017,14,1,18130,5284,0,1447,0,0,10562,299,10,0,2
0,44,0x0000000100000011,8,1,47507,4191,0,41380,0,577,513,6841,46,0,2
0,44,0x000000010000000a,5,1,6128,2713,0,1593,0,2428,1528,269,16,0,2
0,44,0x000000010000000a,5,1,4500,2604,0,1137,0,2696,1353,254,0,0,2
0,44,0x000000010000001f,22,1,73730,9231,0,26272,0,43015,5950,2976,8,0,2
0,44,0x000000010000001f,22,1,22726,4240,0,15912,0,0,6270,3294,0,0,2
0,44,0x0000000100000021,25,1,39036,19470,0,2830,0,1862,7973,974,17,0,2
0,44,0x0000000100000021,25,1,39228,19448,0,2634,0,2741,7647,852,0,0,2
0,44,0x0000000100000021,25,1,41318,19559,0,2256,0,1566,8726,766,0,0,2
0,44,0x0000000100000021,25,1,37988,19492,0,2108,0,1586,7902,755,0,0,2
0,44,0x0000000100000022,26,1,97224,20554,0,5551,0,34147,47298,2078,22,0,2
0,44,0x0000000100000022,26,1,94365,20554,0,5058,0,32883,46643,2026,0,0,2
0,44,0x0000000100000023,27,1,632062,19487,0,624186,0,5979,3599,105259,25,0,2
0,44,0x0000000100000023,27,1,631226,19287,0,624025,0,3587,3433,105192,0,0,2
0,44,0x0000000100000024,31,1,62096,20563,0,1870,0,40071,804,476,12,0,2
0,44,0x0000000200000130,32,1,18364,7801,0,2939,0,13344,2799,213,15,0,2
0,44,0x0000000200000130,32,1,16026,7787,0,1548,0,11730,2468,205,0,0,2
0,45,0x000000010000001b,18,1,290091,5819,0,255082,0,0,28536,85365,13,0,2
0,45,0x000000010000001f,22,1,30928,4369,0,23633,0,0,7596,3298,8,0,2
0,45,0x000000010000001f,22,1,23970,4240,0,16987,0,0,6351,3258,0,0,2
0,45,0x0000000100000022,26,1,97824,20553,0,5578,0,34153,47826,2048,22,0,2
0,45,0x0000000100000022,26,1,86545,20540,0,5173,0,26386,46759,2010,0,0,2
0,45,0x0000000100000023,27,1,632292,19534,0,624377,0,5161,3590,105267,25,0,2
0,45,0x0000000100000024,31,1,61753,20544,0,1865,0,40037,852,482,14,0,2
0,45,0x0000000200000130,32,1,18330,7806,0,3110,0,13650,2421,229,15,0,2
0,45,0x0000000200000130,32,1,16035,7808,0,1701,0,11627,2745,213,0,0,2
0,12,0x0000000100000006,2,0,28050,0,23996,1600,8800,21573,0,286,17,1038,2
0,12,0x0000000100000018,15,0,63080,0,17136,3265,26047,58442,0,827,26,3186,2
0,12,0x0000000100000018,15,0,50177,0,17136,2407,26382,48521,0,801,0,3854,2
0,12,0x0000000100000015,12,0,335596,0,117504,4505,168915,330375,0,2631,17,16415,2
0,12,0x0000000100000021,24,0,41039,0,20832,2133,17987,16498,0,694,35,19475,2
0,12,0x0000000100000021,24,0,41022,0,20832,1940,17954,18539,0,654,0,19651,2
0,12,0x0000000100000021,24,0,42090,0,20832,1946,17958,19830,0,632,0,19856,2
0,12,0x0000000100000021,24,0,40509,0,20832,1688,17860,18519,0,613,0,19432,2
0,12,0x0000000200000035,28,0,35115,0,19232,1913,12167,27711,0,192,8,1216,2
0,12,0x000000020000012c,30,0,37202,0,17808,1317,8393,28350,0,165,11,7113,2
0,12,0x0000000200000016,28,0,49569,0,19232,2051,10713,45092,0,178,0,906,2
0,12,0x0000000200000004,28,0,36938,0,19232,1457,12059,31642,0,170,0,881,2
0,12,0x00000002000000d7,30,0,35603,0,17808,1193,8632,27450,0,150,0,5720,2
0,12,0x00000002000000f2,30,0,36803,0,17808,1200,8557,30347,0,142,0,5770,2
0,52,0x000000010000001c,19,1,3388,0,0,2218,0,0,0,38,9,0,2
0,52,0x0000000100000011,8,1,47214,4100,0,41258,0,501,517,6848,47,0,2
0,52,0x000000010000000a,5,1,5816,2723,0,1418,0,3281,1530,269,16,0,2
0,52,0x000000010000000a,5,1,4738,2614,0,1051,0,3139,1393,254,0,0,2
0,52,0x000000010000001f,22,1,25902,4396,0,18793,0,0,6663,3320,8,0,2
0,52,0x000000010000001f,22,1,123664,22956,0,23287,0,86320,5072,4549,0,0,2
0,52,0x0000000100000021,25,1,38778,19504,0,2336,0,1745,10010,964,17,0,2
0,52,0x0000000100000021,25,1,39203,19493,0,2151,0,1770,8375,852,0,0,2
0,52,0x0000000100000021,25,1,39926,19524,0,2330,0,2071,8269,766,0,0,2
0,52,0x0000000100000021,25,1,38611,19492,0,2096,0,3314,8650,755,0,0,2
0,52,0x0000000100000022,26,1,98653,20536,0,5629,0,34690,48317,2079,22,0,2
0,52,0x0000000100000022,26,1,89865,20527,0,5176,0,29675,46982,2026,0,0,2
0,52,0x0000000100000023,27,1,632133,19591,0,624184,0,5311,3664,105260,25,0,2
0,52,0x0000000100000024,31,1,60323,20579,0,2011,0,37063,838,478,14,0,2
0,52,0x0000000200000130,32,1,18012,7801,0,2683,0,13318,2869,206,15,0,2
0,52,0x0000000200000130,32,1,15566,7773,0,1467,0,11123,2090,205,0,0,2
0,53,0x000000010000001d,20,1,57676,7516,0,2636,0,0,45933,814,8,0,2
0,53,0x000000010000000a,5,1,6123,2715,0,1644,0,3462,1470,269,16,0,2
0,53,0x000000010000000a,5,1,5011,2574,0,1130,0,2870,1387,254,0,0,2
0,53,0x000000010000001f,22,1,78361,9687,0,18413,0,52707,5928,3026,8,0,2
0,53,0x000000010000001f,22,1,19496,4240,0,12401,0,0,5255,3306,0,0,2
0,53,0x0000000100000022,26,1,99672,20531,0,5862,0,35713,47509,2062,23,0,2
0,53,0x0000000100000022,26,1,88703,20540,0,5216,0,27980,47388,2019,0,0,2
0,53,0x0000000100000023,27,1,632498,19646,0,624405,0,4518,4029,105248,25,0,2
0,53,0x0000000100000024,31,1,63960,20544,0,1631,0,40854,825,480,14,0,2
0,53,0x0000000200000130,32,1,18174,7801,0,2887,0,13479,2690,214,15,0,2
0,53,0x0000000200000130,32,1,17151,7766,0,2704,0,12081,2098,220,0,0,2
0,16,0x0000000100000006,2,0,27521,0,23996,1414,6306,15612,0,293,17,596,2
0,16,0x0000000100000018,15,0,58698,0,17136,3374,26361,53861,0,835,26,3067,2
0,16,0x0000000100000013,10,0,87816,0,34272,2737,55587,86078,0,1262,14,3201,2
0,16,0x0000000100000015,12,0,318776,0,117504,4400,172554,313872,0,2622,17,16348,2
0,16,0x0000000100000015,12,0,277101,0,117504,4440,173201,273797,0,2590,0,14488,2
0,16,0x0000000100000021,24,0,42133,0,20832,1993,17878,18376,0,703,35,19659,2
0,16,0x0000000100000021,24,0,42691,0,20832,3280,17945,17965,0,657,0,20101,2
0,16,0x0000000100000021,24,0,40412,0,20832,1867,17842,18094,0,632,0,19325,2
0,16,0x0000000100000021,24,0,40047,0,20832,1883,17996,17467,0,613,0,19234,2
0,16,0x0000000200000034,28,0,36046,0,19232,1623,12136,28963,0,192,8,1223,2
0,16,0x000000020000011c,30,0,38427,0,17808,1809,8480,29222,0,170,11,7146,2
0,16,0x0000000200000015,28,0,48435,0,19232,1998,10440,44087,0,178,0,910,2
0,16,0x0000000200000003,28,0,36554,0,19232,1592,12005,31743,0,170,0,877,2
0,16,0x00000002000000c7,30,0,35903,0,17808,1515,8717,27718,0,150,0,5713,2
0,16,0x00000002000000e2,30,0,36739,0,17808,1373,8545,29881,0,142,0,5842,2
0,60,0x0000000100000011,8,1,46557,3374,0,41856,0,828,480,6872,51,0,2
0,60,0x000000010000000a,5,1,6197,2562,0,1402,0,3799,1524,268,16,0,2
0,60,0x000000010000000a,5,1,4332,2643,0,1157,0,2610,1381,243,0,0,2
0,60,0x000000010000001f,22,1,28747,4350,0,21606,0,0,8240,3326,8,0,2
0,60,0x000000010000001f,22,1,21770,4240,0,15099,0,0,5480,3281,0,0,2
0,60,0x0000000100000021,25,1,40075,19514,0,2530,0,1606,8617,959,17,0,2
0,60,0x0000000100000021,25,1,40566,19493,0,2626,0,1739,8368,860,0,0,2
0,60,0x0000000100000021,25,1,38250,19448,0,2408,0,1968,8318,768,0,0,2
0,60,0x0000000100000021,25,1,38119,19484,0,2592,0,2049,8384,756,0,0,2
0,60,0x0000000100000022,26,1,97484,20536,0,6086,0,35213,47773,2063,22,0,2
0,60,0x0000000100000022,26,1,94474,20554,0,5405,0,32755,47576,2017,0,0,2
0,60,0x0000000100000023,27,1,632312,19594,0,624354,0,5378,3690,105260,25,0,2
0,60,0x0000000100000024,31,1,62333,20579,0,2165,0,38996,857,483,12,0,2
0,60,0x0000000200000130,32,1,18525,7808,0,2225,0,14138,2514,213,15,0,2
0,60,0x0000000200000130,32,1,16584,7780,0,2806,0,12253,2482,198,0,0,2
0,61,0x0000000100000011,8,1,46423,3459,0,41567,0,507,504,6885,50,0,2
0,61,0x000000010000000a,5,1,6217,2646,0,1341,0,4057,1406,268,16,0,2
0,61,0x000000010000000a,5,1,4539,2659,0,1124,0,2635,1386,243,0,0,2
0,61,0x000000010000001f,22,1,29888,4351,0,21540,0,0,8591,3320,8,0,2
0,61,0x000000010000001f,22,1,134301,23660,0,20690,0,94164,5254,4640,0,0,2
0,61,0x0000000100000022,26,1,96404,20526,0,5563,0,35102,47300,2065,23,0,2
0,61,0x0000000100000022,26,1,91324,20572,0,5367,0,29852,47189,2019,0,0,2
0,61,0x0000000100000023,27,1,632231,19595,0,624192,0,3962,3884,105264,25,0,2
0,61,0x0000000100000024,31,1,64881,20894,0,2111,0,41838,919,482,13,0,2
0,61,0x0000000200000130,32,1,18233,7808,0,1826,0,13838,2681,213,15,0,2
0,61,0x0000000200000130,32,1,16529,7808,0,2562,0,12014,2663,206,0,0,2
0,20,0x0000000100000006,2,0,27520,0,23996,1610,6323,15262,0,292,16,595,2
0,20,0x0000000100000018,15,0,59601,0,17136,3209,26140,54763,0,827,26,3244,2
0,20,0x0000000100000013,10,0,87960,0,34272,2737,55317,86123,0,1278,14,3997,2
0,20,0x0000000100000015,12,0,318111,0,117504,4304,169191,313186,0,2622,17,17294,2
0,20,0x0000000100000015,12,0,275561,0,117504,4316,171891,272106,0,2600,0,14490,2
0,20,0x0000000100000021,24,0,44365,0,20832,2015,17898,21203,0,702,34,19258,2
0,20,0x0000000100000021,24,0,42650,0,20832,3555,18055,18546,0,657,0,19321,2
0,20,0x0000000100000021,24,0,42248,0,20832,1714,17796,20606,0,632,0,19821,2
0,20,0x0000000100000021,24,0,39147,0,20832,1953,18008,17157,0,613,0,19118,2
0,20,0x0000000200000033,28,0,35343,0,19232,1586,12307,29370,0,192,8,1260,2
0,20,0x000000020000010c,30,0,39692,0,17808,1394,8741,30344,0,165,11,7294,2
0,20,0x0000000200000014,28,0,47696,0,19232,1691,11504,43311,0,178,0,896,2
0,20,0x0000000200000002,28,0,37396,0,19232,1741,12224,31969,0,170,0,884,2
0,20,0x0000000200000128,30,0,35490,0,17808,1679,8601,27672,0,150,0,5761,2
0,20,0x00000002000000d2,30,0,36421,0,17808,1396,8790,28720,0,142,0,5822,2
0,68,0x0000000100000011,8,1,46101,3475,0,41294,0,514,524,6863,51,0,2
0,68,0x000000010000000a,5,1,5812,2641,0,1364,0,3681,1509,268,16,0,2
0,68,0x000000010000000a,5,1,4265,2666,0,1133,0,2604,1349,243,0,0,2
0,68,0x000000010000001f,22,1,79828,10412,0,20462,0,51846,5133,3124,8,0,2
0,68,0x000000010000001f,22,1,24285,4240,0,17424,0,0,6257,3294,0,0,2
0,68,0x0000000100000021,25,1,42532,19470,0,2634,0,2687,8798,976,18,0,2
0,68,0x0000000100000021,25,1,40690,19470,0,3305,0,2229,8429,869,0,0,2
0,68,0x0000000100000021,25,1,40239,19470,0,2098,0,2368,8846,768,0,0,2
0,68,0x0000000100000021,25,1,37198,19448,0,2674,0,1541,7566,756,0,0,2
0,68,0x0000000100000022,26,1,98294,20536,0,5357,0,37338,46472,2070,22,0,2
0,68,0x0000000100000022,26,1,86712,20500,0,5404,0,25317,46769,2026,0,0,2
0,68,0x0000000100000023,27,1,632250,19568,0,624340,0,5269,3488,105260,25,0,2
0,68,0x0000000100000024,31,1,61989,20579,0,2047,0,39148,815,484,13,0,2
0,68,0x0000000200000130,32,1,17992,7808,0,1721,0,13553,2589,206,15,0,2
0,68,0x0000000200000130,32,1,15933,7766,0,2268,0,11270,2071,206,0,0,2
0,69,0x0000000100000011,8,1,45984,3553,0,41199,0,544,528,6886,50,0,2
0,69,0x000000010000000a,5,1,5609,2650,0,1348,0,3616,1359,269,16,0,2
0,69,0x000000010000000a,5,1,4430,2636,0,1628,0,2607,1348,254,0,0,2
0,69,0x000000010000001f,22,1,30215,4346,0,25432,0,0,6380,3322,8,0,2
0,69,0x000000010000001f,22,1,22743,4240,0,14550,0,0,6706,3273,0,0,2
0,69,0x0000000100000022,26,1,91835,20531,0,5325,0,29168,48001,2057,23,0,2
0,69,0x0000000100000022,26,1,85145,20531,0,5600,0,23928,46573,2019,0,0,2
0,69,0x0000000100000023,27,1,632161,19528,0,624173,0,4335,3674,105256,25,0,2
0,69,0x0000000100000024,31,1,59402,20599,0,2090,0,36839,817,484,13,0,2
0,69,0x0000000200000130,32,1,17732,7808,0,1786,0,13105,2921,207,15,0,2
0,69,0x0000000200000130,32,1,17345,7766,0,2082,0,11629,1970,213,0,0,2
0,24,0x0000000100000006,2,0,27297,0,23996,1181,6312,15270,0,294,18,765,2
0,24,0x0000000100000018,15,0,57645,0,17136,3279,26841,53217,0,828,27,3440,2
0,24,0x0000000100000013,10,0,88365,0,34272,2868,55572,86564,0,1278,14,3249,2
0,24,0x0000000100000015,12,0,319253,0,117504,4121,170763,314185,0,2622,17,17571,2
0,24,0x0000000100000015,12,0,278220,0,117504,3867,172118,274786,0,2600,0,14911,2
0,24,0x0000000100000021,24,0,41919,0,20832,2383,18041,18576,0,703,35,19157,2
0,24,0x0000000100000021,24,0,40351,0,20832,1929,17976,17734,0,657,0,19462,2
0,24,0x0000000100000021,24,0,42905,0,20832,1725,17901,20477,0,632,0,20125,2
0,24,0x0000000100000021,24,0,40540,0,20832,1742,17885,17452,0,613,0,19311,2
0,24,0x00000002000000ee,30,0,37333,0,17808,1348,8447,27590,0,161,12,7432,2
0,24,0x00000002000000fc,30,0,36064,0,17808,1233,8751,27491,0,155,0,5668,2
0,24,0x0000000200000013,28,0,48007,0,19232,1560,11657,42673,0,193,8,1259,2
0,24,0x0000000200000001,28,0,37019,0,19232,1981,12192,30722,0,178,0,891,2
0,24,0x0000000200000118,30,0,35277,0,17808,1448,8814,26933,0,142,0,5670,2
0,24,0x00000002000000c2,30,0,36001,0,17808,1293,8446,28693,0,141,0,5788,2
0,76,0x0000000100000011,8,1,45653,3738,0,40598,0,551,726,6871,52,0,2
0,76,0x000000010000000a,5,1,5309,2576,0,1407,0,3134,1552,269,16,0,2
0,76,0x000000010000000a,5,1,4156,2576,0,1334,0,2290,1374,243,0,0,2
0,76,0x000000010000001f,22,1,36068,4429,0,29701,0,0,7229,3320,8,0,2
0,76,0x000000010000001f,22,1,139779,24364,0,23594,0,98364,5481,4708,0,0,2
0,76,0x0000000100000021,25,1,40007,19527,0,2616,0,2025,8143,968,16,0,2
0,76,0x0000000100000021,25,1,38465,19549,0,2842,0,2036,8218,861,0,0,2
0,76,0x0000000100000021,25,1,40826,19470,0,2289,0,2297,8341,768,0,0,2
0,76,0x0000000100000021,25,1,38686,19492,0,2693,0,1817,9093,756,0,0,2
0,76,0x0000000100000022,26,1,90640,20531,0,5573,0,28388,47426,2079,22,0,2
0,76,0x0000000100000022,26,1,83247,20531,0,5683,0,20943,47508,2026,0,0,2
0,76,0x0000000100000022,26,1,80403,20514,0,5044,0,20097,46435,2017,0,0,2
0,76,0x0000000100000023,27,1,632276,19530,0,624413,0,5415,3340,105282,25,0,2
0,76,0x0000000100000024,31,1,57727,20622,0,2129,0,35413,847,475,13,0,2
0,76,0x0000000200000130,32,1,18395,7808,0,2924,0,13773,2446,206,15,0,2
0,76,0x0000000200000130,32,1,17103,7773,0,1741,0,12493,2608,206,0,0,2
0,77,0x0000000100000011,8,1,45429,3625,0,40505,0,460,669,6854,50,0,2
0,77,0x000000010000000a,5,1,5625,2648,0,1413,0,3385,1360,269,16,0,2
0,77,0x000000010000000a,5,1,4699,2618,0,1318,0,2443,1356,254,0,0,2
0,77,0x000000010000001f,22,1,86269,11125,0,21121,0,56851,5714,3181,8,0,2
0,77,0x000000010000001f,22,1,24813,4240,0,19230,0,0,5363,3294,0,0,2
0,77,0x0000000100000022,26,1,88540,20565,0,5301,0,25811,48033,2061,22,0,2
0,77,0x0000000100000022,26,1,94943,20558,0,5457,0,33490,47134,2019,0,0,2
0,77,0x0000000100000023,27,1,632162,19506,0,624218,0,4105,3387,105264,25,0,2
0,77,0x0000000100000024,31,1,64600,20563,0,2085,0,42496,831,476,12,0,2
0,77,0x0000000200000130,32,1,18145,7808,0,2644,0,13389,2859,214,15,0,2
0,77,0x0000000200000130,32,1,17008,7785,0,2500,0,12041,2720,214,0,0,2
1,1,0x0000000100000006,2,0,28451,0,23996,1663,7650,23467,0,293,17,584,2
1,1,0x0000000100000006,2,0,26648,0,23996,1211,6354,15261,0,284,0,742,2
1,1,0x0000000100000013,10,0,95609,0,34272,3176,55077,92994,0,1274,14,5279,2
1,1,0x0000000100000015,12,0,340984,0,117504,4108,169889,336269,0,2617,17,16440,2
1,1,0x0000000100000021,24,0,46576,0,20832,2538,17894,21913,0,712,35,19832,2
1,1,0x0000000100000021,24,0,39953,0,20832,2391,17988,17104,0,666,0,19868,2
1,1,0x0000000100000021,24,0,41459,0,20832,1720,17845,18961,0,631,0,19469,2
1,1,0x0000000100000021,24,0,39915,0,20832,1874,17962,18233,0,622,0,19601,2
1,1,0x0000000100000021,24,0,48481,0,20832,1992,17901,25236,0,622,0,20355,2
1,1,0x000000020000007f,28,0,37945,0,19232,2411,11810,31383,0,199,8,1596,2
1,1,0x000000020000006d,28,0,35285,0,19232,1958,12085,29786,0,178,0,878,2
1,1,0x0000000200000045,28,0,37341,0,19232,1855,11945,31247,0,170,0,907,2
1,1,0x000000020000011e,30,0,38019,0,17808,1341,8520,28130,0,165,11,7641,2
1,1,0x0000000200000022,28,0,38167,0,19232,1666,11174,33305,0,170,0,909,2
1,1,0x00000002000000ed,30,0,38281,0,17808,1007,8523,30079,0,150,0,5943,2
1,1,0x00000002000000da,30,0,37218,0,17808,1594,8799,28469,0,142,0,5762,2
1,1,0x0000000200000122,30,0,36463,0,17808,1440,8820,28138,0,141,0,5725,2
1,1,0x00000002000000e0,30,0,34823,0,17808,1498,8863,25100,0,141,0,5677,2
1,30,0x0000000100000004,0,1,41703,26668,0,2998,0,36557,127,534,17,0,2
1,30,0x0000000100000009,4,1,21908,17818,0,1840,0,639,1836,239,20,0,2
1,30,0x000000010000000a,5,1,5524,2600,0,1098,0,3746,1370,280,18,0,2
1,30,0x000000010000000a,5,1,4231,2630,0,1192,0,2564,1370,253,0,0,2
1,30,0x000000010000000b,6,1,35665,26788,0,5706,0,29858,19130,1986,17,0,2
1,30,0x0000000100000019,16,1,71892,7459,0,59109,0,3651,2085,10261,68,0,2
1,30,0x000000010000001a,17,1,91532,0,0,7654,0,44124,43296,1028,5,0,2
1,30,0x000000010000001f,22,1,37829,5946,0,31274,0,0,10541,3297,8,0,2
1,30,0x000000010000001f,22,1,23622,4240,0,17015,0,0,5853,3254,0,0,2
1,30,0x0000000100000016,13,1,1335518,96554,0,1223780,0,44348,42411,200851,45,0,2
1,30,0x0000000100000021,25,1,44659,19497,0,2912,0,3389,9316,948,19,0,2
1,30,0x0000000100000021,25,1,37982,19494,0,2429,0,1714,9083,871,0,0,2
1,30,0x0000000100000021,25,1,39646,19492,0,2477,0,1788,8116,767,0,0,2
1,30,0x0000000100000021,25,1,38024,19492,0,2293,0,1764,8702,755,0,0,2
1,30,0x0000000100000021,25,1,46568,19527,0,2272,0,2903,11880,755,0,0,2
1,30,0x0000000100000022,26,1,99262,21039,0,5744,0,35642,48202,2073,23,0,2
1,30,0x0000000100000022,26,1,83899,20536,0,5092,0,22894,47171,2026,0,0,2
1,30,0x0000000100000022,26,1,80284,20523,0,5467,0,19890,46307,2017,0,0,2
1,30,0x0000000100000023,27,1,632425,19974,0,624142,0,6635,3902,105235,25,0,2
1,30,0x00000002000000bf,29,1,21683,8373,0,2530,0,7205,3565,841,18,0,2
1,30,0x000000020000009d,29,1,21336,8196,0,2307,0,8750,3211,641,0,0,2
1,30,0x00000002000000b7,29,1,21041,8196,0,2406,0,8285,3328,610,0,0,2
1,30,0x00000002000000b5,29,1,20137,8196,0,2442,0,7482,3212,610,0,0,2
1,30,0x00000002000000b2,29,1,21912,8196,0,3350,0,8107,3986,610,0,0,2
1,30,0x0000000100000024,31,1,65297,20577,0,1848,0,43418,858,486,16,0,2
1,30,0x0000000200000130,32,1,18958,7808,0,2436,0,13585,2767,223,15,0,2
1,30,0x0000000200000130,32,1,14158,7801,0,1574,0,9727,2155,207,0,0,2
1,31,0x0000000100000004,0,1,41083,27066,0,3025,0,36026,536,535,17,0,2
1,31,0x0000000100000009,4,1,21689,17794,0,1835,0,636,1762,239,20,0,2
1,31,0x000000010000000a,5,1,5353,2609,0,1056,0,3677,1362,269,16,0,2
1,31,0x000000010000000a,5,1,4524,2636,0,1236,0,2573,1380,255,0,0,2
1,31,0x000000010000000b,6,1,36134,28024,0,5703,0,23189,18882,1991,17,0,2
1,31,0x0000000100000019,16,1,71647,7413,0,59035,0,3742,1996,10334,68,0,2
1,31,0x000000010000001f,22,1,36675,4341,0,32014,0,0,10294,3291,8,0,2
1,31,0x000000010000001f,22,1,132053,25068,0,23505,0,91114,5288,4798,0,0,2
1,31,0x0000000100000016,13,1,1333186,96301,0,1223590,0,44991,42827,200898,46,0,2
1,31,0x0000000100000022,26,1,95784,20536,0,5775,0,32462,47275,2082,23,0,2
1,31,0x0000000100000022,26,1,88110,20518,0,5372,0,26965,47073,2019,0,0,2
1,31,0x0000000100000022,26,1,85230,20500,0,5405,0,24817,46412,2002,0,0,2
1,31,0x0000000100000023,27,1,632160,19615,0,624165,0,5178,3916,105255,25,0,2
1,31,0x00000002000000af,29,1,21345,8381,0,2563,0,7023,3547,814,18,0,2
1,31,0x000000020000008d,29,1,21621,8196,0,3034,0,8266,3323,651,0,0,2
1,31,0x00000002000000a7,29,1,20867,8196,0,2457,0,8027,3375,610,0,0,2
1,31,0x00000002000000b6,29,1,21488,8196,0,2932,0,8027,3528,610,0,0,2
1,31,0x00000002000000a2,29,1,21448,8196,0,2546,0,8117,3784,610,0,0,2
1,31,0x0000000100000024,31,1,68578,20579,0,1866,0,46851,849,478,16,0,2
1,31,0x0000000200000130,32,1,18719,7808,0,2391,0,13702,2653,231,15,0,2
1,31,0x0000000200000130,32,1,15025,7799,0,1433,0,10570,2025,207,0,0,2
1,5,0x0000000100000006,2,0,28280,0,23996,1471,7550,23711,0,287,18,913,2
1,5,0x0000000100000006,2,0,26752,0,23996,1114,6298,15232,0,284,0,709,2
1,5,0x0000000100000013,10,0,95865,0,34272,3357,55016,93060,0,1274,14,5474,2
1,5,0x0000000100000015,12,0,335884,0,117504,4192,170669,329845,0,2624,17,16657,2
1,5,0x0000000100000021,24,0,42253,0,20832,1802,17907,17906,0,693,36,19965,2
1,5,0x0000000100000021,24,0,41150,0,20832,2250,17974,17460,0,654,0,19843,2
1,5,0x0000000100000021,24,0,41449,0,20832,1906,17907,18651,0,624,0,19733,2
1,5,0x0000000100000021,24,0,41234,0,20832,1937,17896,18217,0,613,0,19583,2
1,5,0x0000000100000021,24,0,45931,0,20832,1763,17923,23130,0,613,0,20904,2
1,5,0x000000020000007c,28,0,35379,0,19232,1931,12171,28328,0,199,8,1383,2
1,5,0x000000020000006c,28,0,35517,0,19232,1643,12109,29620,0,178,0,860,2
1,5,0x0000000200000044,28,0,34572,0,19232,1664,12001,28603,0,170,0,885,2
1,5,0x000000020000003c,28,0,34476,0,19232,1607,11837,29429,0,170,0,891,2
1,5,0x00000002000000de,30,0,40010,0,17808,1460,8602,30406,0,165,11,7679,2
1,5,0x000000020000000c,28,0,44766,0,19232,1872,11659,39559,0,170,0,866,2
1,5,0x00000002000000ca,30,0,36813,0,17808,1607,8618,28301,0,150,0,6149,2
1,5,0x00000002000000e5,30,0,34930,0,17808,1052,8719,27395,0,142,0,5743,2
1,5,0x00000002000000d0,30,0,34838,0,17808,1255,8625,25016,0,141,0,5720,2
1,38,0x0000000100000009,4,1,20554,17194,0,1137,0,616,2014,257,24,0,2
1,38,0x000000010000000a,5,1,5354,2591,0,1271,0,3129,1388,269,16,0,2
1,38,0x000000010000000a,5,1,4129,2652,0,997,0,2576,1370,255,0,0,2
1,38,0x0000000100000014,11,1,12445,7857,0,2883,0,3360,2511,602,34,0,2
1,38,0x000000010000001f,22,1,91335,11834,0,21694,0,61207,5383,3267,8,0,2
1,38,0x000000010000001f,22,1,26193,4240,0,16815,0,0,8771,3293,0,0,2
1,38,0x0000000100000016,13,1,1334049,96273,0,1223744,0,44505,42846,200940,49,0,2
1,38,0x0000000100000021,25,1,40636,19514,0,2936,0,2054,8508,981,19,0,2
1,38,0x0000000100000021,25,1,39057,19470,0,2689,0,2206,8140,880,0,0,2
1,38,0x0000000100000021,25,1,39677,19470,0,2497,0,2656,8353,766,0,0,2
1,38,0x0000000100000021,25,1,39266,19514,0,2144,0,1792,8896,755,0,0,2
1,38,0x0000000100000021,25,1,44194,19470,0,2414,0,1925,8389,755,0,0,2
1,38,0x0000000100000022,26,1,98455,20589,0,5632,0,36267,46832,2081,23,0,2
1,38,0x0000000100000022,26,1,92842,20531,0,5415,0,30283,46837,2026,0,0,2
1,38,0x0000000100000022,26,1,84394,20548,0,5036,0,24100,46647,2017,0,0,2
1,38,0x0000000100000023,27,1,632290,19568,0,624354,0,6035,3522,105259,25,0,2
1,38,0x000000020000009f,29,1,20785,8405,0,2370,0,7193,3231,840,18,0,2
1,38,0x0000000200000097,29,1,21916,8196,0,2491,0,8952,3439,657,0,0,2
1,38,0x00000002000000a6,29,1,30712,8196,0,2491,0,17377,3829,610,0,0,2
1,38,0x00000002000000b3,29,1,22019,8196,0,3167,0,8404,3440,610,0,0,2
1,38,0x0000000100000024,31,1,65214,20563,0,1874,0,43507,860,494,15,0,2
1,38,0x0000000200000130,32,1,18676,7808,0,2594,0,13415,2953,224,15,0,2
1,38,0x0000000200000130,32,1,17325,7801,0,1663,0,13223,2700,207,0,0,2
1,39,0x0000000100000009,4,1,20373,17050,0,1200,0,620,1883,250,24,0,2
1,39,0x000000010000000a,5,1,5865,2598,0,1348,0,3571,1373,269,16,0,2
1,39,0x000000010000000a,5,1,4393,2643,0,1015,0,2646,1369,254,0,0,2
1,39,0x0000000100000014,11,1,12635,7754,0,2927,0,3365,2579,635,34,0,2
1,39,0x000000010000001f,22,1,28376,4371,0,21406,0,0,7925,3285,8,0,2
1,39,0x000000010000001f,22,1,25930,4240,0,16887,0,0,8477,3258,0,0,2
1,39,0x0000000100000016,13,1,1334996,96784,0,1223731,0,40733,41619,200891,48,0,2
1,39,0x0000000100000022,26,1,94151,20624,0,5695,0,30794,48520,2066,23,0,2
1,39,0x0000000100000022,26,1,88031,20554,0,5154,0,26094,46867,2019,0,0,2
1,39,0x0000000100000022,26,1,82908,20500,0,5238,0,22931,46325,2002,0,0,2
1,39,0x0000000100000023,27,1,632196,19506,0,624211,0,5289,3762,105263,25,0,2
1,39,0x000000020000008f,29,1,20677,8317,0,2659,0,6907,3318,824,18,0,2
1,39,0x0000000200000087,29,1,22486,8196,0,2362,0,9741,3363,657,0,0,2
1,39,0x0000000200000096,29,1,30798,8196,0,2979,0,16686,4127,610,0,0,2
1,39,0x0000000200000092,29,1,21466,8196,0,2173,0,8592,3700,610,0,0,2
1,39,0x0000000100000024,31,1,65641,20579,0,2331,0,43425,809,499,13,0,2
1,39,0x0000000200000130,32,1,18202,7808,0,2124,0,13729,2733,231,15,0,2
1,39,0x0000000200000130,32,1,17374,7801,0,1880,0,12810,2831,207,0,0,2
1,9,0x0000000100000006,2,0,28646,0,23996,1590,7420,23136,0,287,18,1131,2
1,9,0x0000000100000006,2,0,26354,0,23996,896,6298,15259,0,284,0,544,2
1,9,0x0000000100000013,10,0,94074,0,34272,3244,54675,91291,0,1256,14,5154,2
1,9,0x0000000100000018,15,0,49757,0,17136,2455,27561,47707,0,834,27,3025,2
1,9,0x0000000100000015,12,0,341446,0,117504,4187,169686,335718,0,2604,17,16625,2
1,9,0x0000000100000021,24,0,42986,0,20832,2049,17996,18706,0,700,35,19812,2
1,9,0x0000000100000021,24,0,40075,0,20832,2205,17989,16577,0,663,0,19802,2
1,9,0x0000000100000021,24,0,41611,0,20832,1719,17879,19215,0,633,0,19235,2
1,9,0x0000000100000021,24,0,41249,0,20832,1946,18010,18704,0,622,0,19532,2
1,9,0x0000000100000021,24,0,42262,0,20832,1708,17946,19883,0,622,0,20438,2
1,9,0x0000000200000077,28,0,37895,0,19232,2199,11287,31914,0,206,8,1268,2
1,9,0x0000000200000064,28,0,37259,0,19232,1446,11413,32884,0,178,0,974,2
1,9,0x0000000200000043,28,0,35894,0,19232,2475,11988,29086,0,170,0,873,2
1,9,0x000000020000003b,28,0,34779,0,19232,1382,12027,29488,0,170,0,880,2
1,9,0x0000000200000032,28,0,37662,0,19232,2184,12202,31696,0,170,0,883,2
1,9,0x000000020000012d,30,0,46017,0,17808,2830,8434,37920,0,165,11,7274,2
1,9,0x0000000200000129,30,0,35872,0,17808,1693,8631,27329,0,150,0,5783,2
1,9,0x00000002000000d5,30,0,34373,0,17808,1012,8609,26435,0,142,0,5728,2
1,9,0x00000002000000c0,30,0,34666,0,17808,1457,8630,26074,0,141,0,5666,2
1,46,0x0000000100000009,4,1,20132,16781,0,1610,0,624,1903,250,24,0,2
1,46,0x000000010000000a,5,1,5431,2559,0,1327,0,3161,1352,269,16,0,2
1,46,0x000000010000000a,5,1,4057,2605,0,1011,0,2448,1349,255,0,0,2
1,46,0x000000010000001f,22,1,29416,4376,0,20894,0,0,7549,3302,8,0,2
1,46,0x000000010000001f,22,1,134777,25772,0,23284,0,93319,5244,4871,0,0,2
1,46,0x0000000100000016,13,1,1332652,96281,0,1223922,0,44375,42038,200938,48,0,2
1,46,0x0000000100000021,25,1,41075,19505,0,2425,0,2289,8675,979,18,0,2
1,46,0x0000000100000021,25,1,38118,19505,0,2408,0,1874,7835,875,0,0,2
1,46,0x0000000100000021,25,1,39762,19487,0,2385,0,1802,8651,766,0,0,2
1,46,0x0000000100000021,25,1,39396,19531,0,2590,0,1870,9315,755,0,0,2
1,46,0x0000000100000021,25,1,40451,19492,0,2141,0,3514,9228,755,0,0,2
1,46,0x0000000100000022,26,1,91471,20913,0,5770,0,28388,48267,2089,23,0,2
1,46,0x0000000100000022,26,1,90010,20590,0,5155,0,29376,46849,2026,0,0,2
1,46,0x0000000100000022,26,1,81988,20464,0,5247,0,22218,46358,2017,0,0,2
1,46,0x0000000100000023,27,1,632061,19563,0,624176,0,5833,3698,105259,25,0,2
1,46,0x00000002000000be,29,1,21373,8322,0,2854,0,7761,3488,842,18,0,2
1,46,0x00000002000000b8,29,1,27201,8196,0,2267,0,14458,3493,657,0,0,2
1,46,0x00000002000000a5,29,1,21461,8196,0,2442,0,8717,3301,610,0,0,2
1,46,0x00000002000000a3,29,1,20504,8196,0,2187,0,7960,3356,610,0,0,2
1,46,0x0000000100000024,31,1,61247,20579,0,2081,0,39128,886,486,14,0,2
1,46,0x0000000200000130,32,1,18115,7801,0,2591,0,13643,2525,224,15,0,2
1,46,0x0000000200000130,32,1,17045,7801,0,1819,0,12788,2477,207,0,0,2
1,47,0x0000000100000009,4,1,19870,16812,0,1663,0,675,1506,243,24,0,2
1,47,0x000000010000000a,5,1,5482,2653,0,1357,0,3244,1349,269,16,0,2
1,47,0x000000010000000a,5,1,4205,2621,0,1003,0,2524,1347,254,0,0,2
1,47,0x000000010000001f,22,1,95326,12496,0,15646,0,67628,5335,3360,8,0,2
1,47,0x000000010000001f,22,1,20053,4240,0,12857,0,0,5424,3281,0,0,2
1,47,0x0000000100000016,13,1,1333782,96414,0,1223928,0,45339,40917,200896,49,0,2
1,47,0x0000000100000022,26,1,93510,20589,0,5351,0,31459,47923,2066,23,0,2
1,47,0x0000000100000022,26,1,89130,20562,0,5381,0,28005,47031,2019,0,0,2
1,47,0x0000000100000022,26,1,82608,20472,0,5078,0,22806,46409,2002,0,0,2
1,47,0x0000000100000023,27,1,632529,19710,0,624392,0,4372,3651,105247,25,0,2
1,47,0x00000002000000ae,29,1,21096,8333,0,2383,0,7617,3819,843,18,0,2
1,47,0x00000002000000a8,29,1,25384,8196,0,2677,0,12293,3409,657,0,0,2
1,47,0x0000000200000095,29,1,21933,8196,0,2577,0,9108,3246,610,0,0,2
1,47,0x00000002000000b1,29,1,21141,8196,0,2933,0,8050,3123,610,0,0,2
1,47,0x0000000100000024,31,1,60736,20638,0,1858,0,38955,812,491,12,0,2
1,47,0x0000000200000130,32,1,18295,7801,0,2729,0,13512,2673,232,15,0,2
1,47,0x0000000200000130,32,1,16599,7808,0,1663,0,12419,2669,206,0,0,2
1,13,0x0000000100000006,2,0,28336,0,23996,1344,7326,23405,0,280,18,969,2
1,13,0x0000000100000006,2,0,26376,0,23996,906,6298,15185,0,277,0,455,2
1,13,0x0000000100000013,10,0,95610,0,34272,3275,54720,93294,0,1256,14,3177,2
1,13,0x0000000100000018,15,0,50192,0,17136,2471,27179,48327,0,834,27,3997,2
1,13,0x0000000100000015,12,0,344520,0,117504,4189,171053,337789,0,2618,17,19443,2
1,13,0x0000000100000021,24,0,41532,0,20832,2011,18000,17522,0,690,35,20035,2
1,13,0x0000000100000021,24,0,41346,0,20832,2165,17899,17537,0,646,0,19509,2
1,13,0x0000000100000021,24,0,41532,0,20832,1685,17900,19269,0,624,0,19677,2
1,13,0x0000000100000021,24,0,41906,0,20832,2094,17948,18522,0,613,0,19528,2
1,13,0x0000000100000021,24,0,45205,0,20832,1706,17810,23775,0,613,0,20520,2
1,13,0x0000000200000071,28,0,35258,0,19232,2215,12306,27888,0,199,8,1359,2
1,13,0x000000020000005a,28,0,36689,0,19232,1381,11765,31528,0,178,0,878,2
1,13,0x00000002000000ff,30,0,38961,0,17808,1307,8600,28300,0,165,11,7422,2
1,13,0x0000000200000037,28,0,37015,0,19232,1824,11422,32353,0,170,0,894,2
1,13,0x0000000200000021,28,0,38177,0,19232,2816,11912,33113,0,170,0,886,2
1,13,0x000000020000000b,28,0,43063,0,19232,1466,11667,38217,0,170,0,893,2
1,13,0x0000000200000119,30,0,36688,0,17808,1444,8482,29786,0,150,0,5962,2
1,13,0x00000002000000c5,30,0,34889,0,17808,1613,8690,27366,0,142,0,5745,2
1,54,0x0000000100000009,4,1,20306,16795,0,1447,0,694,2048,243,24,0,2
1,54,0x000000010000000a,5,1,5266,2559,0,1307,0,2910,1382,269,16,0,2
1,54,0x000000010000000a,5,1,4205,2672,0,1055,0,2505,1369,255,0,0,2
1,54,0x000000010000001f,22,1,29995,4962,0,19662,0,0,7640,3293,8,0,2
1,54,0x000000010000001f,22,1,19760,4240,0,12555,0,0,5643,3258,0,0,2
1,54,0x0000000100000016,13,1,1334494,96262,0,1223865,0,43156,41293,200876,49,0,2
1,54,0x0000000100000021,25,1,39794,19483,0,2350,0,2872,9213,963,17,0,2
1,54,0x0000000100000021,25,1,39501,19470,0,2399,0,2115,9148,868,0,0,2
1,54,0x0000000100000021,25,1,39731,19470,0,2480,0,2432,8653,767,0,0,2
1,54,0x0000000100000021,25,1,39998,19448,0,2410,0,2252,8134,755,0,0,2
1,54,0x0000000100000021,25,1,43469,19527,0,2127,0,2675,9053,755,0,0,2
1,54,0x0000000100000022,26,1,93615,20545,0,5424,0,30713,48114,2079,21,0,2
1,54,0x0000000100000022,26,1,87778,20530,0,5132,0,26869,47008,2026,0,0,2
1,54,0x0000000100000022,26,1,83073,20518,0,5276,0,21921,46718,2017,0,0,2
1,54,0x0000000100000023,27,1,632147,19598,0,624167,0,6066,3585,105243,25,0,2
1,54,0x000000020000009e,29,1,22229,8293,0,3490,0,8193,3694,866,18,0,2
1,54,0x0000000200000098,29,1,23031,8196,0,2237,0,10095,3716,657,0,0,2
1,54,0x0000000200000086,29,1,34642,8196,0,3843,0,20039,3709,610,0,0,2
1,54,0x00000002000000a1,29,1,21357,8196,0,2602,0,8338,3416,610,0,0,2
1,54,0x0000000100000024,31,1,64004,20579,0,2079,0,41941,828,482,15,0,2
1,54,0x0000000200000130,32,1,18015,7801,0,2443,0,13457,2751,223,15,0,2
1,54,0x0000000200000130,32,1,17468,7808,0,2596,0,13273,2472,206,0,0,2
1,55,0x0000000100000009,4,1,19899,16784,0,1435,0,640,1616,243,24,0,2
1,55,0x000000010000000a,5,1,5379,2606,0,1315,0,3150,1364,269,16,0,2
1,55,0x000000010000000a,5,1,4315,2648,0,1024,0,2580,1364,254,0,0,2
1,55,0x000000010000001f,22,1,29289,4385,0,18720,0,0,9366,3290,8,0,2
1,55,0x000000010000001f,22,1,140617,26476,0,23441,0,98321,5189,4901,0,0,2
1,55,0x0000000100000016,13,1,1330847,96519,0,1223640,0,43520,43091,200937,49,0,2
1,55,0x0000000100000022,26,1,98935,20825,0,5375,0,35632,47535,2072,21,0,2
1,55,0x0000000100000022,26,1,87362,20523,0,5334,0,25162,46798,2019,0,0,2
1,55,0x0000000100000022,26,1,82272,20523,0,5277,0,21846,46719,2002,0,0,2
1,55,0x0000000100000023,27,1,632384,19509,0,624383,0,4884,3917,105255,25,0,2
1,55,0x000000020000008e,29,1,21819,8292,0,2440,0,8436,3719,830,18,0,2
1,55,0x0000000200000088,29,1,25919,8196,0,2747,0,12479,3693,658,0,0,2
1,55,0x0000000200000085,29,1,20624,8196,0,2292,0,8111,3220,610,0,0,2
1,55,0x0000000200000091,29,1,22955,8196,0,3007,0,9421,3495,610,0,0,2
1,55,0x0000000100000024,31,1,60355,20579,0,1954,0,38475,833,489,15,0,2
1,55,0x0000000200000130,32,1,18034,7801,0,2537,0,13177,2824,231,15,0,2
1,55,0x0000000200000130,32,1,17208,7808,0,2274,0,12980,2758,207,0,0,2
1,17,0x0000000100000006,2,0,28814,0,23996,1870,8368,21913,0,286,17,1037,2
1,17,0x0000000100000013,10,0,95123,0,34272,2960,54305,92887,0,1250,14,4040,2
1,17,0x0000000100000018,15,0,50232,0,17136,2462,27114,48207,0,834,27,4132,2
1,17,0x0000000100000015,12,0,333590,0,117504,4164,171595,328630,0,2616,17,16167,2
1,17,0x0000000100000021,24,0,47188,0,20832,2349,17909,22241,0,695,35,19861,2
1,17,0x0000000100000021,24,0,40495,0,20832,1991,17850,17116,0,654,0,19461,2
1,17,0x0000000100000021,24,0,40833,0,20832,1939,17974,17877,0,624,0,19623,2
1,17,0x0000000100000021,24,0,39641,0,20832,1683,17877,17853,0,613,0,19270,2
1,17,0x0000000100000021,24,0,48728,0,20832,2740,17841,25924,0,613,0,21185,2
1,17,0x0000000200000070,28,0,36197,0,19232,1980,12325,29792,0,199,8,1264,2
1,17,0x0000000200000059,28,0,35290,0,19232,2250,12224,29058,0,178,0,873,2
1,17,0x000000020000012f,30,0,39047,0,17808,1136,8279,28656,0,165,11,7838,2
1,17,0x000000020000003a,28,0,34590,0,19232,1803,12161,29015,0,170,0,863,2
1,17,0x00000002000000ce,30,0,35148,0,17808,1169,8590,27360,0,150,0,5622,2
1,17,0x000000020000011d,30,0,41740,0,17808,3189,8582,33305,0,142,0,5752,2
1,17,0x0000000200000000,28,0,35365,0,19232,1461,12114,30258,0,169,0,870,2
1,17,0x0000000200000117,30,0,35066,0,17808,1612,8700,26619,0,142,0,5746,2
1,17,0x0000000200000124,30,0,34898,0,17808,1443,8696,26662,0,141,0,5723,2
1,62,0x0000000100000009,4,1,21196,17415,0,2106,0,638,1695,257,24,0,2
1,62,0x000000010000000a,5,1,4829,2592,0,1107,0,3076,1367,269,16,0,2
1,62,0x000000010000000a,5,1,5246,2608,0,1187,0,3584,1349,254,0,0,2
1,62,0x000000010000001f,22,1,97111,13884,0,20017,0,66755,5219,3402,8,0,2
1,62,0x000000010000001f,22,1,22419,4240,0,15134,0,0,5927,3296,0,0,2
1,62,0x0000000100000016,13,1,1332809,96409,0,1223611,0,44442,42730,200926,48,0,2
1,62,0x0000000100000021,25,1,45128,19540,0,2928,0,2772,11309,961,17,0,2
1,62,0x0000000100000021,25,1,38605,19526,0,2167,0,2014,9672,883,0,0,2
1,62,0x0000000100000021,25,1,38844,19448,0,2564,0,2321,8781,767,0,0,2
1,62,0x0000000100000021,25,1,37745,19470,0,2083,0,2544,8345,755,0,0,2
1,62,0x0000000100000021,25,1,46841,19526,0,2858,0,4236,11202,755,0,0,2
1,62,0x0000000100000022,26,1,95488,20544,0,5482,0,31704,47694,2080,22,0,2
1,62,0x0000000100000022,26,1,92451,20553,0,5375,0,32413,46698,2017,0,0,2
1,62,0x0000000100000022,26,1,84605,20526,0,5049,0,24558,46805,2017,0,0,2
1,62,0x0000000100000023,27,1,632308,19550,0,624374,0,5955,3772,105251,25,0,2
1,62,0x0000000100000024,31,1,66322,20544,0,1930,0,44398,822,473,14,0,2
1,62,0x0000000200000130,32,1,18266,7808,0,2318,0,13512,2637,223,15,0,2
1,62,0x0000000200000130,32,1,16842,7787,0,2397,0,12936,2295,205,0,0,2
1,63,0x0000000100000009,4,1,21375,17558,0,2089,0,672,1723,250,24,0,2
1,63,0x000000010000000a,5,1,4734,2666,0,1085,0,3026,1359,269,16,0,2
1,63,0x000000010000000a,5,1,5074,2591,0,1159,0,3437,1348,254,0,0,2
1,63,0x000000010000001f,22,1,31599,4359,0,24850,0,0,7976,3286,8,0,2
1,63,0x000000010000001f,22,1,23644,4240,0,17157,0,0,5870,3258,0,0,2
1,63,0x0000000100000016,13,1,1333953,96795,0,1223543,0,44580,41806,200852,48,0,2
1,63,0x0000000100000022,26,1,94667,20531,0,5447,0,30986,47626,2066,23,0,2
1,63,0x0000000100000022,26,1,90472,20514,0,5165,0,29249,47027,2010,0,0,2
1,63,0x0000000100000022,26,1,83543,20531,0,5509,0,23109,46337,2002,0,0,2
1,63,0x0000000100000023,27,1,632189,19554,0,624176,0,4117,3796,105247,25,0,2
1,63,0x0000000100000024,31,1,67173,20773,0,2473,0,44495,832,474,15,0,2
1,63,0x0000000200000130,32,1,17944,7808,0,2195,0,13525,2754,230,15,0,2
1,63,0x0000000200000130,32,1,16822,7787,0,2256,0,12296,2375,214,0,0,2
1,21,0x0000000100000006,2,0,28538,0,23996,1758,7876,21446,0,287,18,888,2
1,21,0x0000000100000013,10,0,96023,0,34272,2955,53329,93991,0,1242,14,3271,2
1,21,0x0000000100000018,15,0,49713,0,17136,2457,27453,47673,0,834,27,4011,2
1,21,0x0000000100000015,12,0,332611,0,117504,4062,171184,328272,0,2600,17,16565,2
1,21,0x0000000100000015,12,0,274807,0,117504,4482,173213,271218,0,2581,0,14434,2
1,21,0x0000000100000021,24,0,46627,0,20832,2340,17893,22026,0,693,34,20118,2
1,21,0x0000000100000021,24,0,40803,0,20832,2371,17985,17423,0,646,0,19324,2
1,21,0x0000000100000021,24,0,40480,0,20832,1710,17962,18275,0,631,0,19802,2
1,21,0x0000000100000021,24,0,44500,0,20832,3218,17985,20737,0,613,0,19542,2
1,21,0x0000000100000021,24,0,46647,0,20832,1704,17942,24565,0,613,0,20817,2
1,21,0x000000020000006b,28,0,35789,0,19232,2069,12260,28628,0,192,8,1374,2
1,21,0x000000020000011f,30,0,38539,0,17808,1162,8375,28732,0,165,11,7882,2
1,21,0x000000020000012e,30,0,37093,0,17808,2403,8863,27057,0,150,0,5720,2
1,21,0x0000000200000031,28,0,36404,0,19232,2108,12149,30436,0,178,0,890,2
1,21,0x000000020000000a,28,0,43567,0,19232,4835,11831,35893,0,170,0,882,2
1,21,0x000000020000012b,30,0,35975,0,17808,1172,8786,27960,0,142,0,5789,2
1,21,0x0000000200000107,30,0,35673,0,17808,1361,8729,27248,0,141,0,5686,2
1,21,0x0000000200000114,30,0,34753,0,17808,1335,8408,26959,0,141,0,5757,2
1,70,0x0000000100000009,4,1,20418,17182,0,2237,0,724,1604,250,24,0,2
1,70,0x000000010000000a,5,1,4545,2641,0,1078,0,2716,1362,269,16,0,2
1,70,0x000000010000000a,5,1,4881,2557,0,1136,0,2876,1328,254,0,0,2
1,70,0x000000010000001f,22,1,30960,4361,0,23397,0,0,7467,3288,8,0,2
1,70,0x0000000100000016,13,1,1328736,96801,0,1223668,0,35912,42629,200866,49,0,2
1,70,0x0000000100000021,25,1,44728,19503,0,2779,0,2553,10916,958,17,0,2
1,70,0x0000000100000021,25,1,38959,19492,0,2747,0,2489,7811,876,0,0,2
1,70,0x0000000100000021,25,1,38580,19492,0,2119,0,2146,8008,767,0,0,2
1,70,0x0000000100000021,25,1,42747,19540,0,2705,0,2240,9336,755,0,0,2
1,70,0x0000000100000021,25,1,44662,19503,0,2117,0,4294,10339,755,0,0,2
1,70,0x0000000100000022,26,1,94562,20536,0,5571,0,31292,47149,2087,21,0,2
1,70,0x0000000100000022,26,1,87167,20565,0,5097,0,26119,47042,2026,0,0,2
1,70,0x0000000100000022,26,1,84484,20514,0,5250,0,23969,46327,2017,0,0,2
1,70,0x0000000100000023,27,1,632012,19487,0,624153,0,5183,3785,105259,25,0,2
1,70,0x0000000100000024,31,1,64333,20544,0,2223,0,41793,821,468,14,0,2
1,70,0x0000000200000130,32,1,17695,7808,0,2104,0,13260,2756,223,15,0,2
1,70,0x0000000200000130,32,1,16779,7780,0,3041,0,9891,2157,205,0,0,2
1,71,0x0000000100000009,4,1,20592,16811,0,2399,0,850,1829,243,24,0,2
1,71,0x000000010000000a,5,1,4531,2660,0,1127,0,2787,1337,269,16,0,2
1,71,0x000000010000000a,5,1,4949,2657,0,1172,0,2990,1335,254,0,0,2
1,71,0x000000010000001f,22,1,102710,13928,0,18961,0,72048,5378,3513,8,0,2
1,71,0x0000000100000016,13,1,1330841,96408,0,1223733,0,40984,40930,200882,49,0,2
1,71,0x0000000100000022,26,1,93752,20562,0,5504,0,30078,48162,2073,22,0,2
1,71,0x0000000100000022,26,1,86124,20490,0,5285,0,24894,46651,2010,0,0,2
1,71,0x0000000100000022,26,1,83236,20490,0,5034,0,23052,46473,2002,0,0,2
1,71,0x0000000100000023,27,1,632341,19486,0,624437,0,3947,3635,105269,25,0,2
1,71,0x0000000100000023,27,1,631222,19287,0,624018,0,5498,3328,105195,0,0,2
1,71,0x0000000100000024,31,1,63237,20560,0,2162,0,40806,855,468,15,0,2
1,71,0x0000000200000130,32,1,17538,7809,0,1974,0,13030,2800,230,15,0,2
1,71,0x0000000200000130,32,1,16383,7759,0,1951,0,11254,2337,213,0,0,2
1,25,0x0000000100000006,2,0,28838,0,23996,1583,8199,22637,0,287,18,544,2
1,25,0x0000000100000013,10,0,94878,0,34272,3104,55599,92810,0,1250,14,3239,2
1,25,0x0000000100000018,15,0,51047,0,17136,2502,26710,48967,0,833,26,2914,2
1,25,0x0000000100000015,12,0,333102,0,117504,4252,170934,328238,0,2603,17,17057,2
1,25,0x0000000100000021,24,0,46384,0,20832,2078,17900,21632,0,695,35,20392,2
1,25,0x0000000100000021,24,0,41026,0,20832,2209,18006,17416,0,654,0,19670,2
1,25,0x0000000100000021,24,0,40894,0,20832,1762,18028,17618,0,632,0,20291,2
1,25,0x0000000100000021,24,0,40505,0,20832,2033,17918,18085,0,613,0,19582,2
1,25,0x0000000200000069,28,0,36024,0,19232,2443,12327,29095,0,192,8,1447,2
1,25,0x000000020000010f,30,0,38859,0,17808,1347,8536,28887,0,165,11,7984,2
1,25,0x0000000200000039,28,0,35392,0,19232,1554,12130,29451,0,178,0,948,2
1,25,0x0000000200000030,28,0,36524,0,19232,1919,12255,30311,0,170,0,892,2
1,25,0x000000020000010d,30,0,40129,0,17808,1982,8388,33239,0,150,0,5742,2
1,25,0x000000020000011b,30,0,36321,0,17808,1362,8788,29133,0,142,0,5772,2
1,25,0x00000002000000f7,30,0,35014,0,17808,1190,8713,27057,0,141,0,5781,2
1,25,0x0000000200000104,30,0,34720,0,17808,1288,8680,27327,0,141,0,5825,2
1,78,0x0000000100000009,4,1,20880,17188,0,1477,0,787,1939,250,24,0,2
1,78,0x000000010000000a,5,1,4633,2563,0,1105,0,2385,1368,269,16,0,2
1,78,0x000000010000000a,5,1,5266,2582,0,1160,0,2579,1382,254,0,0,2
1,78,0x000000010000001f,22,1,34387,4747,0,31286,0,0,6823,3300,8,0,2
1,78,0x0000000100000016,13,1,1334427,96407,0,1223727,0,46312,42428,200882,49,0,2
1,78,0x0000000100000021,25,1,44532,19527,0,2607,0,3905,9359,949,16,0,2
1,78,0x0000000100000021,25,1,39112,19470,0,2414,0,2306,8508,868,0,0,2
1,78,0x0000000100000021,25,1,38923,19448,0,2152,0,2455,7522,767,0,0,2
1,78,0x0000000100000021,25,1,38646,19448,0,2774,0,1760,7286,755,0,0,2
1,78,0x0000000100000022,26,1,94021,20532,0,5424,0,31492,47453,2089,23,0,2
1,78,0x0000000100000022,26,1,83345,20540,0,5395,0,21655,47180,2026,0,0,2
1,78,0x0000000100000022,26,1,85346,20489,0,5135,0,24955,46431,2017,0,0,2
1,78,0x0000000100000023,27,1,632264,19520,0,624365,0,5562,3529,105258,25,0,2
1,78,0x0000000100000023,27,1,631281,19287,0,624069,0,3916,3390,105203,0,0,2
1,78,0x0000000100000024,31,1,65010,20563,0,2143,0,42735,801,469,16,0,2
1,78,0x0000000200000130,32,1,17998,7808,0,2715,0,13522,2606,223,15,0,2
1,78,0x0000000200000130,32,1,16112,7759,0,2144,0,10592,2052,205,0,0,2
1,79,0x0000000100000009,4,1,20943,16847,0,1464,0,725,2294,243,24,0,2
1,79,0x000000010000000a,5,1,4838,2595,0,1354,0,2615,1370,269,16,0,2
1,79,0x000000010000001f,22,1,41419,4433,0,37515,0,0,6189,3290,8,0,2
1,79,0x0000000100000016,13,1,1333779,96542,0,1223600,0,45914,43691,200834,50,0,2
1,79,0x0000000100000022,26,1,93427,20562,0,5483,0,29938,48773,2073,22,0,2
1,79,0x0000000100000022,26,1,91631,20526,0,5070,0,30209,47365,2019,0,0,2
1,79,0x0000000100000022,26,1,84764,20526,0,5331,0,24231,46619,2002,0,0,2
1,79,0x0000000100000023,27,1,632371,19498,0,624417,0,3984,3505,105262,25,0,2
1,79,0x0000000100000023,27,1,631495,19287,0,624283,0,5785,3741,105195,0,0,2
1,79,0x0000000100000024,31,1,71441,20579,0,1941,0,49781,836,472,14,0,2
1,79,0x0000000200000130,32,1,17929,7808,0,2626,0,13039,2887,231,15,0,2
1,79,0x0000000200000130,32,1,17235,7759,0,3010,0,11399,2066,214,0,0,2
2,2,0x0000000100000006,2,0,26750,0,23996,1054,8934,21544,0,287,18,325,2
2,2,0x0000000100000013,10,0,95021,0,34272,3067,54990,92663,0,1256,14,5285,2
2,2,0x0000000100000015,12,0,339455,0,117504,4196,169671,333720,0,2609,17,16824,2
2,2,0x0000000100000021,24,0,46208,0,20832,2545,18013,21078,0,703,35,20267,2
2,2,0x0000000100000021,24,0,40104,0,20832,1900,18007,16806,0,654,0,20013,2
2,2,0x0000000100000021,24,0,41232,0,20832,2252,17915,17906,0,624,0,19481,2
2,2,0x0000000100000021,24,0,40267,0,20832,1705,18041,18593,0,613,0,19435,2
2,2,0x0000000100000021,24,0,48218,0,20832,1918,17920,25745,0,613,0,20680,2
2,2,0x000000020000007d,28,0,35799,0,19232,2244,12397,28285,0,192,8,1419,2
2,2,0x0000000200000068,28,0,34467,0,19232,1929,12126,28648,0,178,0,866,2
2,2,0x0000000200000057,28,0,35410,0,19232,1357,11362,30918,0,170,0,863,2
2,2,0x0000000200000049,28,0,38608,0,19232,1880,12041,33885,0,170,0,871,2
2,2,0x0000000200000029,28,0,37462,0,19232,1394,12201,32496,0,170,0,942,2
2,2,0x00000002000000cc,30,0,45014,0,17808,1262,8449,36143,0,170,11,7972,2
2,2,0x00000002000000fa,30,0,35083,0,17808,1064,8554,26936,0,155,0,5732,2
2,2,0x0000000200000116,30,0,36366,0,17808,1541,8927,27903,0,142,0,6075,2
2,2,0x00000002000000f4,30,0,34666,0,17808,1308,8674,27053,0,141,0,5808,2
2,2,0x0000000200000101,30,0,37740,0,17808,1473,8568,29891,0,141,0,5729,2
2,32,0x0000000100000005,1,1,11370,1839,0,1783,0,0,6841,148,9,0,2
2,32,0x0000000100000011,8,1,45491,3635,0,40007,0,346,434,6743,45,0,2
2,32,0x000000010000000a,5,1,4958,2623,0,1320,0,2943,1542,284,18,0,2
2,32,0x000000010000000a,5,1,5227,2594,0,1141,0,3102,1381,255,0,0,2
2,32,0x000000010000000b,6,1,35609,27479,0,5899,0,30373,18964,1988,17,0,2
2,32,0x0000000100000019,16,1,72914,7875,0,59575,0,4847,2082,10293,71,0,2
2,32,0x000000010000001f,22,1,37729,4980,0,27059,0,5376,7054,2433,8,0,2
2,32,0x0000000100000016,13,1,1340570,97178,0,1224282,0,47423,41678,200841,45,0,2
2,32,0x0000000100000021,25,1,44149,19503,0,2993,0,3732,9669,971,18,0,2
2,32,0x0000000100000021,25,1,38570,19525,0,2368,0,2099,9348,874,0,0,2
2,32,0x0000000100000021,25,1,39477,19525,0,2400,0,2336,9505,767,0,0,2
2,32,0x0000000100000021,25,1,38821,19470,0,2342,0,2206,7997,755,0,0,2
2,32,0x0000000100000021,25,1,46331,19518,0,2744,0,3802,7793,755,0,0,2
2,32,0x0000000100000022,26,1,90226,20514,0,5689,0,26601,48577,2088,22,0,2
2,32,0x0000000100000022,26,1,88386,20617,0,5350,0,27411,47312,2026,0,0,2
2,32,0x0000000100000022,26,1,82381,20480,0,5212,0,21540,47143,2017,0,0,2
2,32,0x0000000100000023,27,1,635757,20659,0,625733,0,6440,3415,105251,25,0,2
2,32,0x00000002000000bd,29,1,24211,8326,0,3091,0,10582,3587,858,18,0,2
2,32,0x00000002000000b4,29,1,25666,8196,0,3725,0,11039,3914,642,0,0,2
2,32,0x0000000100000024,31,1,61933,21378,0,2739,0,38280,849,474,14,0,2
2,32,0x0000000200000130,32,1,20137,8033,0,3537,0,14142,2719,224,15,0,2
2,32,0x0000000200000130,32,1,16603,7794,0,2496,0,12651,2331,216,0,0,2
2,33,0x000000010000000d,7,1,16748,0,0,3615,0,7624,4361,185,23,0,2
2,33,0x0000000100000011,8,1,45234,3915,0,39890,0,332,452,6773,42,0,2
2,33,0x000000010000000a,5,1,4939,2646,0,1246,0,3062,1448,268,16,0,2
2,33,0x000000010000000a,5,1,4934,2651,0,979,0,3147,1362,262,0,0,2
2,33,0x000000010000000b,6,1,36005,27287,0,5742,0,25625,19002,2002,17,0,2
2,33,0x0000000100000019,16,1,72456,7677,0,59172,0,5187,1977,10303,68,0,2
2,33,0x000000010000001f,22,1,28698,4586,0,18903,0,0,8456,3301,8,0,2
2,33,0x0000000100000016,13,1,1337994,96798,0,1224030,0,46996,42663,200866,44,0,2
2,33,0x0000000100000022,26,1,96531,20532,0,5576,0,34494,46877,2081,22,0,2
2,33,0x0000000100000022,26,1,87976,20540,0,5065,0,27123,46972,2019,0,0,2
2,33,0x0000000100000023,27,1,635756,20676,0,625776,0,6135,3543,105240,25,0,2
2,33,0x00000002000000ad,29,1,23917,8433,0,2641,0,10661,3416,816,18,0,2
2,33,0x00000002000000a4,29,1,24325,8196,0,3455,0,10261,3616,642,0,0,2
2,33,0x0000000100000024,31,1,60227,21364,0,2529,0,37034,827,475,15,0,2
2,33,0x0000000200000130,32,1,19923,8111,0,3408,0,14096,2615,232,15,0,2
2,33,0x0000000200000130,32,1,16601,7808,0,2111,0,12515,2624,215,0,0,2
2,6,0x0000000100000006,2,0,27025,0,23996,1062,8885,21674,0,280,18,496,2
2,6,0x0000000100000013,10,0,93956,0,34272,3128,55027,91619,0,1262,14,5284,2
2,6,0x0000000100000015,12,0,334513,0,117504,4106,170277,330248,0,2615,17,17133,2
2,6,0x0000000100000021,24,0,43872,0,20832,2513,17971,19105,0,700,36,19926,2
2,6,0x0000000100000021,24,0,39754,0,20832,1913,17975,17300,0,654,0,19678,2
2,6,0x0000000100000021,24,0,41555,0,20832,1926,17941,19279,0,632,0,19354,2
2,6,0x0000000100000021,24,0,41308,0,20832,1713,17971,18882,0,613,0,19321,2
2,6,0x0000000100000021,24,0,49351,0,20832,1988,17836,26705,0,613,0,19642,2
2,6,0x000000020000007b,28,0,35432,0,19232,1479,12277,28636,0,192,8,1354,2
2,6,0x0000000200000067,28,0,34846,0,19232,2100,12279,27939,0,178,0,896,2
2,6,0x0000000200000056,28,0,35549,0,19232,1512,11615,30737,0,170,0,891,2
2,6,0x0000000200000048,28,0,36332,0,19232,2020,11907,30557,0,170,0,918,2
2,6,0x0000000200000028,28,0,35892,0,19232,2125,12141,30537,0,170,0,885,2
2,6,0x000000020000001e,28,0,40857,0,19232,1627,11917,36244,0,170,0,891,2
2,6,0x0000000200000008,28,0,35178,0,19232,1568,12234,28832,0,170,0,866,2
2,6,0x00000002000000f9,30,0,38078,0,17808,1653,8465,27604,0,165,11,7298,2
2,6,0x0000000200000105,30,0,35832,0,17808,1241,8702,27496,0,150,0,5711,2
2,6,0x00000002000000f1,30,0,37574,0,17808,1444,8695,29213,0,142,0,5807,2
2,40,0x000000010000000d,7,1,16631,0,0,3377,0,7967,4164,180,23,0,2
2,40,0x0000000100000011,8,1,45177,4011,0,40132,0,394,463,6770,41,0,2
2,40,0x0000000100000008,3,1,2656,487,0,745,0,845,605,78,10,0,2
2,40,0x000000010000000a,5,1,4831,2573,0,1254,0,2555,1361,268,16,0,2
2,40,0x000000010000000a,5,1,4994,2558,0,1170,0,2657,1346,262,0,0,2
2,40,0x000000010000000b,6,1,35711,27746,0,5701,0,25342,18644,1994,17,0,2
2,40,0x0000000100000019,16,1,72707,7839,0,59329,0,4152,2680,10319,68,0,2
2,40,0x000000010000001f,22,1,24674,4601,0,14980,0,0,7407,3308,8,0,2
2,40,0x000000010000001f,22,1,20553,4240,0,13576,0,0,5468,3262,0,0,2
2,40,0x0000000100000016,13,1,1334786,96689,0,1224155,0,37616,40467,200858,44,0,2
2,40,0x0000000100000021,25,1,41995,19504,0,2936,0,2357,8601,944,18,0,2
2,40,0x0000000100000021,25,1,38183,19492,0,2353,0,768,8278,859,0,0,2
2,40,0x0000000100000021,25,1,39822,19459,0,2322,0,1677,7833,767,0,0,2
2,40,0x0000000100000021,25,1,39836,19482,0,2364,0,1814,8326,755,0,0,2
2,40,0x0000000100000021,25,1,47504,19470,0,2370,0,3205,11912,755,0,0,2
2,40,0x0000000100000022,26,1,96291,20490,0,5601,0,33580,47584,2087,21,0,2
2,40,0x0000000100000022,26,1,92185,20508,0,5609,0,29855,46646,2026,0,0,2
2,40,0x0000000100000023,27,1,635554,20784,0,625727,0,6429,3647,105236,25,0,2
2,40,0x00000002000000bb,29,1,21471,8314,0,2816,0,7859,3428,834,18,0,2
2,40,0x0000000200000094,29,1,29927,8196,0,3050,0,15026,4852,641,0,0,2
2,40,0x0000000100000024,31,1,59773,21231,0,2521,0,36630,842,475,15,0,2
2,40,0x0000000200000130,32,1,19906,8087,0,3383,0,14153,2695,223,15,0,2
2,40,0x0000000200000130,32,1,16390,7773,0,2241,0,12034,2028,215,0,0,2
2,41,0x000000010000000d,7,1,16893,0,0,3394,0,8311,4099,185,23,0,2
2,41,0x0000000100000011,8,1,44854,3789,0,39841,0,385,548,6755,41,0,2
2,41,0x0000000100000008,3,1,2523,488,0,769,0,824,468,78,10,0,2
2,41,0x000000010000000a,5,1,4833,2582,0,1067,0,2674,1352,268,16,0,2
2,41,0x000000010000000a,5,1,5271,2609,0,1169,0,3113,1405,262,0,0,2
2,41,0x000000010000000b,6,1,35197,27568,0,5697,0,25176,18668,1990,17,0,2
2,41,0x0000000100000019,16,1,73229,7699,0,59175,0,4646,1915,10302,68,0,2
2,41,0x000000010000001f,22,1,40624,5713,0,22008,0,8993,7405,2565,8,0,2
2,41,0x0000000100000016,13,1,1327356,96789,0,1223969,0,31525,41522,200869,44,0,2
2,41,0x0000000100000022,26,1,95840,20544,0,5166,0,33833,47543,2081,22,0,2
2,41,0x0000000100000022,26,1,87725,20526,0,5530,0,25490,46720,2019,0,0,2
2,41,0x0000000100000023,27,1,635109,20677,0,625523,0,6121,3642,105260,25,0,2
2,41,0x00000002000000ab,29,1,21741,8322,0,3662,0,7660,3111,822,18,0,2
2,41,0x0000000200000084,29,1,23049,8196,0,2259,0,10273,3496,642,0,0,2
2,41,0x0000000100000024,31,1,64020,21224,0,2446,0,41838,834,474,14,0,2
2,41,0x0000000200000130,32,1,19430,8142,0,3383,0,14087,2756,231,15,0,2
2,41,0x0000000200000130,32,1,17523,7773,0,2458,0,12476,1972,223,0,0,2
2,10,0x0000000100000006,2,0,27211,0,23996,1349,9214,21869,0,273,18,467,2
2,10,0x0000000100000013,10,0,94554,0,34272,2758,54993,92734,0,1262,14,3320,2
2,10,0x0000000100000015,12,0,330503,0,117504,4237,170092,325980,0,2605,17,16718,2
2,10,0x0000000100000021,24,0,45420,0,20832,2027,17931,20859,0,703,35,20001,2
2,10,0x0000000100000021,24,0,40301,0,20832,2195,17911,17085,0,658,0,19964,2
2,10,0x0000000100000021,24,0,40748,0,20832,1778,17931,18468,0,632,0,19900,2
2,10,0x0000000100000021,24,0,41821,0,20832,1997,17866,19471,0,613,0,19168,2
2,10,0x0000000100000021,24,0,45202,0,20832,1747,17971,22685,0,613,0,20133,2
2,10,0x0000000200000076,28,0,36112,0,19232,1979,12138,29301,0,192,8,1408,2
2,10,0x0000000200000066,28,0,34384,0,19232,1608,12278,28366,0,178,0,896,2
2,10,0x0000000200000055,28,0,35589,0,19232,2115,11242,30550,0,170,0,892,2
2,10,0x0000000200000047,28,0,38669,0,19232,1378,11381,34451,0,170,0,898,2
2,10,0x0000000200000027,28,0,37349,0,19232,1579,12039,32029,0,170,0,940,2
2,10,0x000000020000001d,28,0,41168,0,19232,1326,11945,36728,0,170,0,898,2
2,10,0x0000000200000007,28,0,36830,0,19232,1894,11323,32573,0,170,0,887,2
2,10,0x00000002000000e9,30,0,36814,0,17808,1021,8442,27350,0,170,11,7448,2
2,10,0x00000002000000f5,30,0,36019,0,17808,1839,8730,26782,0,155,0,5766,2
2,10,0x00000002000000e1,30,0,38625,0,17808,2824,8960,28548,0,142,0,5744,2
2,48,0x000000010000000d,7,1,16300,0,0,3394,0,8274,3708,191,23,0,2
2,48,0x0000000100000011,8,1,44968,4082,0,39981,0,557,503,6762,41,0,2
2,48,0x0000000100000008,3,1,2357,485,0,815,0,672,436,78,10,0,2
2,48,0x000000010000000a,5,1,5097,2603,0,1310,0,2912,1366,268,16,0,2
2,48,0x000000010000000a,5,1,5352,2623,0,1199,0,3514,1354,262,0,0,2
2,48,0x000000010000000b,6,1,35494,27769,0,5686,0,26506,18650,1990,17,0,2
2,48,0x0000000100000019,16,1,72528,7555,0,59071,0,4626,2069,10305,70,0,2
2,48,0x000000010000001f,22,1,31953,4591,0,20982,0,0,10444,3308,8,0,2
2,48,0x0000000100000016,13,1,1337036,96658,0,1223909,0,45894,41794,200849,44,0,2
2,48,0x0000000100000021,25,1,43877,19524,0,2800,0,3752,8919,958,18,0,2
2,48,0x0000000100000021,25,1,38410,19504,0,2396,0,1904,8353,859,0,0,2
2,48,0x0000000100000021,25,1,39186,19504,0,2328,0,1801,8081,767,0,0,2
2,48,0x0000000100000021,25,1,39985,19470,0,2449,0,2082,9527,755,0,0,2
2,48,0x0000000100000021,25,1,43577,19526,0,2321,0,2578,11660,755,0,0,2
2,48,0x0000000100000022,26,1,89716,20536,0,5621,0,27742,47160,2097,23,0,2
2,48,0x0000000100000022,26,1,90940,20572,0,5389,0,29041,46977,2026,0,0,2
2,48,0x0000000100000023,27,1,635255,20587,0,625686,0,6760,3940,105236,25,0,2
2,48,0x000000020000009b,29,1,22649,8304,0,2644,0,9130,3362,834,18,0,2
2,48,0x0000000100000024,31,1,62570,21216,0,2455,0,39514,851,475,14,0,2
2,48,0x0000000200000130,32,1,19541,8008,0,3510,0,13797,2780,224,15,0,2
2,48,0x0000000200000130,32,1,17563,7787,0,2347,0,13231,2726,215,0,0,2
2,49,0x000000010000000d,7,1,16474,0,0,3332,0,7791,4390,196,23,0,2
2,49,0x0000000100000011,8,1,44553,3843,0,39776,0,389,497,6756,41,0,2
2,49,0x0000000100000008,3,1,2298,488,0,766,0,709,361,78,10,0,2
2,49,0x000000010000000a,5,1,4658,2682,0,1083,0,2900,1352,268,16,0,2
2,49,0x000000010000000a,5,1,5381,2613,0,1186,0,3607,1349,262,0,0,2
2,49,0x000000010000000b,6,1,35004,27441,0,5540,0,26074,18731,1990,17,0,2
2,49,0x0000000100000019,16,1,72502,7617,0,59019,0,4602,1955,10288,70,0,2
2,49,0x000000010000001f,22,1,31390,4575,0,20941,0,0,10261,3301,8,0,2
2,49,0x000000010000001f,22,1,102986,18028,0,20484,0,68052,5500,4016,0,0,2
2,49,0x0000000100000016,13,1,1336143,97040,0,1223653,0,46744,42832,200901,44,0,2
2,49,0x0000000100000022,26,1,87537,20540,0,5581,0,25803,47860,2082,23,0,2
2,49,0x0000000100000022,26,1,87382,20574,0,5115,0,26803,46688,2019,0,0,2
2,49,0x0000000100000023,27,1,635164,20466,0,625709,0,6362,3680,105256,25,0,2
2,49,0x000000020000008b,29,1,22114,8311,0,2368,0,8869,3397,821,17,0,2
2,49,0x0000000100000024,31,1,59835,20941,0,2434,0,37249,856,474,14,0,2
2,49,0x0000000200000130,32,1,19063,8089,0,3414,0,13986,2497,232,15,0,2
2,49,0x0000000200000130,32,1,17535,7787,0,2296,0,12716,2759,223,0,0,2
2,14,0x0000000100000006,2,0,26884,0,23996,1069,6298,15255,0,273,18,550,2
2,14,0x0000000100000013,10,0,95123,0,34272,2900,55585,93157,0,1256,14,3948,2
2,14,0x0000000100000015,12,0,329553,0,117504,4131,170424,325081,0,2593,17,16408,2
2,14,0x0000000100000021,24,0,45647,0,20832,2389,17924,20221,0,702,34,20416,2
2,14,0x0000000100000021,24,0,40605,0,20832,1906,17971,17822,0,647,0,19738,2
2,14,0x0000000100000021,24,0,40717,0,20832,2113,17859,18121,0,632,0,20184,2
2,14,0x0000000100000021,24,0,40968,0,20832,1691,17917,18897,0,613,0,19824,2
2,14,0x0000000100000021,24,0,47044,0,20832,1917,17830,24424,0,613,0,21544,2
2,14,0x0000000200000075,28,0,35569,0,19232,1658,12047,30008,0,192,8,1269,2
2,14,0x000000020000005d,28,0,35039,0,19232,1578,12125,29370,0,178,0,863,2
2,14,0x000000020000004d,28,0,37199,0,19232,1659,11141,32538,0,170,0,899,2
2,14,0x00000002000000ef,30,0,38415,0,17808,1407,8444,28734,0,165,11,7621,2
2,14,0x0000000200000026,28,0,37320,0,19232,1656,11612,32449,0,170,0,885,2
2,14,0x000000020000001c,28,0,46826,0,19232,2029,11677,42113,0,170,0,869,2
2,14,0x00000002000000ea,30,0,35661,0,17808,1280,8811,27456,0,150,0,5796,2
2,14,0x0000000200000106,30,0,36760,0,17808,1696,8717,29586,0,142,0,5698,2
2,14,0x00000002000000e4,30,0,34804,0,17808,1136,8583,27449,0,141,0,5769,2
2,14,0x00000002000000d1,30,0,37494,0,17808,2293,8781,28379,0,141,0,5701,2
2,56,0x000000010000000d,7,1,16168,0,0,2939,0,8097,4256,180,23,0,2
2,56,0x000000010000000a,5,1,5449,2608,0,1246,0,3546,1503,279,18,0,2
2,56,0x000000010000000a,5,1,4442,2599,0,987,0,2518,1391,262,0,0,2
2,56,0x000000010000000b,6,1,35643,27745,0,5417,0,23410,19052,2001,17,0,2
2,56,0x0000000100000019,16,1,72346,7318,0,59005,0,4939,2095,10327,68,0,2
2,56,0x000000010000001f,22,1,55614,6409,0,30242,0,22129,6136,2643,8,0,2
2,56,0x0000000100000016,13,1,1335252,96644,0,1224055,0,46237,42334,200880,47,0,2
2,56,0x0000000100000021,25,1,43462,19537,0,2776,0,2930,9586,956,17,0,2
2,56,0x0000000100000021,25,1,38629,19517,0,2349,0,2006,8474,866,0,0,2
2,56,0x0000000100000021,25,1,38565,19470,0,2143,0,1861,8376,767,0,0,2
2,56,0x0000000100000021,25,1,39056,19492,0,2113,0,2143,8706,755,0,0,2
2,56,0x0000000100000021,25,1,44869,19544,0,2122,0,4257,11719,755,0,0,2
2,56,0x0000000100000022,26,1,93608,20562,0,5245,0,32019,47364,2102,23,0,2
2,56,0x0000000100000022,26,1,90594,20557,0,5173,0,29910,47310,2026,0,0,2
2,56,0x0000000100000023,27,1,635151,20568,0,625006,0,7136,4324,105252,25,0,2
2,56,0x00000002000000ba,29,1,23745,8316,0,2538,0,9873,3465,834,18,0,2
2,56,0x0000000100000024,31,1,63874,20758,0,2187,0,41719,839,485,14,0,2
2,56,0x0000000200000130,32,1,19216,7808,0,3160,0,13415,2703,224,15,0,2
2,56,0x0000000200000130,32,1,16771,7787,0,2236,0,12831,2113,216,0,0,2
2,57,0x000000010000000d,7,1,16610,0,0,3071,0,7777,4902,197,24,0,2
2,57,0x000000010000000a,5,1,5754,2602,0,1390,0,3655,1400,279,18,0,2
2,57,0x000000010000000a,5,1,4425,2652,0,1032,0,2733,1362,262,0,0,2
2,57,0x000000010000000b,6,1,35098,27253,0,5445,0,24745,18937,1991,17,0,2
2,57,0x0000000100000019,16,1,72328,7182,0,58890,0,4748,2045,10287,68,0,2
2,57,0x000000010000001f,22,1,26610,4573,0,18297,0,0,6776,3295,8,0,2
2,57,0x000000010000001f,22,1,23056,4240,0,17127,0,0,5246,3262,0,0,2
2,57,0x0000000100000016,13,1,1332818,96732,0,1224099,0,44041,43015,200851,48,0,2
2,57,0x0000000100000022,26,1,90971,20549,0,5409,0,28836,47576,2074,23,0,2
2,57,0x0000000100000022,26,1,91651,20523,0,5388,0,30387,47109,2019,0,0,2
2,57,0x0000000100000023,27,1,634984,20442,0,625052,0,6874,3617,105240,25,0,2
2,57,0x00000002000000aa,29,1,23498,8362,0,2658,0,9769,3502,816,18,0,2
2,57,0x0000000100000024,31,1,68464,20854,0,2174,0,46177,856,486,14,0,2
2,57,0x0000000200000130,32,1,19006,7808,0,3122,0,13416,2449,231,15,0,2
2,57,0x0000000200000130,32,1,17415,7794,0,2407,0,13254,2029,223,0,0,2
2,18,0x0000000100000006,2,0,27049,0,23996,1284,6305,15158,0,279,17,511,2
2,18,0x0000000100000013,10,0,95533,0,34272,2790,53998,93779,0,1262,14,3588,2
2,18,0x0000000100000015,12,0,328581,0,117504,4101,170398,324182,0,2614,17,16533,2
2,18,0x0000000100000021,24,0,44375,0,20832,2311,17942,19527,0,695,35,20006,2
2,18,0x0000000100000021,24,0,40837,0,20832,2273,17959,16836,0,654,0,19549,2
2,18,0x0000000100000021,24,0,40438,0,20832,1711,17899,18058,0,624,0,19725,2
2,18,0x0000000100000021,24,0,42232,0,20832,2125,17942,18948,0,613,0,19325,2
2,18,0x0000000100000021,24,0,47578,0,20832,1714,17799,25365,0,613,0,21014,2
2,18,0x000000020000006f,28,0,37871,0,19232,2049,11342,32481,0,192,8,1274,2
2,18,0x000000020000005c,28,0,35631,0,19232,1753,11893,29952,0,178,0,883,2
2,18,0x000000020000004c,28,0,36967,0,19232,1571,11454,32457,0,170,0,881,2
2,18,0x0000000200000042,28,0,36712,0,19232,1513,11908,31503,0,170,0,886,2
2,18,0x0000000200000025,28,0,37253,0,19232,1604,11837,31893,0,170,0,888,2
2,18,0x000000020000001b,28,0,44403,0,19232,1483,11796,39290,0,170,0,893,2
2,18,0x00000002000000dd,30,0,38754,0,17808,1581,8568,28588,0,165,11,7424,2
2,18,0x00000002000000d9,30,0,34506,0,17808,1072,8886,26370,0,150,0,5783,2
2,18,0x00000002000000c6,30,0,34634,0,17808,1502,8615,26355,0,142,0,5736,2
2,18,0x0000000200000123,30,0,36855,0,17808,1094,8609,29726,0,141,0,5710,2
2,18,0x0000000200000110,30,0,35180,0,17808,1499,8703,26082,0,141,0,5698,2
2,64,0x000000010000000d,7,1,15600,0,0,2989,0,7347,4632,191,23,0,2
2,64,0x000000010000000a,5,1,5409,2623,0,1140,0,3556,1343,280,18,0,2
2,64,0x000000010000000a,5,1,4443,2582,0,1184,0,2632,1357,254,0,0,2
2,64,0x000000010000000b,6,1,34317,27007,0,5329,0,30032,18692,2003,17,0,2
2,64,0x0000000100000019,16,1,72297,6994,0,58910,0,4773,2149,10296,68,0,2
2,64,0x000000010000001f,22,1,25214,4571,0,18447,0,0,6179,3296,8,0,2
2,64,0x000000010000001f,22,1,21751,4240,0,15400,0,0,5258,3262,0,0,2
2,64,0x0000000100000016,13,1,1334427,97174,0,1223927,0,45849,42017,200875,47,0,2
2,64,0x0000000100000021,25,1,42473,19470,0,2963,0,2600,9079,949,18,0,2
2,64,0x0000000100000021,25,1,38680,19494,0,2165,0,1846,9292,859,0,0,2
2,64,0x0000000100000021,25,1,38624,19459,0,2325,0,2607,8613,767,0,0,2
2,64,0x0000000100000021,25,1,40176,19503,0,2111,0,2923,9760,755,0,0,2
2,64,0x0000000100000021,25,1,45767,19525,0,5131,0,3871,10360,755,0,0,2
2,64,0x0000000100000022,26,1,93383,20514,0,5314,0,31292,47147,2082,23,0,2
2,64,0x0000000100000022,26,1,89198,20514,0,5452,0,27133,46858,2017,0,0,2
2,64,0x0000000100000023,27,1,634751,20673,0,624916,0,6777,4012,105236,25,0,2
2,64,0x000000020000009a,29,1,21521,8359,0,2673,0,8138,3292,840,18,0,2
2,64,0x0000000100000024,31,1,67619,20706,0,2233,0,45316,837,485,13,0,2
2,64,0x0000000200000130,32,1,19809,7801,0,3298,0,14152,2753,223,15,0,2
2,64,0x0000000200000130,32,1,17318,7780,0,2070,0,12872,2779,214,0,0,2
2,65,0x000000010000000d,7,1,16374,0,0,3139,0,8226,4358,192,24,0,2
2,65,0x000000010000000a,5,1,5260,2610,0,1093,0,3368,1499,280,18,0,2
2,65,0x000000010000000a,5,1,4505,2625,0,1132,0,2794,1347,254,0,0,2
2,65,0x000000010000000b,6,1,34138,27261,0,5357,0,28795,18637,2003,17,0,2
2,65,0x0000000100000019,16,1,72329,7131,0,58887,0,4614,2231,10297,69,0,2
2,65,0x000000010000001f,22,1,61163,7124,0,26018,0,29659,6664,2720,8,0,2
2,65,0x0000000100000016,13,1,1334960,96743,0,1223934,0,45202,40935,200888,48,0,2
2,65,0x0000000100000022,26,1,92182,20557,0,5323,0,29229,47392,2073,21,0,2
2,65,0x0000000100000022,26,1,87126,20514,0,5329,0,25820,46872,2010,0,0,2
2,65,0x0000000100000023,27,1,634653,20688,0,624789,0,6319,3632,105252,25,0,2
2,65,0x000000020000008a,29,1,22116,8332,0,2765,0,8651,3344,824,18,0,2
2,65,0x0000000100000024,31,1,61263,20742,0,2240,0,39261,864,482,16,0,2
2,65,0x0000000200000130,32,1,19595,7801,0,3213,0,14060,2772,231,15,0,2
2,65,0x0000000200000130,32,1,17058,7801,0,1911,0,12567,2800,216,0,0,2
2,22,0x0000000100000006,2,0,27084,0,23996,1440,6306,15300,0,279,17,437,2
2,22,0x0000000100000013,10,0,94336,0,34272,2768,55056,92459,0,1262,14,4214,2
2,22,0x0000000100000015,12,0,335993,0,117504,4988,169718,330817,0,2599,17,19383,2
2,22,0x0000000100000021,24,0,44753,0,20832,2363,17947,20518,0,686,35,20429,2
2,22,0x0000000100000021,24,0,39990,0,20832,2130,17982,16852,0,654,0,19752,2
2,22,0x0000000100000021,24,0,40217,0,20832,1706,17912,18460,0,624,0,19431,2
2,22,0x0000000100000021,24,0,40507,0,20832,1943,17892,18411,0,613,0,19449,2
2,22,0x0000000100000021,24,0,45385,0,20832,1659,17824,23987,0,613,0,20663,2
2,22,0x000000020000006e,28,0,35596,0,19232,2361,12274,28803,0,192,8,1233,2
2,22,0x000000020000005b,28,0,36662,0,19232,1535,12367,30534,0,178,0,900,2
2,22,0x000000020000004b,28,0,36944,0,19232,1676,11876,31399,0,170,0,898,2
2,22,0x00000002000000df,30,0,37699,0,17808,1202,8580,27455,0,165,11,7612,2
2,22,0x0000000200000024,28,0,37170,0,19232,1938,11783,31495,0,170,0,927,2
2,22,0x000000020000001a,28,0,43188,0,19232,1310,11386,38859,0,170,0,896,2
2,22,0x0000000200000006,28,0,36515,0,19232,2057,11568,31590,0,170,0,887,2
2,22,0x00000002000000c9,30,0,35391,0,17808,1114,8664,27186,0,150,0,6050,2
2,22,0x0000000200000125,30,0,35699,0,17808,1519,8860,26997,0,142,0,5832,2
2,22,0x0000000200000113,30,0,38271,0,17808,1140,8620,31444,0,141,0,5697,2
2,22,0x0000000200000100,30,0,34972,0,17808,1056,8690,26659,0,141,0,5766,2
2,72,0x000000010000000d,7,1,15808,0,0,2770,0,7895,4716,191,23,0,2
2,72,0x000000010000000a,5,1,5494,2610,0,1139,0,3694,1517,285,20,0,2
2,72,0x000000010000000a,5,1,4553,2559,0,1120,0,2435,1358,254,0,0,2
2,72,0x000000010000000b,6,1,33978,26456,0,5344,0,29934,18838,2007,17,0,2
2,72,0x0000000100000019,16,1,71810,6936,0,58866,0,3886,2722,10313,70,0,2
2,72,0x000000010000001f,22,1,33323,4614,0,25899,0,0,8122,3308,8,0,2
2,72,0x000000010000001f,22,1,101633,18732,0,21569,0,67596,5183,4095,0,0,2
2,72,0x0000000100000016,13,1,1336036,97269,0,1223889,0,47009,41823,200935,48,0,2
2,72,0x0000000100000021,25,1,42770,19451,0,2522,0,3044,7878,960,17,0,2
2,72,0x0000000100000021,25,1,37771,19470,0,2179,0,1980,7784,866,0,0,2
2,72,0x0000000100000021,25,1,38411,19481,0,2733,0,2201,9170,767,0,0,2
2,72,0x0000000100000021,25,1,38474,19538,0,2077,0,2453,8654,755,0,0,2
2,72,0x0000000100000021,25,1,43549,19549,0,5418,0,4233,11372,755,0,0,2
2,72,0x0000000100000022,26,1,99109,20514,0,5341,0,37584,47492,2089,22,0,2
2,72,0x0000000100000022,26,1,86469,20514,0,5521,0,25233,46806,2017,0,0,2
2,72,0x0000000100000023,27,1,634291,20637,0,624525,0,6964,3917,105260,25,0,2
2,72,0x0000000100000024,31,1,61684,20719,0,2202,0,39565,824,472,15,0,2
2,72,0x0000000200000130,32,1,19134,7801,0,2866,0,13978,2785,223,15,0,2
2,72,0x0000000200000130,32,1,16723,7794,0,1990,0,11938,2145,215,0,0,2
2,73,0x000000010000000d,7,1,15833,0,0,2779,0,8344,4273,191,23,0,2
2,73,0x000000010000000a,5,1,5373,2610,0,1148,0,3652,1359,285,20,0,2
2,73,0x000000010000000a,5,1,4567,2656,0,1357,0,2612,1354,254,0,0,2
2,73,0x000000010000000b,6,1,35345,27896,0,5351,0,24198,18878,2003,17,0,2
2,73,0x0000000100000019,16,1,71624,7028,0,58903,0,4128,2040,10299,71,0,2
2,73,0x000000010000001f,22,1,27465,4564,0,19651,0,0,7482,3301,8,0,2
2,73,0x000000010000001f,22,1,25053,4240,0,18768,0,0,6009,3262,0,0,2
2,73,0x0000000100000016,13,1,1334513,96524,0,1223753,0,45986,42277,200867,47,0,2
2,73,0x0000000100000022,26,1,97215,20523,0,5556,0,33990,47015,2066,22,0,2
2,73,0x0000000100000022,26,1,87288,20561,0,5216,0,25824,46873,2010,0,0,2
2,73,0x0000000100000023,27,1,634407,20592,0,624664,0,5372,3913,105248,25,0,2
2,73,0x0000000100000024,31,1,61729,20615,0,2122,0,39951,826,472,13,0,2
2,73,0x0000000200000130,32,1,18900,7801,0,2834,0,14125,2555,230,15,0,2
2,73,0x0000000200000130,32,1,15319,7801,0,1491,0,11261,2111,213,0,0,2
2,73,0x0000000200000130,32,1,15369,7759,0,2057,0,8772,1982,183,0,0,2
2,26,0x0000000100000006,2,0,26957,0,23996,1355,6298,15148,0,279,17,428,2
2,26,0x0000000100000013,10,0,95075,0,34272,2888,52953,93189,0,1256,14,3279,2
2,26,0x0000000100000015,12,0,330419,0,117504,4348,170801,324525,0,2616,17,16456,2
2,26,0x0000000100000021,24,0,44318,0,20832,2233,17894,19260,0,692,34,20373,2
2,26,0x0000000100000021,24,0,40257,0,20832,1979,17969,16407,0,647,0,19742,2
2,26,0x0000000100000021,24,0,39949,0,20832,1906,17954,17917,0,624,0,19133,2
2,26,0x0000000100000021,24,0,41059,0,20832,1738,17921,18536,0,613,0,19685,2
2,26,0x0000000100000021,24,0,45683,0,20832,3206,17923,22038,0,613,0,20448,2
2,26,0x0000000200000065,28,0,35437,0,19232,1984,12011,29083,0,192,8,1339,2
2,26,0x0000000200000054,28,0,35494,0,19232,2293,11601,29758,0,178,0,875,2
2,26,0x0000000200000046,28,0,38671,0,19232,2001,11379,33872,0,170,0,933,2
2,26,0x0000000200000023,28,0,37421,0,19232,1723,11901,31476,0,170,0,892,2
2,26,0x0000000200000019,28,0,46486,0,19232,1826,11925,41960,0,170,0,904,2
2,26,0x00000002000000cd,30,0,37811,0,17808,1525,8476,28275,0,165,11,7441,2
2,26,0x0000000200000127,30,0,35149,0,17808,1099,8709,26877,0,150,0,5822,2
2,26,0x0000000200000115,30,0,36172,0,17808,1952,8897,27227,0,142,0,5740,2
2,26,0x0000000200000103,30,0,36442,0,17808,1033,8563,29245,0,141,0,5785,2
2,26,0x00000002000000f0,30,0,34926,0,17808,1333,8732,26356,0,141,0,5701,2
2,80,0x000000010000000d,7,1,14668,0,0,2448,0,7502,4300,191,23,0,2
2,80,0x000000010000000a,5,1,5064,2595,0,1115,0,3331,1504,285,20,0,2
2,80,0x000000010000000a,5,1,4472,2545,0,1225,0,2640,1386,254,0,0,2
2,80,0x000000010000000b,6,1,33524,26239,0,5336,0,28936,18842,2003,17,0,2
2,80,0x0000000100000019,16,1,71364,7139,0,58891,0,3724,2060,10315,71,0,2
2,80,0x000000010000001f,22,1,63748,7843,0,18586,0,39770,6526,2814,8,0,2
2,80,0x0000000100000016,13,1,1335758,96862,0,1223784,0,42201,41633,200886,45,0,2
2,80,0x0000000100000021,25,1,42104,19527,0,2448,0,3138,10203,953,16,0,2
2,80,0x0000000100000021,25,1,38470,19560,0,2617,0,1840,9149,866,0,0,2
2,80,0x0000000100000021,25,1,37997,19470,0,2115,0,1976,8282,767,0,0,2
2,80,0x0000000100000021,25,1,39188,19485,0,3919,0,2111,9064,755,0,0,2
2,80,0x0000000100000021,25,1,43508,19470,0,2115,0,5350,9569,755,0,0,2
2,80,0x0000000100000022,26,1,94180,20508,0,5552,0,29967,48548,2102,23,0,2
2,80,0x0000000100000022,26,1,86397,20498,0,5121,0,25265,46898,2017,0,0,2
2,80,0x0000000100000023,27,1,634162,20771,0,624334,0,7243,4132,105260,25,0,2
2,80,0x0000000100000024,31,1,62004,20563,0,1816,0,39152,820,471,15,0,2
2,80,0x0000000200000130,32,1,18687,7808,0,2859,0,14077,2465,223,15,0,2
2,80,0x0000000200000130,32,1,15116,7794,0,1485,0,11137,2232,215,0,0,2
2,80,0x0000000200000130,32,1,15143,7773,0,1948,0,9891,2034,183,0,0,2
2,81,0x000000010000000d,7,1,15132,0,0,2397,0,8198,4132,191,23,0,2
2,81,0x000000010000000a,5,1,5157,2698,0,1085,0,3378,1369,285,20,0,2
2,81,0x000000010000000a,5,1,4501,2635,0,1133,0,2781,1370,254,0,0,2
2,81,0x000000010000000b,6,1,33375,26092,0,5414,0,27547,18848,2003,17,0,2
2,81,0x0000000100000019,16,1,71137,6880,0,58938,0,3977,1908,10298,71,0,2
2,81,0x000000010000001f,22,1,27310,4479,0,19358,0,0,8083,3301,8,0,2
2,81,0x000000010000001f,22,1,21933,4240,0,15470,0,0,5385,3262,0,0,2
2,81,0x0000000100000016,13,1,1329443,96699,0,1223588,0,42922,42381,200865,45,0,2
2,81,0x0000000100000022,26,1,96216,20515,0,5467,0,33796,46956,2073,22,0,2
2,81,0x0000000100000022,26,1,88966,20531,0,5130,0,27841,47409,2019,0,0,2
2,81,0x0000000100000023,27,1,633707,20287,0,624377,0,5567,3467,105248,25,0,2
2,81,0x0000000100000024,31,1,65527,20563,0,1830,0,42748,816,472,13,0,2
2,81,0x0000000200000130,32,1,18630,7808,0,2691,0,13891,2669,230,15,0,2
2,81,0x0000000200000130,32,1,15145,7801,0,1579,0,10434,2059,214,0,0,2
2,81,0x0000000200000130,32,1,17134,7752,0,1880,0,11360,1941,183,0,0,2
3,3,0x0000000100000006,2,0,27187,0,23996,1374,6355,16621,0,279,17,329,2
3,3,0x0000000100000013,10,0,95544,0,34272,3331,55328,92963,0,1268,14,4675,2
3,3,0x0000000100000015,12,0,343950,0,117504,4285,170499,338887,0,2621,17,16793,2
3,3,0x0000000100000021,24,0,45094,0,20832,2302,17948,21195,0,702,35,19916,2
3,3,0x0000000100000021,24,0,42019,0,20832,2036,17954,19109,0,654,0,19704,2
3,3,0x0000000100000021,24,0,41341,0,20832,1901,17964,18935,0,632,0,19569,2
3,3,0x0000000100000021,24,0,42170,0,20832,1892,17894,20956,0,613,0,19926,2
3,3,0x000000020000007e,28,0,35514,0,19232,1977,12097,28019,0,199,8,1551,2
3,3,0x000000020000006a,28,0,34936,0,19232,1554,11996,29844,0,178,0,898,2
3,3,0x0000000200000058,28,0,34790,0,19232,2064,12213,29082,0,170,0,889,2
3,3,0x000000020000004a,28,0,34951,0,19232,2645,11785,30050,0,170,0,872,2
3,3,0x0000000200000038,28,0,34501,0,19232,1657,11986,28582,0,170,0,894,2
3,3,0x00000002000000ec,30,0,38523,0,17808,1054,8573,28908,0,170,11,7502,2
3,3,0x0000000200000009,28,0,41470,0,19232,2745,11871,34592,0,170,0,860,2
3,3,0x0000000200000109,30,0,36753,0,17808,1147,8768,29030,0,150,0,5749,2
3,3,0x00000002000000d6,30,0,36776,0,17808,2630,8729,26921,0,142,0,5772,2
3,3,0x00000002000000f3,30,0,38916,0,17808,1154,8651,32154,0,141,0,5769,2
3,34,0x0000000100000004,0,1,41566,26349,0,3054,0,35116,120,535,17,0,2
3,34,0x0000000100000009,4,1,20872,16868,0,1915,0,905,2140,246,20,0,2
3,34,0x000000010000000a,5,1,4386,2630,0,1201,0,2505,1366,269,16,0,2
3,34,0x000000010000000a,5,1,4902,2559,0,1112,0,3119,1352,255,0,0,2
3,34,0x0000000100000020,23,1,4648,535,0,1249,0,961,1319,58,8,0,2
3,34,0x0000000100000014,11,1,13146,7738,0,2983,0,3326,2824,627,34,0,2
3,34,0x000000010000001f,22,1,104758,14685,0,17215,0,74010,5315,3584,8,0,2
3,34,0x0000000100000016,13,1,1326526,96548,0,1223740,0,38873,42589,201273,48,0,2
3,34,0x0000000100000021,25,1,43047,19525,0,2600,0,2376,8419,965,15,0,2
3,34,0x0000000100000021,25,1,39879,19538,0,2196,0,2021,9039,865,0,0,2
3,34,0x0000000100000021,25,1,39299,19470,0,2431,0,2498,8628,767,0,0,2
3,34,0x0000000100000021,25,1,40160,19470,0,2121,0,1915,8558,755,0,0,2
3,34,0x0000000100000022,26,1,93128,20532,0,5427,0,30879,47692,2089,23,0,2
3,34,0x0000000100000022,26,1,89277,20515,0,5138,0,28686,47229,2017,0,0,2
3,34,0x0000000100000023,27,1,632237,19576,0,624330,0,5583,3270,105260,25,0,2
3,34,0x00000002000000bc,29,1,20527,8344,0,2404,0,6900,3905,836,17,0,2
3,34,0x00000002000000b9,29,1,19892,8196,0,2542,0,7312,3050,647,0,0,2
3,34,0x0000000200000082,29,1,22649,8196,0,2430,0,9591,3709,610,0,0,2
3,34,0x0000000100000024,31,1,63196,20579,0,2025,0,40751,829,485,15,0,2
3,34,0x0000000200000130,32,1,18378,7808,0,2394,0,13008,2402,224,15,0,2
3,34,0x0000000200000130,32,1,16051,7808,0,1722,0,12181,2226,216,0,0,2
3,34,0x0000000200000130,32,1,15269,7806,0,1689,0,11590,2262,199,0,0,2
3,35,0x0000000100000004,0,1,41120,26681,0,3087,0,35622,642,535,17,0,2
3,35,0x0000000100000009,4,1,20240,16774,0,1778,0,650,1631,239,20,0,2
3,35,0x000000010000000a,5,1,4741,2632,0,1220,0,2524,1347,269,16,0,2
3,35,0x000000010000000a,5,1,4701,2574,0,977,0,3026,1357,255,0,0,2
3,35,0x0000000100000020,23,1,4252,535,0,1215,0,962,1301,58,8,0,2
3,35,0x0000000100000014,11,1,12353,7837,0,2904,0,3286,2452,633,34,0,2
3,35,0x000000010000001f,22,1,31560,4371,0,24360,0,0,6301,3297,8,0,2
3,35,0x000000010000001f,22,1,106716,19436,0,21199,0,72214,5571,4134,0,0,2
3,35,0x0000000100000016,13,1,1326512,96563,0,1223723,0,37110,41639,200962,49,0,2
3,35,0x0000000100000022,26,1,94330,20540,0,5229,0,32023,48000,2077,23,0,2
3,35,0x0000000100000022,26,1,89789,20557,0,5620,0,28445,46969,2010,0,0,2
3,35,0x0000000100000023,27,1,632357,19549,0,624374,0,4553,3498,105272,25,0,2
3,35,0x00000002000000ac,29,1,20948,8344,0,3029,0,7068,3811,820,18,0,2
3,35,0x00000002000000a9,29,1,19598,8196,0,2241,0,7366,3016,657,0,0,2
3,35,0x0000000200000093,29,1,22177,8196,0,2384,0,9317,3450,610,0,0,2
3,35,0x0000000100000024,31,1,57992,20579,0,1872,0,35952,810,490,13,0,2
3,35,0x0000000200000130,32,1,17875,7801,0,2361,0,12748,2773,222,15,0,2
3,35,0x0000000200000130,32,1,16425,7787,0,2074,0,12087,2318,214,0,0,2
3,35,0x0000000200000130,32,1,15518,7808,0,1687,0,11199,2306,199,0,0,2
3,7,0x0000000100000006,2,0,27162,0,23996,1421,6298,15511,0,272,17,530,2
3,7,0x0000000100000013,10,0,94875,0,34272,3204,54926,92414,0,1262,14,5066,2
3,7,0x0000000100000015,12,0,334666,0,117504,4681,170804,329803,0,2627,17,16325,2
3,7,0x0000000100000021,24,0,45619,0,20832,2083,17945,21818,0,696,36,19573,2
3,7,0x0000000100000021,24,0,42274,0,20832,1971,17884,18712,0,646,0,19491,2
3,7,0x0000000100000021,24,0,42058,0,20832,1939,17878,19810,0,632,0,19758,2
3,7,0x0000000100000021,24,0,42877,0,20832,1898,17932,20694,0,613,0,19867,2
3,7,0x000000020000007a,28,0,35602,0,19232,2157,12273,28710,0,192,8,1251,2
3,7,0x0000000200000063,28,0,34742,0,19232,1441,12142,28629,0,185,0,882,2
3,7,0x0000000200000053,28,0,36974,0,19232,1505,12107,31023,0,170,0,901,2
3,7,0x00000002000000cf,30,0,37785,0,17808,1021,8793,28648,0,170,11,7273,2
3,7,0x000000020000002f,28,0,36656,0,19232,1665,11624,32381,0,170,0,874,2
3,7,0x0000000200000012,28,0,44392,0,19232,2007,12093,39532,0,170,0,898,2
3,7,0x000000020000010b,30,0,37369,0,17808,1427,8649,30321,0,150,0,5966,2
3,7,0x0000000200000108,30,0,35458,0,17808,1180,8718,27768,0,142,0,5825,2
3,7,0x00000002000000e3,30,0,37271,0,17808,1381,8507,30420,0,141,0,5769,2
3,42,0x0000000100000004,0,1,40925,26795,0,3279,0,35414,664,535,17,0,2
3,42,0x0000000100000008,3,1,3782,630,0,1529,0,605,931,78,10,0,2
3,42,0x000000010000000a,5,1,4310,2597,0,1207,0,2291,1344,269,16,0,2
3,42,0x000000010000000a,5,1,4807,2540,0,1148,0,2847,1366,255,0,0,2
3,42,0x0000000100000020,23,1,3933,514,0,1126,0,891,1297,58,8,0,2
3,42,0x0000000100000014,11,1,12763,7821,0,2886,0,3303,2853,633,33,0,2
3,42,0x000000010000001f,22,1,31329,4371,0,25773,0,0,5814,3300,8,0,2
3,42,0x000000010000001f,22,1,22963,4240,0,15857,0,0,6231,3279,0,0,2
3,42,0x0000000100000016,13,1,1324617,96288,0,1223734,0,36202,42703,200907,48,0,2
3,42,0x0000000100000021,25,1,43573,19562,0,2364,0,3646,10245,969,16,0,2
3,42,0x0000000100000021,25,1,40371,19527,0,2685,0,1788,9527,882,0,0,2
3,42,0x0000000100000021,25,1,39964,19522,0,2123,0,2246,8343,768,0,0,2
3,42,0x0000000100000021,25,1,41159,19524,0,2562,0,1785,9323,756,0,0,2
3,42,0x0000000100000022,26,1,94638,20634,0,5222,0,30110,48008,2073,22,0,2
3,42,0x0000000100000022,26,1,86779,20531,0,5655,0,25918,46861,2017,0,0,2
3,42,0x0000000100000023,27,1,632083,19618,0,624163,0,5649,3387,105260,25,0,2
3,42,0x000000020000009c,29,1,21888,8376,0,2647,0,8454,3529,858,18,0,2
3,42,0x0000000200000099,29,1,19380,8196,0,2238,0,7005,3154,657,0,0,2
3,42,0x0000000200000083,29,1,23321,8196,0,2710,0,9945,3630,610,0,0,2
3,42,0x0000000100000024,31,1,58763,20544,0,1813,0,36808,868,504,13,0,2
3,42,0x0000000200000130,32,1,18950,7801,0,3344,0,14072,2786,225,15,0,2
3,42,0x0000000200000130,32,1,15925,7780,0,1754,0,12122,2391,217,0,0,2
3,42,0x0000000200000130,32,1,14776,7785,0,1654,0,10334,2116,199,0,0,2
3,43,0x0000000100000004,0,1,41728,26341,0,3023,0,36445,237,535,17,0,2
3,43,0x0000000100000008,3,1,3417,579,0,1239,0,637,868,78,10,0,2
3,43,0x000000010000000a,5,1,4731,2614,0,1243,0,2599,1350,269,16,0,2
3,43,0x000000010000000a,5,1,4698,2593,0,982,0,2984,1341,255,0,0,2
3,43,0x0000000100000020,23,1,3667,535,0,826,0,908,1275,58,8,0,2
3,43,0x0000000100000014,11,1,12167,7909,0,2820,0,3416,2747,635,35,0,2
3,43,0x000000010000001f,22,1,108165,15559,0,20419,0,74893,5826,3676,8,0,2
3,43,0x0000000100000016,13,1,1325464,96581,0,1223571,0,37035,41798,200967,48,0,2
3,43,0x0000000100000022,26,1,94743,20558,0,5487,0,31894,46639,2074,23,0,2
3,43,0x0000000100000022,26,1,83763,20489,0,5231,0,23900,46610,2010,0,0,2
3,43,0x0000000100000023,27,1,632442,19551,0,624458,0,4174,3557,105280,25,0,2
3,43,0x000000020000008c,29,1,21399,8388,0,2503,0,8326,3483,822,18,0,2
3,43,0x0000000200000089,29,1,19913,8196,0,2388,0,7333,3211,658,0,0,2
3,43,0x0000000200000081,29,1,22377,8196,0,2229,0,10055,3092,610,0,0,2
3,43,0x0000000100000024,31,1,65223,20579,0,2210,0,43339,811,490,13,0,2
3,43,0x0000000200000130,32,1,18461,7801,0,2982,0,13661,2949,231,15,0,2
3,43,0x0000000200000130,32,1,16016,7808,0,1636,0,11848,2708,223,0,0,2
3,43,0x0000000200000130,32,1,15906,7773,0,2065,0,11141,1995,199,0,0,2
3,11,0x0000000100000006,2,0,27278,0,23996,1465,6305,15313,0,286,17,568,2
3,11,0x0000000100000013,10,0,94387,0,34272,3200,55096,91965,0,1268,14,5283,2
3,11,0x0000000100000015,12,0,331269,0,117504,4338,170545,325943,0,2628,17,17646,2
3,11,0x0000000100000021,24,0,45325,0,20832,2448,17887,21599,0,696,35,20039,2
3,11,0x0000000100000021,24,0,42011,0,20832,2117,18003,19093,0,658,0,19576,2
3,11,0x0000000100000021,24,0,41552,0,20832,1683,17949,19547,0,632,0,19132,2
3,11,0x0000000100000021,24,0,43182,0,20832,1921,18024,20567,0,613,0,19922,2
3,11,0x0000000200000079,28,0,34787,0,19232,1596,12003,28644,0,192,8,1288,2
3,11,0x0000000200000062,28,0,35583,0,19232,2019,12130,29458,0,178,0,863,2
3,11,0x0000000200000052,28,0,35649,0,19232,1710,12063,30341,0,170,0,891,2
3,11,0x0000000200000041,28,0,35379,0,19232,1971,12151,29833,0,170,0,878,2
3,11,0x000000020000002e,28,0,36860,0,19232,1604,11334,33023,0,170,0,868,2
3,11,0x0000000200000011,28,0,49537,0,19232,2861,12018,43782,0,170,0,885,2
3,11,0x00000002000000fb,30,0,39211,0,17808,1010,8351,29890,0,170,11,7211,2
3,11,0x00000002000000f8,30,0,35204,0,17808,1545,8482,27524,0,150,0,5785,2
3,11,0x00000002000000d3,30,0,36531,0,17808,1007,8610,29595,0,142,0,5713,2
3,50,0x0000000100000004,0,1,41117,26584,0,3111,0,35204,621,535,17,0,2
3,50,0x0000000100000008,3,1,3059,624,0,1024,0,608,725,78,10,0,2
3,50,0x000000010000000a,5,1,4406,2653,0,1246,0,2470,1362,269,16,0,2
3,50,0x000000010000000a,5,1,4592,2559,0,967,0,2345,1341,255,0,0,2
3,50,0x0000000100000020,23,1,3500,535,0,696,0,911,1215,60,8,0,2
3,50,0x0000000100000014,11,1,11812,7854,0,2504,0,3342,2526,624,35,0,2
3,50,0x000000010000001f,22,1,32869,4369,0,25653,0,0,8243,3325,8,0,2
3,50,0x000000010000001f,22,1,22077,4240,0,14747,0,0,6095,3279,0,0,2
3,50,0x0000000100000021,25,1,43452,19530,0,3453,0,2501,8624,946,16,0,2
3,50,0x0000000100000021,25,1,39900,19470,0,2257,0,1686,8388,859,0,0,2
3,50,0x0000000100000021,25,1,39745,19448,0,2377,0,2009,8299,767,0,0,2
3,50,0x0000000100000021,25,1,41221,19492,0,2098,0,2703,8881,755,0,0,2
3,50,0x0000000100000022,26,1,101474,20574,0,5540,0,36705,47547,2083,21,0,2
3,50,0x0000000100000022,26,1,89125,20506,0,5108,0,27151,46903,2017,0,0,2
3,50,0x0000000100000023,27,1,632293,19533,0,624356,0,5750,3475,105268,25,0,2
3,50,0x0000000100000024,31,1,64011,20560,0,1832,0,42176,802,470,13,0,2
3,50,0x0000000200000130,32,1,18160,7801,0,2743,0,13560,2482,214,15,0,2
3,50,0x0000000200000130,32,1,15467,7766,0,1445,0,10679,2216,206,0,0,2
3,50,0x0000000200000130,32,1,15530,7785,0,1733,0,11386,2043,199,0,0,2
3,51,0x0000000100000004,0,1,41609,26419,0,3105,0,35725,136,535,17,0,2
3,51,0x0000000100000008,3,1,2749,542,0,1049,0,633,559,78,10,0,2
3,51,0x000000010000000a,5,1,4790,2648,0,1245,0,2538,1371,269,16,0,2
3,51,0x000000010000000a,5,1,4574,2593,0,970,0,2535,1349,255,0,0,2
3,51,0x0000000100000020,23,1,3197,535,0,719,0,746,1010,60,8,0,2
3,51,0x0000000100000014,11,1,11075,7829,0,2170,0,3282,2411,623,35,0,2
3,51,0x000000010000001f,22,1,32030,4503,0,23239,0,0,8421,3315,8,0,2
3,51,0x000000010000001f,22,1,109619,20140,0,21567,0,74665,5923,4237,0,0,2
3,51,0x0000000100000022,26,1,101637,20506,0,5507,0,36506,47873,2073,22,0,2
3,51,0x0000000100000022,26,1,94279,20523,0,5138,0,32488,46808,2010,0,0,2
3,51,0x0000000100000023,27,1,632403,19505,0,624421,0,4030,3292,105284,25,0,2
3,51,0x0000000100000024,31,1,67789,20579,0,1818,0,46142,799,472,15,0,2
3,51,0x0000000200000130,32,1,18008,7801,0,2393,0,13218,2677,221,15,0,2
3,51,0x0000000200000130,32,1,17017,7759,0,2161,0,11352,1920,221,0,0,2
3,51,0x0000000200000130,32,1,15725,7780,0,1875,0,9901,1937,199,0,0,2
3,15,0x0000000100000006,2,0,26950,0,23996,1257,8941,21593,0,287,18,332,2
3,15,0x0000000100000013,10,0,94846,0,34272,3246,55483,92433,0,1268,14,4829,2
3,15,0x0000000100000015,12,0,332739,0,117504,4366,170769,327505,0,2628,17,17381,2
3,15,0x0000000100000021,24,0,43503,0,20832,2986,17994,18991,0,695,35,19870,2
3,15,0x0000000100000021,24,0,39657,0,20832,1944,17979,16277,0,657,0,19974,2
3,15,0x0000000100000021,24,0,39945,0,20832,1898,17959,16622,0,632,0,19336,2
3,15,0x0000000100000021,24,0,41878,0,20832,1706,17841,19527,0,613,0,19394,2
3,15,0x0000000100000021,24,0,50099,0,20832,1906,17820,28090,0,613,0,21289,2
3,15,0x0000000200000078,28,0,36247,0,19232,2162,12082,29806,0,192,8,1570,2
3,15,0x0000000200000061,28,0,35854,0,19232,1872,12133,30138,0,178,0,884,2
3,15,0x0000000200000051,28,0,34098,0,19232,1618,12156,28523,0,170,0,901,2
3,15,0x0000000200000040,28,0,33997,0,19232,2169,12198,27762,0,170,0,886,2
3,15,0x000000020000002d,28,0,37161,0,19232,3099,11350,32447,0,170,0,883,2
3,15,0x0000000200000010,28,0,48572,0,19232,2505,11754,43358,0,170,0,921,2
3,15,0x00000002000000eb,30,0,40029,0,17808,1394,8580,30560,0,170,11,7365,2
3,15,0x00000002000000e8,30,0,35678,0,17808,1515,8659,27391,0,155,0,5734,2
3,15,0x00000002000000c3,30,0,36387,0,17808,1099,8552,29923,0,142,0,5753,2
3,58,0x0000000100000004,0,1,41024,26642,0,3154,0,35443,636,535,17,0,2
3,58,0x0000000100000008,3,1,3508,486,0,1507,0,826,767,78,10,0,2
3,58,0x000000010000000a,5,1,4767,2614,0,1110,0,2736,1373,268,16,0,2
3,58,0x000000010000000a,5,1,4541,2571,0,1173,0,2174,1342,254,0,0,2
3,58,0x000000010000000a,5,1,4456,2581,0,984,0,2941,1367,228,0,0,2
3,58,0x0000000100000020,23,1,4527,514,0,851,0,1601,1134,59,8,0,2
3,58,0x0000000100000014,11,1,11742,7667,0,2557,0,3002,2743,616,34,0,2
3,58,0x000000010000001f,22,1,113788,16433,0,22132,0,76247,6824,3729,8,0,2
3,58,0x0000000100000021,25,1,41337,19560,0,2677,0,2402,8987,969,15,0,2
3,58,0x0000000100000021,25,1,38177,19470,0,2581,0,1765,7229,870,0,0,2
3,58,0x0000000100000021,25,1,37847,19492,0,2222,0,1795,7595,767,0,0,2
3,58,0x0000000100000021,25,1,40555,19525,0,2861,0,2320,8601,755,0,0,2
3,58,0x0000000100000021,25,1,47909,19503,0,2125,0,3877,10674,755,0,0,2
3,58,0x0000000100000022,26,1,87239,20505,0,5147,0,22624,48162,2088,22,0,2
3,58,0x0000000100000022,26,1,87336,20514,0,5132,0,26283,46859,2017,0,0,2
3,58,0x0000000100000023,27,1,632295,19509,0,624349,0,5897,3404,105314,25,0,2
3,58,0x0000000100000024,31,1,65104,20563,0,1966,0,42830,807,479,13,0,2
3,58,0x0000000200000130,32,1,18696,7808,0,2335,0,13819,2737,206,15,0,2
3,58,0x0000000200000130,32,1,17092,7785,0,1896,0,13162,2422,205,0,0,2
3,58,0x0000000200000130,32,1,15753,7808,0,1927,0,12042,2142,198,0,0,2
3,59,0x0000000100000004,0,1,41760,26794,0,3078,0,36808,126,535,17,0,2
3,59,0x0000000100000008,3,1,3330,579,0,1459,0,803,542,78,10,0,2
3,59,0x000000010000000a,5,1,4948,2635,0,1088,0,2941,1349,268,16,0,2
3,59,0x000000010000000a,5,1,4680,2623,0,1207,0,2712,1359,254,0,0,2
3,59,0x000000010000000a,5,1,4550,2661,0,1032,0,3016,1372,228,0,0,2
3,59,0x0000000100000020,23,1,4336,514,0,873,0,1493,1145,59,8,0,2
3,59,0x0000000100000014,11,1,11776,7771,0,2639,0,3037,2623,631,37,0,2
3,59,0x000000010000001f,22,1,34157,4548,0,26056,0,0,6246,3300,8,0,2
3,59,0x000000010000001f,22,1,22174,4240,0,14574,0,0,6251,3279,0,0,2
3,59,0x0000000100000022,26,1,91571,20500,0,5530,0,29495,47378,2057,21,0,2
3,59,0x0000000100000022,26,1,92027,20572,0,5188,0,30459,47219,2010,0,0,2
3,59,0x0000000100000023,27,1,632480,19511,0,624409,0,3785,3628,105261,25,0,2
3,59,0x0000000100000024,31,1,66203,20579,0,1916,0,44330,848,483,12,0,2
3,59,0x0000000200000130,32,1,18611,7807,0,2313,0,13695,2845,214,15,0,2
3,59,0x0000000200000130,32,1,17092,7787,0,1824,0,12918,2685,220,0,0,2
3,59,0x0000000200000130,32,1,15993,7792,0,2270,0,12174,2025,205,0,0,2
3,19,0x0000000100000006,2,0,27453,0,23996,1565,7700,21278,0,287,18,298,2
3,19,0x0000000100000013,10,0,93312,0,34272,2880,54957,91337,0,1262,14,4059,2
3,19,0x0000000100000015,12,0,335457,0,117504,4287,170570,330159,0,2622,17,18130,2
3,19,0x0000000100000021,24,0,42096,0,20832,2718,17983,18345,0,699,35,19295,2
3,19,0x0000000100000021,24,0,40132,0,20832,2169,18008,16718,0,658,0,19886,2
3,19,0x0000000100000021,24,0,39700,0,20832,1720,18007,16970,0,632,0,19056,2
3,19,0x0000000100000021,24,0,42288,0,20832,2601,18013,18991,0,613,0,19676,2
3,19,0x0000000100000021,24,0,47932,0,20832,1722,17790,25482,0,613,0,20933,2
3,19,0x0000000200000074,28,0,35588,0,19232,2122,12346,28723,0,192,8,1410,2
3,19,0x0000000200000060,28,0,34410,0,19232,1206,12338,29161,0,178,0,886,2
3,19,0x0000000200000050,28,0,35837,0,19232,1788,12090,30374,0,170,0,897,2
3,19,0x000000020000003f,28,0,37056,0,19232,1440,12292,31099,0,170,0,926,2
3,19,0x000000020000002c,28,0,38282,0,19232,2672,12168,31989,0,170,0,881,2
3,19,0x000000020000000f,28,0,48246,0,19232,1504,10725,43809,0,170,0,880,2
3,19,0x00000002000000db,30,0,39228,0,17808,1770,8364,29430,0,170,11,7501,2
3,19,0x00000002000000d8,30,0,35267,0,17808,1243,8570,27284,0,150,0,5789,2
3,19,0x0000000200000121,30,0,37294,0,17808,1379,8519,30259,0,142,0,5720,2
3,66,0x0000000100000004,0,1,40614,26264,0,3198,0,34539,997,535,17,0,2
3,66,0x0000000100000008,3,1,3319,488,0,1071,0,895,892,78,10,0,2
3,66,0x000000010000000a,5,1,4940,2623,0,1331,0,2803,1329,268,16,0,2
3,66,0x000000010000000a,5,1,4648,2587,0,990,0,2902,1354,254,0,0,2
3,66,0x000000010000000a,5,1,4583,2627,0,1172,0,2916,1348,228,0,0,2
3,66,0x0000000100000014,11,1,12292,7769,0,2561,0,3104,3209,621,37,0,2
3,66,0x000000010000001f,22,1,32536,4894,0,28482,0,0,6530,3301,8,0,2
3,66,0x000000010000001f,22,1,22329,4240,0,15739,0,0,5657,3279,0,0,2
3,66,0x0000000100000021,25,1,40802,19499,0,3359,0,2759,8579,960,16,0,2
3,66,0x0000000100000021,25,1,37949,19492,0,2172,0,1993,8117,865,0,0,2
3,66,0x0000000100000021,25,1,38295,19514,0,2358,0,1600,8070,767,0,0,2
3,66,0x0000000100000021,25,1,40154,19478,0,2133,0,2136,7813,755,0,0,2
3,66,0x0000000100000021,25,1,46439,19458,0,2456,0,3981,7953,755,0,0,2
3,66,0x0000000100000022,26,1,101962,20532,0,5572,0,39580,46764,2074,23,0,2
3,66,0x0000000100000022,26,1,91518,20540,0,6325,0,28663,46655,2017,0,0,2
3,66,0x0000000100000023,27,1,632043,19470,0,624137,0,5660,3778,105265,25,0,2
3,66,0x0000000100000024,31,1,66150,20579,0,2209,0,43799,900,479,13,0,2
3,66,0x0000000200000130,32,1,18592,7808,0,2203,0,13898,2547,206,15,0,2
3,66,0x0000000200000130,32,1,17164,7799,0,2033,0,12901,2616,212,0,0,2
3,66,0x0000000200000130,32,1,15639,7780,0,1870,0,11887,2343,205,0,0,2
3,67,0x0000000100000004,0,1,40536,26204,0,3176,0,34763,1207,535,17,0,2
3,67,0x0000000100000008,3,1,3199,487,0,940,0,853,966,78,10,0,2
3,67,0x000000010000000a,5,1,5184,2652,0,1294,0,3152,1344,268,16,0,2
3,67,0x000000010000000a,5,1,4555,2624,0,978,0,2974,1377,254,0,0,2
3,67,0x000000010000000a,5,1,4696,2674,0,1176,0,3025,1359,228,0,0,2
3,67,0x0000000100000014,11,1,11955,7713,0,2408,0,3008,3027,621,37,0,2
3,67,0x000000010000001f,22,1,120914,16950,0,20911,0,85545,6074,3815,8,0,2
3,67,0x0000000100000022,26,1,99928,20563,0,5692,0,36206,48300,2070,23,0,2
3,67,0x0000000100000022,26,1,92803,20526,0,5633,0,31528,46638,2010,0,0,2
3,67,0x0000000100000023,27,1,632096,19469,0,624187,0,4711,3479,105277,25,0,2
3,67,0x0000000100000024,31,1,63547,20560,0,2075,0,41149,899,484,13,0,2
3,67,0x0000000200000130,32,1,17996,7808,0,1933,0,13598,2770,213,15,0,2
3,67,0x0000000200000130,32,1,16950,7787,0,2124,0,12827,2597,219,0,0,2
3,67,0x0000000200000130,32,1,15700,7808,0,1745,0,11567,2537,205,0,0,2
3,23,0x0000000100000006,2,0,27237,0,23996,1550,6303,15075,0,287,18,421,2
3,23,0x0000000100000013,10,0,94166,0,34272,2989,55388,92197,0,1262,14,3407,2
3,23,0x0000000100000015,12,0,334815,0,117504,4550,170464,329947,0,2610,17,16646,2
3,23,0x0000000100000021,24,0,43553,0,20832,3380,17990,18263,0,699,35,19767,2
3,23,0x0000000100000021,24,0,39736,0,20832,2082,17910,16613,0,658,0,19572,2
3,23,0x0000000100000021,24,0,39765,0,20832,1760,17964,16826,0,632,0,19651,2
3,23,0x0000000100000021,24,0,41721,0,20832,1999,17880,18988,0,613,0,19414,2
3,23,0x0000000100000021,24,0,45185,0,20832,1717,17844,22905,0,613,0,21490,2
3,23,0x0000000200000073,28,0,36231,0,19232,2191,12231,28430,0,192,8,1347,2
3,23,0x000000020000005f,28,0,37760,0,19232,1481,11451,33522,0,178,0,893,2
3,23,0x000000020000004f,28,0,35089,0,19232,1728,12230,29686,0,170,0,877,2
3,23,0x000000020000003e,28,0,36803,0,19232,1577,12042,31816,0,170,0,887,2
3,23,0x000000020000002b,28,0,37877,0,19232,2340,12105,32438,0,170,0,884,2
3,23,0x000000020000000e,28,0,48490,0,19232,1444,11603,43978,0,170,0,857,2
3,23,0x00000002000000cb,30,0,38521,0,17808,1366,8380,28601,0,170,11,7555,2
3,23,0x00000002000000c8,30,0,35322,0,17808,1393,8519,27850,0,150,0,5694,2
3,23,0x00000002000000d4,30,0,35423,0,17808,1465,8573,27314,0,142,0,5703,2
3,23,0x00000002000000c1,30,0,36733,0,17808,1159,8571,28105,0,141,0,5754,2
3,74,0x0000000100000004,0,1,40983,26589,0,3166,0,34915,567,535,17,0,2
3,74,0x0000000100000008,3,1,2680,582,0,921,0,658,567,78,10,0,2
3,74,0x000000010000000a,5,1,4929,2595,0,1261,0,2692,1359,268,16,0,2
3,74,0x000000010000000a,5,1,4098,2567,0,978,0,2433,1352,254,0,0,2
3,74,0x000000010000000a,5,1,4308,2558,0,1151,0,2418,1350,228,0,0,2
3,74,0x0000000100000014,11,1,11592,7735,0,2247,0,2986,2882,623,35,0,2
3,74,0x000000010000001f,22,1,39573,4758,0,37810,0,0,6810,3319,8,0,2
3,74,0x000000010000001f,22,1,112888,20844,0,22213,0,76692,5422,4299,0,0,2
3,74,0x0000000100000021,25,1,42006,19503,0,4349,0,2147,9039,967,15,0,2
3,74,0x0000000100000021,25,1,37583,19525,0,2167,0,1579,7913,867,0,0,2
3,74,0x0000000100000021,25,1,38231,19470,0,2337,0,1754,7570,766,0,0,2
3,74,0x0000000100000021,25,1,39566,19470,0,2123,0,2362,8920,755,0,0,2
3,74,0x0000000100000021,25,1,43644,19492,0,2311,0,3260,10829,755,0,0,2
3,74,0x0000000100000022,26,1,92328,20549,0,5488,0,28865,47833,2093,23,0,2
3,74,0x0000000100000022,26,1,86970,20482,0,5411,0,26121,46474,2017,0,0,2
3,74,0x0000000100000023,27,1,632052,19520,0,624159,0,5388,3482,105273,25,0,2
3,74,0x0000000100000024,31,1,66552,20845,0,2879,0,43242,769,477,13,0,2
3,74,0x0000000200000130,32,1,18291,7808,0,2916,0,13757,2708,206,15,0,2
3,74,0x0000000200000130,32,1,16811,7808,0,1978,0,12165,2730,204,0,0,2
3,74,0x0000000200000130,32,1,15321,7759,0,1633,0,10056,2025,198,0,0,2
3,75,0x0000000100000004,0,1,40828,26791,0,3152,0,35769,799,535,17,0,2
3,75,0x0000000100000008,3,1,2514,503,0,1058,0,711,445,77,9,0,2
3,75,0x000000010000000a,5,1,5131,2642,0,1265,0,2759,1349,269,16,0,2
3,75,0x000000010000000a,5,1,4229,2656,0,973,0,2639,1343,255,0,0,2
3,75,0x000000010000000a,5,1,4422,2678,0,1153,0,2532,1349,228,0,0,2
3,75,0x0000000100000014,11,1,11719,7684,0,2176,0,3196,3037,625,37,0,2
3,75,0x000000010000001f,22,1,35863,4627,0,30164,0,0,7110,3319,8,0,2
3,75,0x000000010000001f,22,1,21382,4240,0,14693,0,0,5525,3279,0,0,2
3,75,0x0000000100000022,26,1,94581,20544,0,5513,0,31120,47246,2068,21,0,2
3,75,0x0000000100000022,26,1,85597,20510,0,5139,0,24861,46755,2010,0,0,2
3,75,0x0000000100000023,27,1,632477,19500,0,624548,0,3968,3848,105261,25,0,2
3,75,0x0000000100000024,31,1,61371,20544,0,1833,0,39382,836,476,12,0,2
3,75,0x0000000200000130,32,1,18446,7808,0,3113,0,13922,2518,214,15,0,2
3,75,0x0000000200000130,32,1,16259,7794,0,1550,0,12258,2577,213,0,0,2
3,27,0x0000000100000006,2,0,26931,0,23996,1243,6306,15500,0,280,18,477,2
3,27,0x0000000100000013,10,0,94528,0,34272,4058,55301,91389,0,1262,14,4130,2
3,27,0x0000000100000015,12,0,333826,0,117504,4146,171628,330010,0,2627,17,17042,2
3,27,0x0000000100000021,24,0,43683,0,20832,3033,17952,18752,0,693,34,20293,2
3,27,0x0000000100000021,24,0,40206,0,20832,1982,17893,16283,0,650,0,19684,2
3,27,0x0000000100000021,24,0,39916,0,20832,1925,17999,16658,0,624,0,19970,2
3,27,0x0000000100000021,24,0,41357,0,20832,1784,17895,18990,0,613,0,20146,2
3,27,0x0000000100000021,24,0,46993,0,20832,2019,17876,24364,0,613,0,21465,2
3,27,0x0000000200000072,28,0,35589,0,19232,1577,12067,29090,0,199,8,1378,2
3,27,0x000000020000005e,28,0,37915,0,19232,1994,11433,32925,0,178,0,903,2
3,27,0x000000020000004e,28,0,35797,0,19232,1781,12126,29455,0,170,0,890,2
3,27,0x000000020000003d,28,0,36650,0,19232,1651,11307,32331,0,170,0,920,2
3,27,0x000000020000002a,28,0,37318,0,19232,1673,11529,32752,0,170,0,902,2
3,27,0x000000020000000d,28,0,48305,0,19232,3904,10597,43167,0,170,0,885,2
3,27,0x000000020000012a,30,0,39060,0,17808,1959,8806,30243,0,170,11,7596,2
3,27,0x0000000200000126,30,0,35311,0,17808,1558,8497,27557,0,150,0,5685,2
3,27,0x00000002000000c4,30,0,34928,0,17808,1203,8682,26956,0,142,0,5793,2
3,27,0x0000000200000120,30,0,40390,0,17808,4838,8619,28623,0,141,0,5698,2
3,82,0x0000000100000004,0,1,40654,26573,0,3221,0,35429,693,535,17,0,2
3,82,0x0000000100000008,3,1,2667,485,0,922,0,711,578,78,10,0,2
3,82,0x000000010000000a,5,1,4996,2607,0,1247,0,2735,1387,269,16,0,2
3,82,0x000000010000000a,5,1,4045,2602,0,971,0,2474,1372,255,0,0,2
3,82,0x000000010000000a,5,1,4303,2584,0,1133,0,2370,1390,228,0,0,2
3,82,0x0000000100000014,11,1,10992,7732,0,1987,0,2995,2691,625,37,0,2
3,82,0x000000010000001f,22,1,125911,17645,0,22259,0,89013,6025,3916,8,0,2
3,82,0x0000000100000021,25,1,41400,19492,0,3403,0,2947,8916,960,16,0,2
3,82,0x0000000100000021,25,1,38555,19492,0,2604,0,1351,8541,867,0,0,2
3,82,0x0000000100000021,25,1,37646,19470,0,2268,0,1687,7674,767,0,0,2
3,82,0x0000000100000021,25,1,39647,19504,0,2915,0,1917,7753,755,0,0,2
3,82,0x0000000100000021,25,1,44769,19568,0,2107,0,5268,10414,755,0,0,2
3,82,0x0000000100000022,26,1,94122,20561,0,5592,0,30798,47106,2099,22,0,2
3,82,0x0000000100000022,26,1,87036,20499,0,5141,0,25819,47333,2017,0,0,2
3,82,0x0000000100000023,27,1,632398,19684,0,624382,0,5297,3590,105281,25,0,2
3,82,0x0000000100000024,31,1,65520,20563,0,1892,0,43532,839,475,16,0,2
3,82,0x0000000200000130,32,1,18296,7808,0,2896,0,13528,2769,206,15,0,2
3,82,0x0000000200000130,32,1,14207,7808,0,1813,0,9896,2161,204,0,0,2
3,82,0x0000000200000130,32,1,16383,7773,0,1768,0,11751,2143,198,0,0,2
3,83,0x0000000100000004,0,1,40939,26411,0,3220,0,35713,111,535,17,0,2
3,83,0x0000000100000008,3,1,2667,488,0,899,0,906,403,78,10,0,2
3,83,0x000000010000000a,5,1,5145,2616,0,1338,0,2948,1368,268,16,0,2
3,83,0x000000010000000a,5,1,4250,2617,0,1172,0,2576,1359,254,0,0,2
3,83,0x000000010000000a,5,1,5198,2654,0,1129,0,3226,1370,228,0,0,2
3,83,0x0000000100000014,11,1,11002,7724,0,1885,0,3031,2653,629,35,0,2
3,83,0x000000010000001f,22,1,33007,4449,0,27110,0,0,6321,3313,8,0,2
3,83,0x000000010000001f,22,1,24726,4240,0,17622,0,0,6516,3279,0,0,2
3,83,0x0000000100000022,26,1,92433,20523,0,5473,0,28232,48123,2069,22,0,2
3,83,0x0000000100000022,26,1,94501,20540,0,6251,0,31957,46923,2010,0,0,2
3,83,0x0000000100000023,27,1,632567,19527,0,624613,0,3920,3504,105253,25,0,2
3,83,0x0000000100000024,31,1,67235,20721,0,1962,0,45186,805,473,14,0,2
3,83,0x0000000200000130,32,1,18122,7808,0,2708,0,13356,2780,214,15,0,2
3,83,0x0000000200000130,32,1,14934,7801,0,1570,0,10342,1966,213,0,0,2
3,83,0x0000000200000130,32,1,17236,7780,0,2383,0,12070,2110,198,0,0,2
